2025-11-22 16:33:54.135 | INFO     | __main__:main:12 - 🚀 Iniciando servicio Watcher Agent desde main.py
2025-11-22 16:33:54.137 | INFO     | src.agents.watcher_agent:run:79 - Watcher Agent iniciado
2025-11-22 16:33:54.138 | INFO     | src.agents.watcher_agent:run:88 - 🌀 Ciclo #1 de monitoreo iniciado
2025-11-22 16:33:56.017 | INFO     | src.agents.watcher_agent:_check_new_emails:133 - 🔍 Inicio de consulta: se encontraron 5 correo(s) candidato(s) con asunto 'Expediente Docente'.
2025-11-22 16:33:56.018 | INFO     | src.agents.watcher_agent:_check_new_emails:142 - ✅ Fin de consulta: se procesaron 0 correo(s) con expediente docente de un total de 5 candidato(s).
2025-11-22 16:33:56.019 | INFO     | src.agents.watcher_agent:run:100 - 📊 Resumen ciclo #1: 0 correo(s) procesado(s) en esta consulta.
2025-11-22 16:33:56.579 | INFO     | src.agents.watcher_agent:run:107 - ⏱ El Watcher volverá a ejecutarse automáticamente en 60 segundos...
2025-11-22 16:34:56.581 | INFO     | src.agents.watcher_agent:run:88 - 🌀 Ciclo #2 de monitoreo iniciado
2025-11-22 16:34:58.325 | INFO     | src.agents.watcher_agent:_check_new_emails:133 - 🔍 Inicio de consulta: se encontraron 5 correo(s) candidato(s) con asunto 'Expediente Docente'.
2025-11-22 16:34:58.326 | INFO     | src.agents.watcher_agent:_check_new_emails:142 - ✅ Fin de consulta: se procesaron 0 correo(s) con expediente docente de un total de 5 candidato(s).
2025-11-22 16:34:58.326 | INFO     | src.agents.watcher_agent:run:100 - 📊 Resumen ciclo #2: 0 correo(s) procesado(s) en esta consulta.
2025-11-22 16:34:59.056 | INFO     | src.agents.watcher_agent:run:107 - ⏱ El Watcher volverá a ejecutarse automáticamente en 60 segundos...
2025-11-22 16:35:07.061 | INFO     | src.agents.watcher_agent:run:114 - Watcher Agent detenido por el usuario (KeyboardInterrupt)
2025-11-22 16:41:03.837 | INFO     | __main__:main:12 - 🚀 Iniciando servicio Watcher Agent desde main.py
2025-11-22 16:41:03.846 | INFO     | src.agents.watcher_agent:run:79 - Watcher Agent iniciado
2025-11-22 16:41:03.847 | INFO     | src.agents.watcher_agent:run:88 - 🌀 Ciclo #1 de monitoreo iniciado
2025-11-22 16:41:05.555 | INFO     | src.agents.watcher_agent:_check_new_emails:133 - 🔍 Inicio de consulta: se encontraron 5 correo(s) candidato(s) con asunto 'Expediente Docente'.
2025-11-22 16:41:05.555 | INFO     | src.agents.watcher_agent:_check_new_emails:142 - ✅ Fin de consulta: se procesaron 0 correo(s) con expediente docente de un total de 5 candidato(s).
2025-11-22 16:41:05.556 | INFO     | src.agents.watcher_agent:run:100 - 📊 Resumen ciclo #1: 0 correo(s) procesado(s) en esta consulta.
2025-11-22 16:41:06.064 | INFO     | src.agents.watcher_agent:run:107 - ⏱ El Watcher volverá a ejecutarse automáticamente en 60 segundos...
2025-11-22 16:41:43.464 | INFO     | src.agents.watcher_agent:run:114 - Watcher Agent detenido por el usuario (KeyboardInterrupt)
2025-11-22 16:49:40.124 | INFO     | __main__:main:12 - 🚀 Iniciando servicio Watcher Agent desde main.py
2025-11-22 16:49:40.126 | INFO     | src.agents.watcher_agent:run:79 - Watcher Agent iniciado
2025-11-22 16:49:40.126 | INFO     | src.agents.watcher_agent:run:88 - 🌀 Ciclo #1 de monitoreo iniciado
2025-11-22 16:49:41.581 | INFO     | src.agents.watcher_agent:_check_new_emails:133 - 🔍 Inicio de consulta: se encontraron 5 correo(s) candidato(s) con asunto 'Expediente Docente'.
2025-11-22 16:49:41.582 | INFO     | src.agents.watcher_agent:_process_email:224 - 🚚 Iniciando procesamiento para UID %s
2025-11-22 16:49:41.582 | INFO     | src.agents.watcher_agent:_process_email:227 - UID %s ya procesado previamente, se omite
2025-11-22 16:49:41.583 | INFO     | src.agents.watcher_agent:_process_email:224 - 🚚 Iniciando procesamiento para UID %s
2025-11-22 16:49:41.583 | INFO     | src.agents.watcher_agent:_process_email:227 - UID %s ya procesado previamente, se omite
2025-11-22 16:49:41.584 | INFO     | src.agents.watcher_agent:_process_email:224 - 🚚 Iniciando procesamiento para UID %s
2025-11-22 16:49:41.584 | INFO     | src.agents.watcher_agent:_process_email:227 - UID %s ya procesado previamente, se omite
2025-11-22 16:49:41.584 | INFO     | src.agents.watcher_agent:_process_email:224 - 🚚 Iniciando procesamiento para UID %s
2025-11-22 16:49:41.585 | INFO     | src.agents.watcher_agent:_process_email:227 - UID %s ya procesado previamente, se omite
2025-11-22 16:49:41.585 | INFO     | src.agents.watcher_agent:_process_email:224 - 🚚 Iniciando procesamiento para UID %s
2025-11-22 16:49:41.586 | INFO     | src.agents.watcher_agent:_process_email:227 - UID %s ya procesado previamente, se omite
2025-11-22 16:49:41.586 | INFO     | src.agents.watcher_agent:_check_new_emails:142 - ✅ Fin de consulta: se procesaron 0 correo(s) con expediente docente de un total de 5 candidato(s).
2025-11-22 16:49:41.587 | INFO     | src.agents.watcher_agent:run:100 - 📊 Resumen ciclo #1: 0 correo(s) procesado(s) en esta consulta.
2025-11-22 16:49:42.023 | INFO     | src.agents.watcher_agent:run:107 - ⏱ El Watcher volverá a ejecutarse automáticamente en 60 segundos...
2025-11-22 16:50:42.024 | INFO     | src.agents.watcher_agent:run:88 - 🌀 Ciclo #2 de monitoreo iniciado
2025-11-22 16:50:43.871 | INFO     | src.agents.watcher_agent:_check_new_emails:133 - 🔍 Inicio de consulta: se encontraron 5 correo(s) candidato(s) con asunto 'Expediente Docente'.
2025-11-22 16:50:43.872 | INFO     | src.agents.watcher_agent:_process_email:224 - 🚚 Iniciando procesamiento para UID %s
2025-11-22 16:50:43.873 | INFO     | src.agents.watcher_agent:_process_email:227 - UID %s ya procesado previamente, se omite
2025-11-22 16:50:43.873 | INFO     | src.agents.watcher_agent:_process_email:224 - 🚚 Iniciando procesamiento para UID %s
2025-11-22 16:50:43.874 | INFO     | src.agents.watcher_agent:_process_email:227 - UID %s ya procesado previamente, se omite
2025-11-22 16:50:43.874 | INFO     | src.agents.watcher_agent:_process_email:224 - 🚚 Iniciando procesamiento para UID %s
2025-11-22 16:50:43.875 | INFO     | src.agents.watcher_agent:_process_email:227 - UID %s ya procesado previamente, se omite
2025-11-22 16:50:43.875 | INFO     | src.agents.watcher_agent:_process_email:224 - 🚚 Iniciando procesamiento para UID %s
2025-11-22 16:50:43.876 | INFO     | src.agents.watcher_agent:_process_email:227 - UID %s ya procesado previamente, se omite
2025-11-22 16:50:43.876 | INFO     | src.agents.watcher_agent:_process_email:224 - 🚚 Iniciando procesamiento para UID %s
2025-11-22 16:50:43.877 | INFO     | src.agents.watcher_agent:_process_email:227 - UID %s ya procesado previamente, se omite
2025-11-22 16:50:43.877 | INFO     | src.agents.watcher_agent:_check_new_emails:142 - ✅ Fin de consulta: se procesaron 0 correo(s) con expediente docente de un total de 5 candidato(s).
2025-11-22 16:50:43.878 | INFO     | src.agents.watcher_agent:run:100 - 📊 Resumen ciclo #2: 0 correo(s) procesado(s) en esta consulta.
2025-11-22 16:50:44.402 | INFO     | src.agents.watcher_agent:run:107 - ⏱ El Watcher volverá a ejecutarse automáticamente en 60 segundos...
2025-11-22 16:51:17.924 | INFO     | src.agents.watcher_agent:run:114 - Watcher Agent detenido por el usuario (KeyboardInterrupt)
2025-11-22 17:02:33.179 | INFO     | __main__:main:12 - 🚀 Iniciando servicio Watcher Agent desde main.py
2025-11-22 17:02:33.180 | INFO     | src.agents.watcher_agent:run:79 - Watcher Agent iniciado
2025-11-22 17:02:33.181 | INFO     | src.agents.watcher_agent:run:88 - 🌀 Ciclo #1 de monitoreo iniciado
2025-11-22 17:02:34.956 | INFO     | src.agents.watcher_agent:_check_new_emails:133 - 🔍 Inicio de consulta: se encontraron 5 correo(s) candidato(s) con asunto 'Expediente Docente'.
2025-11-22 17:02:34.958 | INFO     | src.agents.watcher_agent:_process_email:224 - 🚚 Iniciando procesamiento para UID 10481
2025-11-22 17:02:34.959 | INFO     | src.agents.watcher_agent:_process_email:227 - UID 10481 ya procesado previamente, se omite
2025-11-22 17:02:34.960 | INFO     | src.agents.watcher_agent:_process_email:224 - 🚚 Iniciando procesamiento para UID 10536
2025-11-22 17:02:34.960 | INFO     | src.agents.watcher_agent:_process_email:227 - UID 10536 ya procesado previamente, se omite
2025-11-22 17:02:34.961 | INFO     | src.agents.watcher_agent:_process_email:224 - 🚚 Iniciando procesamiento para UID 10537
2025-11-22 17:02:34.963 | INFO     | src.agents.watcher_agent:_process_email:227 - UID 10537 ya procesado previamente, se omite
2025-11-22 17:02:34.963 | INFO     | src.agents.watcher_agent:_process_email:224 - 🚚 Iniciando procesamiento para UID 10538
2025-11-22 17:02:34.964 | INFO     | src.agents.watcher_agent:_process_email:227 - UID 10538 ya procesado previamente, se omite
2025-11-22 17:02:34.964 | INFO     | src.agents.watcher_agent:_process_email:224 - 🚚 Iniciando procesamiento para UID 10552
2025-11-22 17:02:34.965 | INFO     | src.agents.watcher_agent:_process_email:227 - UID 10552 ya procesado previamente, se omite
2025-11-22 17:02:34.966 | INFO     | src.agents.watcher_agent:_check_new_emails:142 - ✅ Fin de consulta: se procesaron 0 correo(s) con expediente docente de un total de 5 candidato(s).
2025-11-22 17:02:34.966 | INFO     | src.agents.watcher_agent:run:100 - 📊 Resumen ciclo #1: 0 correo(s) procesado(s) en esta consulta.
2025-11-22 17:02:35.501 | INFO     | src.agents.watcher_agent:run:107 - ⏱ El Watcher volverá a ejecutarse automáticamente en 60 segundos...
2025-11-22 17:03:11.350 | INFO     | src.agents.watcher_agent:run:114 - Watcher Agent detenido por el usuario (KeyboardInterrupt)
2025-11-22 17:09:44.652 | INFO     | __main__:main:12 - 🚀 Iniciando servicio Watcher Agent desde main.py
2025-11-22 17:09:44.654 | INFO     | src.agents.watcher_agent:run:79 - Watcher Agent iniciado
2025-11-22 17:09:44.654 | INFO     | src.agents.watcher_agent:run:88 - 🌀 Ciclo #1 de monitoreo iniciado
2025-11-22 17:09:46.424 | INFO     | src.agents.watcher_agent:_check_new_emails:133 - 🔍 Inicio de consulta: se encontraron 5 correo(s) candidato(s) con asunto 'Expediente Docente'.
2025-11-22 17:09:46.425 | INFO     | src.agents.watcher_agent:_process_email:224 - 🚚 Iniciando procesamiento para UID 10481
2025-11-22 17:09:46.425 | INFO     | src.agents.watcher_agent:_process_email:227 - UID 10481 ya procesado previamente, se omite
2025-11-22 17:09:46.426 | INFO     | src.agents.watcher_agent:_process_email:224 - 🚚 Iniciando procesamiento para UID 10536
2025-11-22 17:09:46.426 | INFO     | src.agents.watcher_agent:_process_email:227 - UID 10536 ya procesado previamente, se omite
2025-11-22 17:09:46.427 | INFO     | src.agents.watcher_agent:_process_email:224 - 🚚 Iniciando procesamiento para UID 10537
2025-11-22 17:09:46.427 | INFO     | src.agents.watcher_agent:_process_email:227 - UID 10537 ya procesado previamente, se omite
2025-11-22 17:09:46.428 | INFO     | src.agents.watcher_agent:_process_email:224 - 🚚 Iniciando procesamiento para UID 10538
2025-11-22 17:09:46.428 | INFO     | src.agents.watcher_agent:_process_email:227 - UID 10538 ya procesado previamente, se omite
2025-11-22 17:09:46.428 | INFO     | src.agents.watcher_agent:_process_email:224 - 🚚 Iniciando procesamiento para UID 10552
2025-11-22 17:09:46.429 | INFO     | src.agents.watcher_agent:_process_email:227 - UID 10552 ya procesado previamente, se omite
2025-11-22 17:09:46.429 | INFO     | src.agents.watcher_agent:_check_new_emails:142 - ✅ Fin de consulta: se procesaron 0 correo(s) con expediente docente de un total de 5 candidato(s).
2025-11-22 17:09:46.430 | INFO     | src.agents.watcher_agent:run:100 - 📊 Resumen ciclo #1: 0 correo(s) procesado(s) en esta consulta.
2025-11-22 17:09:46.905 | INFO     | src.agents.watcher_agent:run:107 - ⏱ El Watcher volverá a ejecutarse automáticamente en 60 segundos...
2025-11-22 17:10:07.086 | INFO     | src.agents.watcher_agent:run:114 - Watcher Agent detenido por el usuario (KeyboardInterrupt)
2025-11-22 17:10:54.008 | INFO     | __main__:main:12 - 🚀 Iniciando servicio Watcher Agent desde main.py
2025-11-22 17:10:54.009 | WARNING  | src.agents.watcher_agent:_load_processed_uids:417 - El archivo de UIDs está corrupto, se reiniciará
2025-11-22 17:10:54.010 | INFO     | src.agents.watcher_agent:run:79 - Watcher Agent iniciado
2025-11-22 17:10:54.011 | INFO     | src.agents.watcher_agent:run:88 - 🌀 Ciclo #1 de monitoreo iniciado
2025-11-22 17:10:55.862 | INFO     | src.agents.watcher_agent:_check_new_emails:133 - 🔍 Inicio de consulta: se encontraron 5 correo(s) candidato(s) con asunto 'Expediente Docente'.
2025-11-22 17:10:55.863 | INFO     | src.agents.watcher_agent:_process_email:224 - 🚚 Iniciando procesamiento para UID 10481
2025-11-22 17:10:56.810 | INFO     | src.agents.watcher_agent:_process_email:248 - UID=10481 Subject='Expediente Docente - Test 1'
2025-11-22 17:10:56.812 | INFO     | src.agents.watcher_agent:_process_email:261 - Carpeta destino para UID 10481: /home/genghis/Documents/Uneg/agente-inteligente-expedientes/data/input/Test_1
2025-11-22 17:10:56.815 | INFO     | src.agents.watcher_agent:_process_email:265 - Cuerpo guardado en info_mail_Test_1.txt
2025-11-22 17:10:56.822 | INFO     | src.agents.watcher_agent:_process_email:268 - Adjuntos guardados para UID 10481: 1 archivo(s)
2025-11-22 17:10:57.125 | SUCCESS  | src.agents.watcher_agent:_process_email:278 - Procesado UID 10481: 1 adjunto(s) guardado(s) en /home/genghis/Documents/Uneg/agente-inteligente-expedientes/data/input/Test_1
2025-11-22 17:10:57.126 | INFO     | src.agents.watcher_agent:_process_email:224 - 🚚 Iniciando procesamiento para UID 10536
2025-11-22 17:10:57.654 | INFO     | src.agents.watcher_agent:_process_email:248 - UID=10536 Subject='Expediente Docente - Testeo 5'
2025-11-22 17:10:57.655 | INFO     | src.agents.watcher_agent:_process_email:261 - Carpeta destino para UID 10536: /home/genghis/Documents/Uneg/agente-inteligente-expedientes/data/input/Testeo_5
2025-11-22 17:10:57.659 | INFO     | src.agents.watcher_agent:_process_email:265 - Cuerpo guardado en info_mail_Testeo_5.txt
2025-11-22 17:10:57.665 | INFO     | src.agents.watcher_agent:_process_email:268 - Adjuntos guardados para UID 10536: 1 archivo(s)
2025-11-22 17:10:57.906 | SUCCESS  | src.agents.watcher_agent:_process_email:278 - Procesado UID 10536: 1 adjunto(s) guardado(s) en /home/genghis/Documents/Uneg/agente-inteligente-expedientes/data/input/Testeo_5
2025-11-22 17:10:57.907 | INFO     | src.agents.watcher_agent:_process_email:224 - 🚚 Iniciando procesamiento para UID 10537
2025-11-22 17:10:58.895 | INFO     | src.agents.watcher_agent:_process_email:248 - UID=10537 Subject='Expediente Docente'
2025-11-22 17:10:58.896 | INFO     | src.agents.watcher_agent:_process_email:261 - Carpeta destino para UID 10537: /home/genghis/Documents/Uneg/agente-inteligente-expedientes/data/input/Expediente_SinNombre_UID10537
2025-11-22 17:10:58.901 | INFO     | src.agents.watcher_agent:_process_email:265 - Cuerpo guardado en info_mail_UID10537.txt
2025-11-22 17:10:58.933 | INFO     | src.agents.watcher_agent:_process_email:268 - Adjuntos guardados para UID 10537: 1 archivo(s)
2025-11-22 17:10:59.174 | SUCCESS  | src.agents.watcher_agent:_process_email:278 - Procesado UID 10537: 1 adjunto(s) guardado(s) en /home/genghis/Documents/Uneg/agente-inteligente-expedientes/data/input/Expediente_SinNombre_UID10537
2025-11-22 17:10:59.176 | INFO     | src.agents.watcher_agent:_process_email:224 - 🚚 Iniciando procesamiento para UID 10538
2025-11-22 17:10:59.655 | INFO     | src.agents.watcher_agent:_process_email:248 - UID=10538 Subject='expediente docente'
2025-11-22 17:10:59.656 | INFO     | src.agents.watcher_agent:_process_email:261 - Carpeta destino para UID 10538: /home/genghis/Documents/Uneg/agente-inteligente-expedientes/data/input/Expediente_SinNombre_UID10538
2025-11-22 17:10:59.663 | INFO     | src.agents.watcher_agent:_process_email:265 - Cuerpo guardado en info_mail_UID10538.txt
2025-11-22 17:10:59.672 | INFO     | src.agents.watcher_agent:_process_email:268 - Adjuntos guardados para UID 10538: 1 archivo(s)
2025-11-22 17:10:59.913 | SUCCESS  | src.agents.watcher_agent:_process_email:278 - Procesado UID 10538: 1 adjunto(s) guardado(s) en /home/genghis/Documents/Uneg/agente-inteligente-expedientes/data/input/Expediente_SinNombre_UID10538
2025-11-22 17:10:59.914 | INFO     | src.agents.watcher_agent:_process_email:224 - 🚚 Iniciando procesamiento para UID 10552
2025-11-22 17:11:00.456 | INFO     | src.agents.watcher_agent:_process_email:248 - UID=10552 Subject='Expediente Docente – Pedro Perez Testing'
2025-11-22 17:11:00.458 | INFO     | src.agents.watcher_agent:_process_email:261 - Carpeta destino para UID 10552: /home/genghis/Documents/Uneg/agente-inteligente-expedientes/data/input/Expediente_SinNombre_UID10552
2025-11-22 17:11:00.462 | INFO     | src.agents.watcher_agent:_process_email:265 - Cuerpo guardado en info_mail_UID10552.txt
2025-11-22 17:11:00.471 | INFO     | src.agents.watcher_agent:_process_email:268 - Adjuntos guardados para UID 10552: 2 archivo(s)
2025-11-22 17:11:00.723 | SUCCESS  | src.agents.watcher_agent:_process_email:278 - Procesado UID 10552: 2 adjunto(s) guardado(s) en /home/genghis/Documents/Uneg/agente-inteligente-expedientes/data/input/Expediente_SinNombre_UID10552
2025-11-22 17:11:00.724 | INFO     | src.agents.watcher_agent:_check_new_emails:142 - ✅ Fin de consulta: se procesaron 5 correo(s) con expediente docente de un total de 5 candidato(s).
2025-11-22 17:11:00.725 | INFO     | src.agents.watcher_agent:run:100 - 📊 Resumen ciclo #1: 5 correo(s) procesado(s) en esta consulta.
2025-11-22 17:11:01.264 | INFO     | src.agents.watcher_agent:run:107 - ⏱ El Watcher volverá a ejecutarse automáticamente en 60 segundos...
2025-11-22 17:12:01.265 | INFO     | src.agents.watcher_agent:run:88 - 🌀 Ciclo #2 de monitoreo iniciado
2025-11-22 17:12:03.378 | INFO     | src.agents.watcher_agent:_check_new_emails:133 - 🔍 Inicio de consulta: se encontraron 5 correo(s) candidato(s) con asunto 'Expediente Docente'.
2025-11-22 17:12:03.379 | INFO     | src.agents.watcher_agent:_process_email:224 - 🚚 Iniciando procesamiento para UID 10481
2025-11-22 17:12:03.380 | INFO     | src.agents.watcher_agent:_process_email:227 - UID 10481 ya procesado previamente, se omite
2025-11-22 17:12:03.380 | INFO     | src.agents.watcher_agent:_process_email:224 - 🚚 Iniciando procesamiento para UID 10536
2025-11-22 17:12:03.381 | INFO     | src.agents.watcher_agent:_process_email:227 - UID 10536 ya procesado previamente, se omite
2025-11-22 17:12:03.381 | INFO     | src.agents.watcher_agent:_process_email:224 - 🚚 Iniciando procesamiento para UID 10537
2025-11-22 17:12:03.381 | INFO     | src.agents.watcher_agent:_process_email:227 - UID 10537 ya procesado previamente, se omite
2025-11-22 17:12:03.382 | INFO     | src.agents.watcher_agent:_process_email:224 - 🚚 Iniciando procesamiento para UID 10538
2025-11-22 17:12:03.382 | INFO     | src.agents.watcher_agent:_process_email:227 - UID 10538 ya procesado previamente, se omite
2025-11-22 17:12:03.383 | INFO     | src.agents.watcher_agent:_process_email:224 - 🚚 Iniciando procesamiento para UID 10552
2025-11-22 17:12:03.383 | INFO     | src.agents.watcher_agent:_process_email:227 - UID 10552 ya procesado previamente, se omite
2025-11-22 17:12:03.384 | INFO     | src.agents.watcher_agent:_check_new_emails:142 - ✅ Fin de consulta: se procesaron 0 correo(s) con expediente docente de un total de 5 candidato(s).
2025-11-22 17:12:03.384 | INFO     | src.agents.watcher_agent:run:100 - 📊 Resumen ciclo #2: 0 correo(s) procesado(s) en esta consulta.
2025-11-22 17:12:03.886 | INFO     | src.agents.watcher_agent:run:107 - ⏱ El Watcher volverá a ejecutarse automáticamente en 60 segundos...
2025-11-22 17:12:35.784 | INFO     | src.agents.watcher_agent:run:114 - Watcher Agent detenido por el usuario (KeyboardInterrupt)
2025-11-22 17:21:00.376 | INFO     | __main__:main:12 - 🚀 Iniciando servicio Watcher Agent desde main.py
2025-11-22 17:21:00.377 | WARNING  | src.agents.watcher_agent:_load_processed_uids:435 - El archivo de UIDs está corrupto, se reiniciará
2025-11-22 17:21:00.378 | INFO     | src.agents.watcher_agent:run:79 - Watcher Agent iniciado
2025-11-22 17:21:00.379 | INFO     | src.agents.watcher_agent:run:88 - 🌀 Ciclo #1 de monitoreo iniciado
2025-11-22 17:21:02.502 | INFO     | src.agents.watcher_agent:_check_new_emails:133 - 🔍 Inicio de consulta: se encontraron 5 correo(s) candidato(s) con asunto 'Expediente Docente'.
2025-11-22 17:21:02.503 | INFO     | src.agents.watcher_agent:_process_email:224 - 🚚 Iniciando procesamiento para UID 10481
2025-11-22 17:21:03.670 | INFO     | src.agents.watcher_agent:_process_email:248 - UID=10481 Subject='Expediente Docente - Test 1'
2025-11-22 17:21:03.672 | INFO     | src.agents.watcher_agent:_process_email:260 - Nombre extraído para UID 10481: Test 1
2025-11-22 17:21:03.673 | INFO     | src.agents.watcher_agent:_process_email:262 - Carpeta destino para UID 10481: /home/genghis/Documents/Uneg/agente-inteligente-expedientes/data/input/Test_1
2025-11-22 17:21:03.677 | INFO     | src.agents.watcher_agent:_process_email:266 - Cuerpo guardado en info_mail_Test_1.txt
2025-11-22 17:21:03.683 | INFO     | src.agents.watcher_agent:_process_email:269 - Adjuntos guardados para UID 10481: 1 archivo(s)
2025-11-22 17:21:03.974 | SUCCESS  | src.agents.watcher_agent:_process_email:279 - Procesado UID 10481: 1 adjunto(s) guardado(s) en /home/genghis/Documents/Uneg/agente-inteligente-expedientes/data/input/Test_1
2025-11-22 17:21:03.975 | INFO     | src.agents.watcher_agent:_process_email:224 - 🚚 Iniciando procesamiento para UID 10536
2025-11-22 17:21:04.581 | INFO     | src.agents.watcher_agent:_process_email:248 - UID=10536 Subject='Expediente Docente - Testeo 5'
2025-11-22 17:21:04.582 | INFO     | src.agents.watcher_agent:_process_email:260 - Nombre extraído para UID 10536: Testeo 5
2025-11-22 17:21:04.583 | INFO     | src.agents.watcher_agent:_process_email:262 - Carpeta destino para UID 10536: /home/genghis/Documents/Uneg/agente-inteligente-expedientes/data/input/Testeo_5
2025-11-22 17:21:04.586 | INFO     | src.agents.watcher_agent:_process_email:266 - Cuerpo guardado en info_mail_Testeo_5.txt
2025-11-22 17:21:04.591 | INFO     | src.agents.watcher_agent:_process_email:269 - Adjuntos guardados para UID 10536: 1 archivo(s)
2025-11-22 17:21:04.975 | SUCCESS  | src.agents.watcher_agent:_process_email:279 - Procesado UID 10536: 1 adjunto(s) guardado(s) en /home/genghis/Documents/Uneg/agente-inteligente-expedientes/data/input/Testeo_5
2025-11-22 17:21:04.976 | INFO     | src.agents.watcher_agent:_process_email:224 - 🚚 Iniciando procesamiento para UID 10537
2025-11-22 17:21:06.294 | INFO     | src.agents.watcher_agent:_process_email:248 - UID=10537 Subject='Expediente Docente'
2025-11-22 17:21:06.294 | INFO     | src.agents.watcher_agent:_process_email:260 - Nombre extraído para UID 10537: None
2025-11-22 17:21:06.296 | INFO     | src.agents.watcher_agent:_process_email:262 - Carpeta destino para UID 10537: /home/genghis/Documents/Uneg/agente-inteligente-expedientes/data/input/Expediente_SinNombre_UID10537
2025-11-22 17:21:06.298 | INFO     | src.agents.watcher_agent:_process_email:266 - Cuerpo guardado en info_mail_UID10537.txt
2025-11-22 17:21:06.328 | INFO     | src.agents.watcher_agent:_process_email:269 - Adjuntos guardados para UID 10537: 1 archivo(s)
2025-11-22 17:21:06.614 | SUCCESS  | src.agents.watcher_agent:_process_email:279 - Procesado UID 10537: 1 adjunto(s) guardado(s) en /home/genghis/Documents/Uneg/agente-inteligente-expedientes/data/input/Expediente_SinNombre_UID10537
2025-11-22 17:21:06.616 | INFO     | src.agents.watcher_agent:_process_email:224 - 🚚 Iniciando procesamiento para UID 10538
2025-11-22 17:21:07.088 | INFO     | src.agents.watcher_agent:_process_email:248 - UID=10538 Subject='expediente docente'
2025-11-22 17:21:07.089 | INFO     | src.agents.watcher_agent:_process_email:260 - Nombre extraído para UID 10538: None
2025-11-22 17:21:07.090 | INFO     | src.agents.watcher_agent:_process_email:262 - Carpeta destino para UID 10538: /home/genghis/Documents/Uneg/agente-inteligente-expedientes/data/input/Expediente_SinNombre_UID10538
2025-11-22 17:21:07.094 | INFO     | src.agents.watcher_agent:_process_email:266 - Cuerpo guardado en info_mail_UID10538.txt
2025-11-22 17:21:07.101 | INFO     | src.agents.watcher_agent:_process_email:269 - Adjuntos guardados para UID 10538: 1 archivo(s)
2025-11-22 17:21:07.516 | SUCCESS  | src.agents.watcher_agent:_process_email:279 - Procesado UID 10538: 1 adjunto(s) guardado(s) en /home/genghis/Documents/Uneg/agente-inteligente-expedientes/data/input/Expediente_SinNombre_UID10538
2025-11-22 17:21:07.517 | INFO     | src.agents.watcher_agent:_process_email:224 - 🚚 Iniciando procesamiento para UID 10552
2025-11-22 17:21:08.183 | INFO     | src.agents.watcher_agent:_process_email:248 - UID=10552 Subject='Expediente Docente – Pedro Perez Testing'
2025-11-22 17:21:08.184 | INFO     | src.agents.watcher_agent:_process_email:260 - Nombre extraído para UID 10552: Pedro Perez Testing
2025-11-22 17:21:08.186 | INFO     | src.agents.watcher_agent:_process_email:262 - Carpeta destino para UID 10552: /home/genghis/Documents/Uneg/agente-inteligente-expedientes/data/input/Pedro_Perez_Testing
2025-11-22 17:21:08.191 | INFO     | src.agents.watcher_agent:_process_email:266 - Cuerpo guardado en info_mail_Pedro_Perez_Testing.txt
2025-11-22 17:21:08.199 | INFO     | src.agents.watcher_agent:_process_email:269 - Adjuntos guardados para UID 10552: 2 archivo(s)
2025-11-22 17:21:08.559 | SUCCESS  | src.agents.watcher_agent:_process_email:279 - Procesado UID 10552: 2 adjunto(s) guardado(s) en /home/genghis/Documents/Uneg/agente-inteligente-expedientes/data/input/Pedro_Perez_Testing
2025-11-22 17:21:08.560 | INFO     | src.agents.watcher_agent:_check_new_emails:142 - ✅ Fin de consulta: se procesaron 5 correo(s) con expediente docente de un total de 5 candidato(s).
2025-11-22 17:21:08.565 | INFO     | src.agents.watcher_agent:run:100 - 📊 Resumen ciclo #1: 5 correo(s) procesado(s) en esta consulta.
2025-11-22 17:21:09.467 | INFO     | src.agents.watcher_agent:run:107 - ⏱ El Watcher volverá a ejecutarse automáticamente en 60 segundos...
2025-11-22 17:22:09.468 | INFO     | src.agents.watcher_agent:run:88 - 🌀 Ciclo #2 de monitoreo iniciado
2025-11-22 17:22:12.539 | INFO     | src.agents.watcher_agent:_check_new_emails:133 - 🔍 Inicio de consulta: se encontraron 5 correo(s) candidato(s) con asunto 'Expediente Docente'.
2025-11-22 17:22:12.540 | INFO     | src.agents.watcher_agent:_process_email:224 - 🚚 Iniciando procesamiento para UID 10481
2025-11-22 17:22:12.541 | INFO     | src.agents.watcher_agent:_process_email:227 - UID 10481 ya procesado previamente, se omite
2025-11-22 17:22:12.541 | INFO     | src.agents.watcher_agent:_process_email:224 - 🚚 Iniciando procesamiento para UID 10536
2025-11-22 17:22:12.542 | INFO     | src.agents.watcher_agent:_process_email:227 - UID 10536 ya procesado previamente, se omite
2025-11-22 17:22:12.542 | INFO     | src.agents.watcher_agent:_process_email:224 - 🚚 Iniciando procesamiento para UID 10537
2025-11-22 17:22:12.543 | INFO     | src.agents.watcher_agent:_process_email:227 - UID 10537 ya procesado previamente, se omite
2025-11-22 17:22:12.543 | INFO     | src.agents.watcher_agent:_process_email:224 - 🚚 Iniciando procesamiento para UID 10538
2025-11-22 17:22:12.543 | INFO     | src.agents.watcher_agent:_process_email:227 - UID 10538 ya procesado previamente, se omite
2025-11-22 17:22:12.544 | INFO     | src.agents.watcher_agent:_process_email:224 - 🚚 Iniciando procesamiento para UID 10552
2025-11-22 17:22:12.544 | INFO     | src.agents.watcher_agent:_process_email:227 - UID 10552 ya procesado previamente, se omite
2025-11-22 17:22:12.545 | INFO     | src.agents.watcher_agent:_check_new_emails:142 - ✅ Fin de consulta: se procesaron 0 correo(s) con expediente docente de un total de 5 candidato(s).
2025-11-22 17:22:12.545 | INFO     | src.agents.watcher_agent:run:100 - 📊 Resumen ciclo #2: 0 correo(s) procesado(s) en esta consulta.
2025-11-22 17:22:13.889 | INFO     | src.agents.watcher_agent:run:107 - ⏱ El Watcher volverá a ejecutarse automáticamente en 60 segundos...
2025-11-22 17:23:13.890 | INFO     | src.agents.watcher_agent:run:88 - 🌀 Ciclo #3 de monitoreo iniciado
2025-11-22 17:23:15.867 | INFO     | src.agents.watcher_agent:_check_new_emails:133 - 🔍 Inicio de consulta: se encontraron 5 correo(s) candidato(s) con asunto 'Expediente Docente'.
2025-11-22 17:23:15.868 | INFO     | src.agents.watcher_agent:_process_email:224 - 🚚 Iniciando procesamiento para UID 10481
2025-11-22 17:23:15.869 | INFO     | src.agents.watcher_agent:_process_email:227 - UID 10481 ya procesado previamente, se omite
2025-11-22 17:23:15.869 | INFO     | src.agents.watcher_agent:_process_email:224 - 🚚 Iniciando procesamiento para UID 10536
2025-11-22 17:23:15.870 | INFO     | src.agents.watcher_agent:_process_email:227 - UID 10536 ya procesado previamente, se omite
2025-11-22 17:23:15.870 | INFO     | src.agents.watcher_agent:_process_email:224 - 🚚 Iniciando procesamiento para UID 10537
2025-11-22 17:23:15.871 | INFO     | src.agents.watcher_agent:_process_email:227 - UID 10537 ya procesado previamente, se omite
2025-11-22 17:23:15.871 | INFO     | src.agents.watcher_agent:_process_email:224 - 🚚 Iniciando procesamiento para UID 10538
2025-11-22 17:23:15.872 | INFO     | src.agents.watcher_agent:_process_email:227 - UID 10538 ya procesado previamente, se omite
2025-11-22 17:23:15.872 | INFO     | src.agents.watcher_agent:_process_email:224 - 🚚 Iniciando procesamiento para UID 10552
2025-11-22 17:23:15.873 | INFO     | src.agents.watcher_agent:_process_email:227 - UID 10552 ya procesado previamente, se omite
2025-11-22 17:23:15.873 | INFO     | src.agents.watcher_agent:_check_new_emails:142 - ✅ Fin de consulta: se procesaron 0 correo(s) con expediente docente de un total de 5 candidato(s).
2025-11-22 17:23:15.874 | INFO     | src.agents.watcher_agent:run:100 - 📊 Resumen ciclo #3: 0 correo(s) procesado(s) en esta consulta.
2025-11-22 17:23:16.349 | INFO     | src.agents.watcher_agent:run:107 - ⏱ El Watcher volverá a ejecutarse automáticamente en 60 segundos...
2025-11-22 17:24:16.350 | INFO     | src.agents.watcher_agent:run:88 - 🌀 Ciclo #4 de monitoreo iniciado
2025-11-22 17:24:18.029 | INFO     | src.agents.watcher_agent:_check_new_emails:133 - 🔍 Inicio de consulta: se encontraron 5 correo(s) candidato(s) con asunto 'Expediente Docente'.
2025-11-22 17:24:18.030 | INFO     | src.agents.watcher_agent:_process_email:224 - 🚚 Iniciando procesamiento para UID 10481
2025-11-22 17:24:18.031 | INFO     | src.agents.watcher_agent:_process_email:227 - UID 10481 ya procesado previamente, se omite
2025-11-22 17:24:18.031 | INFO     | src.agents.watcher_agent:_process_email:224 - 🚚 Iniciando procesamiento para UID 10536
2025-11-22 17:24:18.032 | INFO     | src.agents.watcher_agent:_process_email:227 - UID 10536 ya procesado previamente, se omite
2025-11-22 17:24:18.032 | INFO     | src.agents.watcher_agent:_process_email:224 - 🚚 Iniciando procesamiento para UID 10537
2025-11-22 17:24:18.032 | INFO     | src.agents.watcher_agent:_process_email:227 - UID 10537 ya procesado previamente, se omite
2025-11-22 17:24:18.033 | INFO     | src.agents.watcher_agent:_process_email:224 - 🚚 Iniciando procesamiento para UID 10538
2025-11-22 17:24:18.033 | INFO     | src.agents.watcher_agent:_process_email:227 - UID 10538 ya procesado previamente, se omite
2025-11-22 17:24:18.034 | INFO     | src.agents.watcher_agent:_process_email:224 - 🚚 Iniciando procesamiento para UID 10552
2025-11-22 17:24:18.034 | INFO     | src.agents.watcher_agent:_process_email:227 - UID 10552 ya procesado previamente, se omite
2025-11-22 17:24:18.035 | INFO     | src.agents.watcher_agent:_check_new_emails:142 - ✅ Fin de consulta: se procesaron 0 correo(s) con expediente docente de un total de 5 candidato(s).
2025-11-22 17:24:18.035 | INFO     | src.agents.watcher_agent:run:100 - 📊 Resumen ciclo #4: 0 correo(s) procesado(s) en esta consulta.
2025-11-22 17:24:18.446 | INFO     | src.agents.watcher_agent:run:107 - ⏱ El Watcher volverá a ejecutarse automáticamente en 60 segundos...
2025-11-22 17:25:08.907 | INFO     | src.agents.watcher_agent:run:114 - Watcher Agent detenido por el usuario (KeyboardInterrupt)
2025-11-22 23:21:15.586 | INFO     | src.agents.watcher_agent:_process_email:224 - 🚚 Iniciando procesamiento para UID 10552
2025-11-22 23:21:15.594 | INFO     | src.agents.watcher_agent:_process_email:248 - UID=10552 Subject='Expediente Docente - Juan Pérez'
2025-11-22 23:21:15.596 | INFO     | src.agents.watcher_agent:_process_email:260 - Nombre extraído para UID 10552: Juan Pérez
2025-11-22 23:21:15.597 | INFO     | src.agents.watcher_agent:_process_email:262 - Carpeta destino para UID 10552: /tmp/pytest-of-genghis/pytest-0/test_expediente_estandar_crea_0/Juan_Perez
2025-11-22 23:21:15.600 | INFO     | src.agents.watcher_agent:_process_email:266 - Cuerpo guardado en info_mail_Juan_Perez.txt
2025-11-22 23:21:15.604 | INFO     | src.agents.watcher_agent:_process_email:269 - Adjuntos guardados para UID 10552: 2 archivo(s)
2025-11-22 23:21:15.605 | SUCCESS  | src.agents.watcher_agent:_process_email:279 - Procesado UID 10552: 2 adjunto(s) guardado(s) en /tmp/pytest-of-genghis/pytest-0/test_expediente_estandar_crea_0/Juan_Perez
2025-11-22 23:21:15.611 | INFO     | src.agents.watcher_agent:_process_email:224 - 🚚 Iniciando procesamiento para UID 20001
2025-11-22 23:21:15.613 | INFO     | src.agents.watcher_agent:_process_email:248 - UID=20001 Subject='Expediente Docente'
2025-11-22 23:21:15.614 | INFO     | src.agents.watcher_agent:_process_email:260 - Nombre extraído para UID 20001: None
2025-11-22 23:21:15.615 | INFO     | src.agents.watcher_agent:_process_email:262 - Carpeta destino para UID 20001: /tmp/pytest-of-genghis/pytest-0/test_expediente_sin_nombre_usa0/Expediente_SinNombre_UID20001
2025-11-22 23:21:15.617 | INFO     | src.agents.watcher_agent:_process_email:266 - Cuerpo guardado en info_mail_UID20001.txt
2025-11-22 23:21:15.618 | INFO     | src.agents.watcher_agent:_process_email:269 - Adjuntos guardados para UID 20001: 0 archivo(s)
2025-11-22 23:21:15.620 | SUCCESS  | src.agents.watcher_agent:_process_email:279 - Procesado UID 20001: 0 adjunto(s) guardado(s) en /tmp/pytest-of-genghis/pytest-0/test_expediente_sin_nombre_usa0/Expediente_SinNombre_UID20001
2025-11-22 23:21:15.627 | INFO     | src.agents.watcher_agent:_process_email:224 - 🚚 Iniciando procesamiento para UID 99999
2025-11-22 23:21:15.628 | INFO     | src.agents.watcher_agent:_process_email:227 - UID 99999 ya procesado previamente, se omite
2025-11-22 23:21:15.648 | INFO     | src.agents.watcher_agent:_process_email:224 - 🚚 Iniciando procesamiento para UID 30001
2025-11-22 23:21:15.654 | INFO     | src.agents.watcher_agent:_process_email:248 - UID=30001 Subject='Expediente Docente - Juan Pérez'
2025-11-22 23:21:15.655 | INFO     | src.agents.watcher_agent:_process_email:260 - Nombre extraído para UID 30001: Juan Pérez
2025-11-22 23:21:15.656 | INFO     | src.agents.watcher_agent:_process_email:262 - Carpeta destino para UID 30001: /tmp/pytest-of-genghis/pytest-0/test_adjuntos_con_extension_no0/Juan_Perez
2025-11-22 23:21:15.659 | INFO     | src.agents.watcher_agent:_process_email:266 - Cuerpo guardado en info_mail_Juan_Perez.txt
2025-11-22 23:21:15.662 | INFO     | src.agents.watcher_agent:_process_email:269 - Adjuntos guardados para UID 30001: 1 archivo(s)
2025-11-22 23:21:15.663 | SUCCESS  | src.agents.watcher_agent:_process_email:279 - Procesado UID 30001: 1 adjunto(s) guardado(s) en /tmp/pytest-of-genghis/pytest-0/test_adjuntos_con_extension_no0/Juan_Perez
2025-11-22 23:26:44.308 | INFO     | __main__:main:12 - 🚀 Iniciando servicio Watcher Agent desde main.py
2025-11-22 23:26:44.310 | INFO     | src.agents.watcher_agent:run:79 - Watcher Agent iniciado
2025-11-22 23:26:44.311 | INFO     | src.agents.watcher_agent:run:88 - 🌀 Ciclo #1 de monitoreo iniciado
2025-11-22 23:26:46.020 | INFO     | src.agents.watcher_agent:_check_new_emails:133 - 🔍 Inicio de consulta: se encontraron 4 correo(s) candidato(s) con asunto 'Expediente Docente'.
2025-11-22 23:26:46.021 | INFO     | src.agents.watcher_agent:_process_email:224 - 🚚 Iniciando procesamiento para UID 10481
2025-11-22 23:26:46.022 | INFO     | src.agents.watcher_agent:_process_email:227 - UID 10481 ya procesado previamente, se omite
2025-11-22 23:26:46.022 | INFO     | src.agents.watcher_agent:_process_email:224 - 🚚 Iniciando procesamiento para UID 10536
2025-11-22 23:26:46.023 | INFO     | src.agents.watcher_agent:_process_email:227 - UID 10536 ya procesado previamente, se omite
2025-11-22 23:26:46.023 | INFO     | src.agents.watcher_agent:_process_email:224 - 🚚 Iniciando procesamiento para UID 10537
2025-11-22 23:26:46.024 | INFO     | src.agents.watcher_agent:_process_email:227 - UID 10537 ya procesado previamente, se omite
2025-11-22 23:26:46.024 | INFO     | src.agents.watcher_agent:_process_email:224 - 🚚 Iniciando procesamiento para UID 10538
2025-11-22 23:26:46.024 | INFO     | src.agents.watcher_agent:_process_email:227 - UID 10538 ya procesado previamente, se omite
2025-11-22 23:26:46.025 | INFO     | src.agents.watcher_agent:_check_new_emails:142 - ✅ Fin de consulta: se procesaron 0 correo(s) con expediente docente de un total de 4 candidato(s).
2025-11-22 23:26:46.025 | INFO     | src.agents.watcher_agent:run:100 - 📊 Resumen ciclo #1: 0 correo(s) procesado(s) en esta consulta.
2025-11-22 23:26:46.420 | INFO     | src.agents.watcher_agent:run:107 - ⏱ El Watcher volverá a ejecutarse automáticamente en 60 segundos...
2025-11-22 23:26:58.635 | INFO     | src.agents.watcher_agent:run:114 - Watcher Agent detenido por el usuario (KeyboardInterrupt)
2025-11-27 08:12:08.501 | INFO     | __main__:main:12 - 🚀 Iniciando servicio Watcher Agent desde main.py
2025-11-27 08:12:08.502 | INFO     | src.agents.watcher_agent:run:79 - Watcher Agent iniciado
2025-11-27 08:12:08.503 | INFO     | src.agents.watcher_agent:run:88 - 🌀 Ciclo #1 de monitoreo iniciado
2025-11-27 08:12:10.785 | INFO     | src.agents.watcher_agent:_check_new_emails:133 - 🔍 Inicio de consulta: se encontraron 4 correo(s) candidato(s) con asunto 'Expediente Docente'.
2025-11-27 08:12:10.786 | INFO     | src.agents.watcher_agent:_process_email:224 - 🚚 Iniciando procesamiento para UID 10481
2025-11-27 08:12:10.787 | INFO     | src.agents.watcher_agent:_process_email:227 - UID 10481 ya procesado previamente, se omite
2025-11-27 08:12:10.787 | INFO     | src.agents.watcher_agent:_process_email:224 - 🚚 Iniciando procesamiento para UID 10536
2025-11-27 08:12:10.788 | INFO     | src.agents.watcher_agent:_process_email:227 - UID 10536 ya procesado previamente, se omite
2025-11-27 08:12:10.788 | INFO     | src.agents.watcher_agent:_process_email:224 - 🚚 Iniciando procesamiento para UID 10537
2025-11-27 08:12:10.789 | INFO     | src.agents.watcher_agent:_process_email:227 - UID 10537 ya procesado previamente, se omite
2025-11-27 08:12:10.789 | INFO     | src.agents.watcher_agent:_process_email:224 - 🚚 Iniciando procesamiento para UID 10538
2025-11-27 08:12:10.789 | INFO     | src.agents.watcher_agent:_process_email:227 - UID 10538 ya procesado previamente, se omite
2025-11-27 08:12:10.790 | INFO     | src.agents.watcher_agent:_check_new_emails:142 - ✅ Fin de consulta: se procesaron 0 correo(s) con expediente docente de un total de 4 candidato(s).
2025-11-27 08:12:10.790 | INFO     | src.agents.watcher_agent:run:100 - 📊 Resumen ciclo #1: 0 correo(s) procesado(s) en esta consulta.
2025-11-27 08:12:11.379 | INFO     | src.agents.watcher_agent:run:107 - ⏱ El Watcher volverá a ejecutarse automáticamente en 60 segundos...
2025-11-27 08:12:37.017 | INFO     | src.agents.watcher_agent:run:114 - Watcher Agent detenido por el usuario (KeyboardInterrupt)
2025-11-27 09:25:15.195 | INFO     | __main__:main:12 - 🚀 Iniciando servicio Watcher Agent desde main.py
2025-11-27 09:25:15.196 | INFO     | src.agents.watcher_agent:run:79 - Watcher Agent iniciado
2025-11-27 09:25:15.197 | INFO     | src.agents.watcher_agent:run:88 - 🌀 Ciclo #1 de monitoreo iniciado
2025-11-27 09:25:17.045 | INFO     | src.agents.watcher_agent:_check_new_emails:133 - 🔍 Inicio de consulta: se encontraron 4 correo(s) candidato(s) con asunto 'Expediente Docente'.
2025-11-27 09:25:17.046 | INFO     | src.agents.watcher_agent:_process_email:224 - 🚚 Iniciando procesamiento para UID 10481
2025-11-27 09:25:17.047 | INFO     | src.agents.watcher_agent:_process_email:227 - UID 10481 ya procesado previamente, se omite
2025-11-27 09:25:17.047 | INFO     | src.agents.watcher_agent:_process_email:224 - 🚚 Iniciando procesamiento para UID 10536
2025-11-27 09:25:17.048 | INFO     | src.agents.watcher_agent:_process_email:227 - UID 10536 ya procesado previamente, se omite
2025-11-27 09:25:17.048 | INFO     | src.agents.watcher_agent:_process_email:224 - 🚚 Iniciando procesamiento para UID 10537
2025-11-27 09:25:17.049 | INFO     | src.agents.watcher_agent:_process_email:227 - UID 10537 ya procesado previamente, se omite
2025-11-27 09:25:17.049 | INFO     | src.agents.watcher_agent:_process_email:224 - 🚚 Iniciando procesamiento para UID 10538
2025-11-27 09:25:17.049 | INFO     | src.agents.watcher_agent:_process_email:227 - UID 10538 ya procesado previamente, se omite
2025-11-27 09:25:17.050 | INFO     | src.agents.watcher_agent:_check_new_emails:142 - ✅ Fin de consulta: se procesaron 0 correo(s) con expediente docente de un total de 4 candidato(s).
2025-11-27 09:25:17.050 | INFO     | src.agents.watcher_agent:run:100 - 📊 Resumen ciclo #1: 0 correo(s) procesado(s) en esta consulta.
2025-11-27 09:25:17.446 | INFO     | src.agents.watcher_agent:run:107 - ⏱ El Watcher volverá a ejecutarse automáticamente en 60 segundos...
2025-11-27 09:25:26.239 | INFO     | src.agents.watcher_agent:run:114 - Watcher Agent detenido por el usuario (KeyboardInterrupt)
2025-11-27 09:25:31.844 | INFO     | __main__:main:12 - 🚀 Iniciando servicio Watcher Agent desde main.py
2025-11-27 09:25:31.845 | INFO     | src.agents.watcher_agent:run:79 - Watcher Agent iniciado
2025-11-27 09:25:31.846 | INFO     | src.agents.watcher_agent:run:88 -  Ciclo #1 de monitoreo iniciado
2025-11-27 09:25:33.841 | INFO     | src.agents.watcher_agent:_check_new_emails:133 -  Inicio de consulta: se encontraron 4 correo(s) candidato(s) con asunto 'Expediente Docente'.
2025-11-27 09:25:33.842 | INFO     | src.agents.watcher_agent:_process_email:224 -  Iniciando procesamiento para UID 10481
2025-11-27 09:25:33.843 | INFO     | src.agents.watcher_agent:_process_email:227 - UID 10481 ya procesado previamente, se omite
2025-11-27 09:25:33.843 | INFO     | src.agents.watcher_agent:_process_email:224 -  Iniciando procesamiento para UID 10536
2025-11-27 09:25:33.844 | INFO     | src.agents.watcher_agent:_process_email:227 - UID 10536 ya procesado previamente, se omite
2025-11-27 09:25:33.844 | INFO     | src.agents.watcher_agent:_process_email:224 -  Iniciando procesamiento para UID 10537
2025-11-27 09:25:33.845 | INFO     | src.agents.watcher_agent:_process_email:227 - UID 10537 ya procesado previamente, se omite
2025-11-27 09:25:33.845 | INFO     | src.agents.watcher_agent:_process_email:224 -  Iniciando procesamiento para UID 10538
2025-11-27 09:25:33.846 | INFO     | src.agents.watcher_agent:_process_email:227 - UID 10538 ya procesado previamente, se omite
2025-11-27 09:25:33.846 | INFO     | src.agents.watcher_agent:_check_new_emails:142 -  Fin de consulta: se procesaron 0 correo(s) con expediente docente de un total de 4 candidato(s).
2025-11-27 09:25:33.847 | INFO     | src.agents.watcher_agent:run:100 -  Resumen ciclo #1: 0 correo(s) procesado(s) en esta consulta.
2025-11-27 09:25:34.271 | INFO     | src.agents.watcher_agent:run:107 -  El Watcher volverá a ejecutarse automáticamente en 60 segundos...
2025-11-27 09:25:54.830 | INFO     | src.agents.watcher_agent:run:114 - Watcher Agent detenido por el usuario (KeyboardInterrupt)
2025-11-27 10:05:14.114 | INFO     | __main__:main:12 -  Iniciando servicio Watcher Agent desde main.py
2025-11-27 10:05:14.116 | INFO     | src.agents.watcher_agent:run:79 - Watcher Agent iniciado
2025-11-27 10:05:14.117 | INFO     | src.agents.watcher_agent:run:88 -  Ciclo #1 de monitoreo iniciado
2025-11-27 10:05:15.915 | INFO     | src.agents.watcher_agent:_check_new_emails:133 -  Inicio de consulta: se encontraron 3 correo(s) candidato(s) con asunto 'Expediente Docente'.
2025-11-27 10:05:15.916 | INFO     | src.agents.watcher_agent:_process_email:224 -  Iniciando procesamiento para UID 10481
2025-11-27 10:05:15.917 | INFO     | src.agents.watcher_agent:_process_email:227 - UID 10481 ya procesado previamente, se omite
2025-11-27 10:05:15.917 | INFO     | src.agents.watcher_agent:_process_email:224 -  Iniciando procesamiento para UID 10536
2025-11-27 10:05:15.918 | INFO     | src.agents.watcher_agent:_process_email:227 - UID 10536 ya procesado previamente, se omite
2025-11-27 10:05:15.918 | INFO     | src.agents.watcher_agent:_process_email:224 -  Iniciando procesamiento para UID 10537
2025-11-27 10:05:15.919 | INFO     | src.agents.watcher_agent:_process_email:227 - UID 10537 ya procesado previamente, se omite
2025-11-27 10:05:15.919 | INFO     | src.agents.watcher_agent:_check_new_emails:142 -  Fin de consulta: se procesaron 0 correo(s) con expediente docente de un total de 3 candidato(s).
2025-11-27 10:05:15.919 | INFO     | src.agents.watcher_agent:run:100 -  Resumen ciclo #1: 0 correo(s) procesado(s) en esta consulta.
2025-11-27 10:05:16.440 | INFO     | src.agents.watcher_agent:run:107 -  El Watcher volverá a ejecutarse automáticamente en 60 segundos...
2025-11-27 10:05:35.522 | INFO     | src.agents.watcher_agent:run:114 - Watcher Agent detenido por el usuario (KeyboardInterrupt)
2025-11-27 11:02:47.444 | INFO     | __main__:main:12 -  Iniciando servicio Watcher Agent desde main.py
2025-11-27 11:02:47.446 | INFO     | src.agents.watcher_agent:run:79 - Watcher Agent iniciado
2025-11-27 11:02:47.447 | INFO     | src.agents.watcher_agent:run:88 -  Ciclo #1 de monitoreo iniciado
2025-11-27 11:02:49.169 | INFO     | src.agents.watcher_agent:_check_new_emails:133 -  Inicio de consulta: se encontraron 3 correo(s) candidato(s) con asunto 'Expediente Docente'.
2025-11-27 11:02:49.171 | INFO     | src.agents.watcher_agent:_process_email:224 -  Iniciando procesamiento para UID 10481
2025-11-27 11:02:49.172 | INFO     | src.agents.watcher_agent:_process_email:227 - UID 10481 ya procesado previamente, se omite
2025-11-27 11:02:49.172 | INFO     | src.agents.watcher_agent:_process_email:224 -  Iniciando procesamiento para UID 10536
2025-11-27 11:02:49.173 | INFO     | src.agents.watcher_agent:_process_email:227 - UID 10536 ya procesado previamente, se omite
2025-11-27 11:02:49.174 | INFO     | src.agents.watcher_agent:_process_email:224 -  Iniciando procesamiento para UID 10537
2025-11-27 11:02:49.175 | INFO     | src.agents.watcher_agent:_process_email:227 - UID 10537 ya procesado previamente, se omite
2025-11-27 11:02:49.175 | INFO     | src.agents.watcher_agent:_check_new_emails:142 -  Fin de consulta: se procesaron 0 correo(s) con expediente docente de un total de 3 candidato(s).
2025-11-27 11:02:49.176 | INFO     | src.agents.watcher_agent:run:100 -  Resumen ciclo #1: 0 correo(s) procesado(s) en esta consulta.
2025-11-27 11:02:49.565 | INFO     | src.agents.watcher_agent:run:107 -  El Watcher volverá a ejecutarse automáticamente en 60 segundos...
2025-11-27 11:03:21.364 | INFO     | src.agents.watcher_agent:run:114 - Watcher Agent detenido por el usuario (KeyboardInterrupt)
2025-11-27 11:05:09.297 | INFO     | __main__:main:12 -  Iniciando servicio Watcher Agent desde main.py
2025-11-27 11:05:09.298 | INFO     | src.agents.watcher_agent:run:79 - Watcher Agent iniciado
2025-11-27 11:05:09.300 | INFO     | src.agents.watcher_agent:run:88 -  Ciclo #1 de monitoreo iniciado
2025-11-27 11:05:10.930 | INFO     | src.agents.watcher_agent:_check_new_emails:133 -  Inicio de consulta: se encontraron 3 correo(s) candidato(s) con asunto 'Expediente Docente'.
2025-11-27 11:05:10.930 | INFO     | src.agents.watcher_agent:_process_email:224 -  Iniciando procesamiento para UID 10481
2025-11-27 11:05:10.931 | INFO     | src.agents.watcher_agent:_process_email:227 - UID 10481 ya procesado previamente, se omite
2025-11-27 11:05:10.931 | INFO     | src.agents.watcher_agent:_process_email:224 -  Iniciando procesamiento para UID 10536
2025-11-27 11:05:10.932 | INFO     | src.agents.watcher_agent:_process_email:227 - UID 10536 ya procesado previamente, se omite
2025-11-27 11:05:10.932 | INFO     | src.agents.watcher_agent:_process_email:224 -  Iniciando procesamiento para UID 10537
2025-11-27 11:05:10.933 | INFO     | src.agents.watcher_agent:_process_email:227 - UID 10537 ya procesado previamente, se omite
2025-11-27 11:05:10.933 | INFO     | src.agents.watcher_agent:_check_new_emails:142 -  Fin de consulta: se procesaron 0 correo(s) con expediente docente de un total de 3 candidato(s).
2025-11-27 11:05:10.934 | INFO     | src.agents.watcher_agent:run:100 -  Resumen ciclo #1: 0 correo(s) procesado(s) en esta consulta.
2025-11-27 11:05:11.350 | INFO     | src.agents.watcher_agent:run:107 -  El Watcher volverá a ejecutarse automáticamente en 60 segundos...
2025-11-27 11:06:10.852 | INFO     | src.agents.watcher_agent:run:114 - Watcher Agent detenido por el usuario (KeyboardInterrupt)
2025-11-27 11:06:17.571 | INFO     | __main__:main:12 -  Iniciando servicio Watcher Agent desde main.py
2025-11-27 11:06:17.573 | INFO     | src.agents.watcher_agent:run:79 - Watcher Agent iniciado
2025-11-27 11:06:17.576 | INFO     | src.agents.watcher_agent:run:88 -  Ciclo #1 de monitoreo iniciado
2025-11-27 11:06:19.313 | INFO     | src.agents.watcher_agent:_check_new_emails:133 -  Inicio de consulta: se encontraron 3 correo(s) candidato(s) con asunto 'Expediente Docente'.
2025-11-27 11:06:19.314 | INFO     | src.agents.watcher_agent:_process_email:224 -  Iniciando procesamiento para UID 10481
2025-11-27 11:06:19.314 | INFO     | src.agents.watcher_agent:_process_email:227 - UID 10481 ya procesado previamente, se omite
2025-11-27 11:06:19.315 | INFO     | src.agents.watcher_agent:_process_email:224 -  Iniciando procesamiento para UID 10536
2025-11-27 11:06:19.315 | INFO     | src.agents.watcher_agent:_process_email:227 - UID 10536 ya procesado previamente, se omite
2025-11-27 11:06:19.316 | INFO     | src.agents.watcher_agent:_process_email:224 -  Iniciando procesamiento para UID 10537
2025-11-27 11:06:19.316 | INFO     | src.agents.watcher_agent:_process_email:227 - UID 10537 ya procesado previamente, se omite
2025-11-27 11:06:19.316 | INFO     | src.agents.watcher_agent:_check_new_emails:142 -  Fin de consulta: se procesaron 0 correo(s) con expediente docente de un total de 3 candidato(s).
2025-11-27 11:06:19.317 | INFO     | src.agents.watcher_agent:run:100 -  Resumen ciclo #1: 0 correo(s) procesado(s) en esta consulta.
2025-11-27 11:06:19.714 | INFO     | src.agents.watcher_agent:run:107 -  El Watcher volverá a ejecutarse automáticamente en 60 segundos...
2025-11-27 11:07:19.715 | INFO     | src.agents.watcher_agent:run:88 -  Ciclo #2 de monitoreo iniciado
2025-11-27 11:07:21.637 | INFO     | src.agents.watcher_agent:_check_new_emails:133 -  Inicio de consulta: se encontraron 3 correo(s) candidato(s) con asunto 'Expediente Docente'.
2025-11-27 11:07:21.638 | INFO     | src.agents.watcher_agent:_process_email:224 -  Iniciando procesamiento para UID 10481
2025-11-27 11:07:21.639 | INFO     | src.agents.watcher_agent:_process_email:227 - UID 10481 ya procesado previamente, se omite
2025-11-27 11:07:21.639 | INFO     | src.agents.watcher_agent:_process_email:224 -  Iniciando procesamiento para UID 10536
2025-11-27 11:07:21.640 | INFO     | src.agents.watcher_agent:_process_email:227 - UID 10536 ya procesado previamente, se omite
2025-11-27 11:07:21.640 | INFO     | src.agents.watcher_agent:_process_email:224 -  Iniciando procesamiento para UID 10537
2025-11-27 11:07:21.641 | INFO     | src.agents.watcher_agent:_process_email:227 - UID 10537 ya procesado previamente, se omite
2025-11-27 11:07:21.642 | INFO     | src.agents.watcher_agent:_check_new_emails:142 -  Fin de consulta: se procesaron 0 correo(s) con expediente docente de un total de 3 candidato(s).
2025-11-27 11:07:21.642 | INFO     | src.agents.watcher_agent:run:100 -  Resumen ciclo #2: 0 correo(s) procesado(s) en esta consulta.
2025-11-27 11:07:22.095 | INFO     | src.agents.watcher_agent:run:107 -  El Watcher volverá a ejecutarse automáticamente en 60 segundos...
2025-11-27 11:07:27.917 | INFO     | src.agents.watcher_agent:run:114 - Watcher Agent detenido por el usuario (KeyboardInterrupt)
2026-03-03 13:01:45.810 | INFO     | src.agents.watcher_agent:_process_email:224 -  Iniciando procesamiento para UID 10552
2026-03-03 13:01:45.815 | INFO     | src.agents.watcher_agent:_process_email:248 - UID=10552 Subject='Expediente Docente - Juan Pérez'
2026-03-03 13:01:45.817 | INFO     | src.agents.watcher_agent:_process_email:260 - Nombre extraído para UID 10552: Juan Pérez
2026-03-03 13:01:45.819 | INFO     | src.agents.watcher_agent:_process_email:262 - Carpeta destino para UID 10552: /tmp/pytest-of-genghis/pytest-0/test_expediente_estandar_crea_0/Juan_Perez
2026-03-03 13:01:45.822 | INFO     | src.agents.watcher_agent:_process_email:266 - Cuerpo guardado en info_mail_Juan_Perez.txt
2026-03-03 13:01:45.825 | INFO     | src.agents.watcher_agent:_process_email:269 - Adjuntos guardados para UID 10552: 2 archivo(s)
2026-03-03 13:01:45.826 | SUCCESS  | src.agents.watcher_agent:_process_email:279 - Procesado UID 10552: 2 adjunto(s) guardado(s) en /tmp/pytest-of-genghis/pytest-0/test_expediente_estandar_crea_0/Juan_Perez
2026-03-03 13:01:45.832 | INFO     | src.agents.watcher_agent:_process_email:224 -  Iniciando procesamiento para UID 20001
2026-03-03 13:01:45.834 | INFO     | src.agents.watcher_agent:_process_email:248 - UID=20001 Subject='Expediente Docente'
2026-03-03 13:01:45.834 | INFO     | src.agents.watcher_agent:_process_email:260 - Nombre extraído para UID 20001: None
2026-03-03 13:01:45.835 | INFO     | src.agents.watcher_agent:_process_email:262 - Carpeta destino para UID 20001: /tmp/pytest-of-genghis/pytest-0/test_expediente_sin_nombre_usa0/Expediente_SinNombre_UID20001
2026-03-03 13:01:45.838 | INFO     | src.agents.watcher_agent:_process_email:266 - Cuerpo guardado en info_mail_UID20001.txt
2026-03-03 13:01:45.838 | INFO     | src.agents.watcher_agent:_process_email:269 - Adjuntos guardados para UID 20001: 0 archivo(s)
2026-03-03 13:01:45.839 | SUCCESS  | src.agents.watcher_agent:_process_email:279 - Procesado UID 20001: 0 adjunto(s) guardado(s) en /tmp/pytest-of-genghis/pytest-0/test_expediente_sin_nombre_usa0/Expediente_SinNombre_UID20001
2026-03-03 13:01:45.846 | INFO     | src.agents.watcher_agent:_process_email:224 -  Iniciando procesamiento para UID 99999
2026-03-03 13:01:45.846 | INFO     | src.agents.watcher_agent:_process_email:227 - UID 99999 ya procesado previamente, se omite
2026-03-03 13:01:45.863 | INFO     | src.agents.watcher_agent:_process_email:224 -  Iniciando procesamiento para UID 30001
2026-03-03 13:01:45.870 | INFO     | src.agents.watcher_agent:_process_email:248 - UID=30001 Subject='Expediente Docente - Juan Pérez'
2026-03-03 13:01:45.871 | INFO     | src.agents.watcher_agent:_process_email:260 - Nombre extraído para UID 30001: Juan Pérez
2026-03-03 13:01:45.872 | INFO     | src.agents.watcher_agent:_process_email:262 - Carpeta destino para UID 30001: /tmp/pytest-of-genghis/pytest-0/test_adjuntos_con_extension_no0/Juan_Perez
2026-03-03 13:01:45.875 | INFO     | src.agents.watcher_agent:_process_email:266 - Cuerpo guardado en info_mail_Juan_Perez.txt
2026-03-03 13:01:45.877 | INFO     | src.agents.watcher_agent:_process_email:269 - Adjuntos guardados para UID 30001: 1 archivo(s)
2026-03-03 13:01:45.878 | SUCCESS  | src.agents.watcher_agent:_process_email:279 - Procesado UID 30001: 1 adjunto(s) guardado(s) en /tmp/pytest-of-genghis/pytest-0/test_adjuntos_con_extension_no0/Juan_Perez
2026-03-03 13:08:39.565 | INFO     | src.agents.watcher_agent:_process_email:215 -  Iniciando procesamiento para UID 10552
2026-03-03 13:08:39.573 | INFO     | src.agents.watcher_agent:_process_email:239 - UID=10552 Subject='Expediente Docente - Juan Pérez'
2026-03-03 13:08:39.575 | INFO     | src.agents.watcher_agent:_process_email:251 - Nombre extraído para UID 10552: Juan Pérez
2026-03-03 13:08:39.576 | INFO     | src.agents.watcher_agent:_process_email:253 - Carpeta destino para UID 10552: /tmp/pytest-of-genghis/pytest-1/test_expediente_estandar_crea_0/Juan_Perez
2026-03-03 13:08:39.579 | INFO     | src.agents.watcher_agent:_process_email:270 - Cuerpo guardado en info_mail_Juan_Perez.txt
2026-03-03 13:08:39.583 | INFO     | src.agents.watcher_agent:_process_email:281 - Adjuntos guardados para UID 10552: 2 archivo(s)
2026-03-03 13:08:39.584 | SUCCESS  | src.agents.watcher_agent:_process_email:291 - Procesado UID 10552: 2 adjunto(s) guardado(s) en /tmp/pytest-of-genghis/pytest-1/test_expediente_estandar_crea_0/Juan_Perez
2026-03-03 13:08:39.590 | INFO     | src.agents.watcher_agent:_process_email:215 -  Iniciando procesamiento para UID 20001
2026-03-03 13:08:39.592 | INFO     | src.agents.watcher_agent:_process_email:239 - UID=20001 Subject='Expediente Docente'
2026-03-03 13:08:39.593 | INFO     | src.agents.watcher_agent:_process_email:251 - Nombre extraído para UID 20001: None
2026-03-03 13:08:39.593 | INFO     | src.agents.watcher_agent:_process_email:253 - Carpeta destino para UID 20001: /tmp/pytest-of-genghis/pytest-1/test_expediente_sin_nombre_usa0/Expediente_SinNombre_UID20001
2026-03-03 13:08:39.596 | INFO     | src.agents.watcher_agent:_process_email:270 - Cuerpo guardado en info_mail_UID20001.txt
2026-03-03 13:08:39.597 | INFO     | src.agents.watcher_agent:_process_email:281 - Adjuntos guardados para UID 20001: 0 archivo(s)
2026-03-03 13:08:39.598 | SUCCESS  | src.agents.watcher_agent:_process_email:291 - Procesado UID 20001: 0 adjunto(s) guardado(s) en /tmp/pytest-of-genghis/pytest-1/test_expediente_sin_nombre_usa0/Expediente_SinNombre_UID20001
2026-03-03 13:08:39.604 | INFO     | src.agents.watcher_agent:_process_email:215 -  Iniciando procesamiento para UID 99999
2026-03-03 13:08:39.604 | INFO     | src.agents.watcher_agent:_process_email:218 - UID 99999 ya procesado previamente, se omite
2026-03-03 13:08:39.620 | INFO     | src.agents.watcher_agent:_process_email:215 -  Iniciando procesamiento para UID 30001
2026-03-03 13:08:39.625 | INFO     | src.agents.watcher_agent:_process_email:239 - UID=30001 Subject='Expediente Docente - Juan Pérez'
2026-03-03 13:08:39.626 | INFO     | src.agents.watcher_agent:_process_email:251 - Nombre extraído para UID 30001: Juan Pérez
2026-03-03 13:08:39.627 | INFO     | src.agents.watcher_agent:_process_email:253 - Carpeta destino para UID 30001: /tmp/pytest-of-genghis/pytest-1/test_adjuntos_con_extension_no0/Juan_Perez
2026-03-03 13:08:39.630 | INFO     | src.agents.watcher_agent:_process_email:270 - Cuerpo guardado en info_mail_Juan_Perez.txt
2026-03-03 13:08:39.632 | INFO     | src.agents.watcher_agent:_process_email:281 - Adjuntos guardados para UID 30001: 1 archivo(s)
2026-03-03 13:08:39.633 | SUCCESS  | src.agents.watcher_agent:_process_email:291 - Procesado UID 30001: 1 adjunto(s) guardado(s) en /tmp/pytest-of-genghis/pytest-1/test_adjuntos_con_extension_no0/Juan_Perez
2026-03-03 13:08:39.639 | INFO     | src.agents.watcher_agent:_process_email:215 -  Iniciando procesamiento para UID 40001
2026-03-03 13:08:39.641 | INFO     | src.agents.watcher_agent:_process_email:239 - UID=40001 Subject='Expediente Docente - Maria Lopez'
2026-03-03 13:08:39.641 | INFO     | src.agents.watcher_agent:_process_email:251 - Nombre extraído para UID 40001: Maria Lopez
2026-03-03 13:08:39.642 | INFO     | src.agents.watcher_agent:_process_email:253 - Carpeta destino para UID 40001: /tmp/pytest-of-genghis/pytest-1/test_body_keyword_filtra_corre0/Maria_Lopez
2026-03-03 13:08:39.644 | INFO     | src.agents.watcher_agent:_process_email:260 - UID 40001 descartado: el cuerpo no contiene ninguna de las palabras clave configuradas: ['Certificado', 'Hoja de vida', 'Curriculum']
2026-03-03 13:08:39.692 | INFO     | src.agents.watcher_agent:_process_email:215 -  Iniciando procesamiento para UID 40002
2026-03-03 13:08:39.694 | INFO     | src.agents.watcher_agent:_process_email:239 - UID=40002 Subject='Expediente Docente - Carlos Ruiz'
2026-03-03 13:08:39.694 | INFO     | src.agents.watcher_agent:_process_email:251 - Nombre extraído para UID 40002: Carlos Ruiz
2026-03-03 13:08:39.695 | INFO     | src.agents.watcher_agent:_process_email:253 - Carpeta destino para UID 40002: /tmp/pytest-of-genghis/pytest-1/test_body_keyword_acepta_corre0/Carlos_Ruiz
2026-03-03 13:08:39.697 | INFO     | src.agents.watcher_agent:_process_email:270 - Cuerpo guardado en info_mail_Carlos_Ruiz.txt
2026-03-03 13:08:39.697 | INFO     | src.agents.watcher_agent:_process_email:281 - Adjuntos guardados para UID 40002: 0 archivo(s)
2026-03-03 13:08:39.699 | SUCCESS  | src.agents.watcher_agent:_process_email:291 - Procesado UID 40002: 0 adjunto(s) guardado(s) en /tmp/pytest-of-genghis/pytest-1/test_body_keyword_acepta_corre0/Carlos_Ruiz
2026-03-03 13:08:39.703 | WARNING  | src.agents.watcher_agent:_load_processed_uids:440 - El archivo de UIDs está corrupto, se reiniciará
2026-03-03 13:08:39.706 | INFO     | src.agents.watcher_agent:run:65 - Watcher Agent iniciado
2026-03-03 13:08:39.707 | INFO     | src.agents.watcher_agent:run:79 -  Ciclo #1 de monitoreo iniciado
2026-03-03 13:08:39.707 | WARNING  | src.agents.watcher_agent:run:82 - No se pudo establecer conexión IMAP en el ciclo #1. Se reintentará en 60 segundos...
2026-03-03 13:08:39.708 | INFO     | src.agents.watcher_agent:run:105 - Watcher Agent detenido por el usuario (KeyboardInterrupt)
2026-03-03 13:09:05.326 | INFO     | src.agents.watcher_agent:_process_email:215 -  Iniciando procesamiento para UID 10552
2026-03-03 13:09:05.331 | INFO     | src.agents.watcher_agent:_process_email:239 - UID=10552 Subject='Expediente Docente - Juan Pérez'
2026-03-03 13:09:05.332 | INFO     | src.agents.watcher_agent:_process_email:251 - Nombre extraído para UID 10552: Juan Pérez
2026-03-03 13:09:05.335 | INFO     | src.agents.watcher_agent:_process_email:267 - Carpeta destino para UID 10552: /tmp/pytest-of-genghis/pytest-2/test_expediente_estandar_crea_0/Juan_Perez
2026-03-03 13:09:05.336 | INFO     | src.agents.watcher_agent:_process_email:271 - Cuerpo guardado en info_mail_Juan_Perez.txt
2026-03-03 13:09:05.339 | INFO     | src.agents.watcher_agent:_process_email:282 - Adjuntos guardados para UID 10552: 2 archivo(s)
2026-03-03 13:09:05.341 | SUCCESS  | src.agents.watcher_agent:_process_email:292 - Procesado UID 10552: 2 adjunto(s) guardado(s) en /tmp/pytest-of-genghis/pytest-2/test_expediente_estandar_crea_0/Juan_Perez
2026-03-03 13:09:05.347 | INFO     | src.agents.watcher_agent:_process_email:215 -  Iniciando procesamiento para UID 20001
2026-03-03 13:09:05.348 | INFO     | src.agents.watcher_agent:_process_email:239 - UID=20001 Subject='Expediente Docente'
2026-03-03 13:09:05.349 | INFO     | src.agents.watcher_agent:_process_email:251 - Nombre extraído para UID 20001: None
2026-03-03 13:09:05.350 | INFO     | src.agents.watcher_agent:_process_email:267 - Carpeta destino para UID 20001: /tmp/pytest-of-genghis/pytest-2/test_expediente_sin_nombre_usa0/Expediente_SinNombre_UID20001
2026-03-03 13:09:05.352 | INFO     | src.agents.watcher_agent:_process_email:271 - Cuerpo guardado en info_mail_UID20001.txt
2026-03-03 13:09:05.353 | INFO     | src.agents.watcher_agent:_process_email:282 - Adjuntos guardados para UID 20001: 0 archivo(s)
2026-03-03 13:09:05.354 | SUCCESS  | src.agents.watcher_agent:_process_email:292 - Procesado UID 20001: 0 adjunto(s) guardado(s) en /tmp/pytest-of-genghis/pytest-2/test_expediente_sin_nombre_usa0/Expediente_SinNombre_UID20001
2026-03-03 13:09:05.360 | INFO     | src.agents.watcher_agent:_process_email:215 -  Iniciando procesamiento para UID 99999
2026-03-03 13:09:05.361 | INFO     | src.agents.watcher_agent:_process_email:218 - UID 99999 ya procesado previamente, se omite
2026-03-03 13:09:05.378 | INFO     | src.agents.watcher_agent:_process_email:215 -  Iniciando procesamiento para UID 30001
2026-03-03 13:09:05.382 | INFO     | src.agents.watcher_agent:_process_email:239 - UID=30001 Subject='Expediente Docente - Juan Pérez'
2026-03-03 13:09:05.383 | INFO     | src.agents.watcher_agent:_process_email:251 - Nombre extraído para UID 30001: Juan Pérez
2026-03-03 13:09:05.385 | INFO     | src.agents.watcher_agent:_process_email:267 - Carpeta destino para UID 30001: /tmp/pytest-of-genghis/pytest-2/test_adjuntos_con_extension_no0/Juan_Perez
2026-03-03 13:09:05.386 | INFO     | src.agents.watcher_agent:_process_email:271 - Cuerpo guardado en info_mail_Juan_Perez.txt
2026-03-03 13:09:05.389 | INFO     | src.agents.watcher_agent:_process_email:282 - Adjuntos guardados para UID 30001: 1 archivo(s)
2026-03-03 13:09:05.390 | SUCCESS  | src.agents.watcher_agent:_process_email:292 - Procesado UID 30001: 1 adjunto(s) guardado(s) en /tmp/pytest-of-genghis/pytest-2/test_adjuntos_con_extension_no0/Juan_Perez
2026-03-03 13:09:05.396 | INFO     | src.agents.watcher_agent:_process_email:215 -  Iniciando procesamiento para UID 40001
2026-03-03 13:09:05.397 | INFO     | src.agents.watcher_agent:_process_email:239 - UID=40001 Subject='Expediente Docente - Maria Lopez'
2026-03-03 13:09:05.398 | INFO     | src.agents.watcher_agent:_process_email:251 - Nombre extraído para UID 40001: Maria Lopez
2026-03-03 13:09:05.399 | INFO     | src.agents.watcher_agent:_process_email:258 - UID 40001 descartado: el cuerpo no contiene ninguna de las palabras clave configuradas: ['Certificado', 'Hoja de vida', 'Curriculum']
2026-03-03 13:09:05.448 | INFO     | src.agents.watcher_agent:_process_email:215 -  Iniciando procesamiento para UID 40002
2026-03-03 13:09:05.450 | INFO     | src.agents.watcher_agent:_process_email:239 - UID=40002 Subject='Expediente Docente - Carlos Ruiz'
2026-03-03 13:09:05.451 | INFO     | src.agents.watcher_agent:_process_email:251 - Nombre extraído para UID 40002: Carlos Ruiz
2026-03-03 13:09:05.452 | INFO     | src.agents.watcher_agent:_process_email:267 - Carpeta destino para UID 40002: /tmp/pytest-of-genghis/pytest-2/test_body_keyword_acepta_corre0/Carlos_Ruiz
2026-03-03 13:09:05.454 | INFO     | src.agents.watcher_agent:_process_email:271 - Cuerpo guardado en info_mail_Carlos_Ruiz.txt
2026-03-03 13:09:05.455 | INFO     | src.agents.watcher_agent:_process_email:282 - Adjuntos guardados para UID 40002: 0 archivo(s)
2026-03-03 13:09:05.456 | SUCCESS  | src.agents.watcher_agent:_process_email:292 - Procesado UID 40002: 0 adjunto(s) guardado(s) en /tmp/pytest-of-genghis/pytest-2/test_body_keyword_acepta_corre0/Carlos_Ruiz
2026-03-03 13:09:05.460 | WARNING  | src.agents.watcher_agent:_load_processed_uids:441 - El archivo de UIDs está corrupto, se reiniciará
2026-03-03 13:09:05.463 | INFO     | src.agents.watcher_agent:run:65 - Watcher Agent iniciado
2026-03-03 13:09:05.464 | INFO     | src.agents.watcher_agent:run:79 -  Ciclo #1 de monitoreo iniciado
2026-03-03 13:09:05.465 | WARNING  | src.agents.watcher_agent:run:82 - No se pudo establecer conexión IMAP en el ciclo #1. Se reintentará en 60 segundos...
2026-03-03 13:09:05.465 | INFO     | src.agents.watcher_agent:run:105 - Watcher Agent detenido por el usuario (KeyboardInterrupt)
2026-03-03 13:09:21.437 | INFO     | src.agents.watcher_agent:_process_email:215 -  Iniciando procesamiento para UID 10552
2026-03-03 13:09:21.442 | INFO     | src.agents.watcher_agent:_process_email:239 - UID=10552 Subject='Expediente Docente - Juan Pérez'
2026-03-03 13:09:21.443 | INFO     | src.agents.watcher_agent:_process_email:251 - Nombre extraído para UID 10552: Juan Pérez
2026-03-03 13:09:21.446 | INFO     | src.agents.watcher_agent:_process_email:267 - Carpeta destino para UID 10552: /tmp/pytest-of-genghis/pytest-3/test_expediente_estandar_crea_0/Juan_Perez
2026-03-03 13:09:21.447 | INFO     | src.agents.watcher_agent:_process_email:271 - Cuerpo guardado en info_mail_Juan_Perez.txt
2026-03-03 13:09:21.451 | INFO     | src.agents.watcher_agent:_process_email:282 - Adjuntos guardados para UID 10552: 2 archivo(s)
2026-03-03 13:09:21.452 | SUCCESS  | src.agents.watcher_agent:_process_email:292 - Procesado UID 10552: 2 adjunto(s) guardado(s) en /tmp/pytest-of-genghis/pytest-3/test_expediente_estandar_crea_0/Juan_Perez
2026-03-03 13:09:21.458 | INFO     | src.agents.watcher_agent:_process_email:215 -  Iniciando procesamiento para UID 20001
2026-03-03 13:09:21.460 | INFO     | src.agents.watcher_agent:_process_email:239 - UID=20001 Subject='Expediente Docente'
2026-03-03 13:09:21.460 | INFO     | src.agents.watcher_agent:_process_email:251 - Nombre extraído para UID 20001: None
2026-03-03 13:09:21.462 | INFO     | src.agents.watcher_agent:_process_email:267 - Carpeta destino para UID 20001: /tmp/pytest-of-genghis/pytest-3/test_expediente_sin_nombre_usa0/Expediente_SinNombre_UID20001
2026-03-03 13:09:21.464 | INFO     | src.agents.watcher_agent:_process_email:271 - Cuerpo guardado en info_mail_UID20001.txt
2026-03-03 13:09:21.465 | INFO     | src.agents.watcher_agent:_process_email:282 - Adjuntos guardados para UID 20001: 0 archivo(s)
2026-03-03 13:09:21.466 | SUCCESS  | src.agents.watcher_agent:_process_email:292 - Procesado UID 20001: 0 adjunto(s) guardado(s) en /tmp/pytest-of-genghis/pytest-3/test_expediente_sin_nombre_usa0/Expediente_SinNombre_UID20001
2026-03-03 13:09:21.473 | INFO     | src.agents.watcher_agent:_process_email:215 -  Iniciando procesamiento para UID 99999
2026-03-03 13:09:21.473 | INFO     | src.agents.watcher_agent:_process_email:218 - UID 99999 ya procesado previamente, se omite
2026-03-03 13:09:21.490 | INFO     | src.agents.watcher_agent:_process_email:215 -  Iniciando procesamiento para UID 30001
2026-03-03 13:09:21.495 | INFO     | src.agents.watcher_agent:_process_email:239 - UID=30001 Subject='Expediente Docente - Juan Pérez'
2026-03-03 13:09:21.495 | INFO     | src.agents.watcher_agent:_process_email:251 - Nombre extraído para UID 30001: Juan Pérez
2026-03-03 13:09:21.498 | INFO     | src.agents.watcher_agent:_process_email:267 - Carpeta destino para UID 30001: /tmp/pytest-of-genghis/pytest-3/test_adjuntos_con_extension_no0/Juan_Perez
2026-03-03 13:09:21.499 | INFO     | src.agents.watcher_agent:_process_email:271 - Cuerpo guardado en info_mail_Juan_Perez.txt
2026-03-03 13:09:21.502 | INFO     | src.agents.watcher_agent:_process_email:282 - Adjuntos guardados para UID 30001: 1 archivo(s)
2026-03-03 13:09:21.503 | SUCCESS  | src.agents.watcher_agent:_process_email:292 - Procesado UID 30001: 1 adjunto(s) guardado(s) en /tmp/pytest-of-genghis/pytest-3/test_adjuntos_con_extension_no0/Juan_Perez
2026-03-03 13:09:21.508 | INFO     | src.agents.watcher_agent:_process_email:215 -  Iniciando procesamiento para UID 40001
2026-03-03 13:09:21.510 | INFO     | src.agents.watcher_agent:_process_email:239 - UID=40001 Subject='Expediente Docente - Maria Lopez'
2026-03-03 13:09:21.511 | INFO     | src.agents.watcher_agent:_process_email:251 - Nombre extraído para UID 40001: Maria Lopez
2026-03-03 13:09:21.512 | INFO     | src.agents.watcher_agent:_process_email:258 - UID 40001 descartado: el cuerpo no contiene ninguna de las palabras clave configuradas: ['Certificado', 'Hoja de vida', 'Curriculum']
2026-03-03 13:09:21.518 | INFO     | src.agents.watcher_agent:_process_email:215 -  Iniciando procesamiento para UID 40002
2026-03-03 13:09:21.520 | INFO     | src.agents.watcher_agent:_process_email:239 - UID=40002 Subject='Expediente Docente - Carlos Ruiz'
2026-03-03 13:09:21.520 | INFO     | src.agents.watcher_agent:_process_email:251 - Nombre extraído para UID 40002: Carlos Ruiz
2026-03-03 13:09:21.522 | INFO     | src.agents.watcher_agent:_process_email:267 - Carpeta destino para UID 40002: /tmp/pytest-of-genghis/pytest-3/test_body_keyword_acepta_corre0/Carlos_Ruiz
2026-03-03 13:09:21.523 | INFO     | src.agents.watcher_agent:_process_email:271 - Cuerpo guardado en info_mail_Carlos_Ruiz.txt
2026-03-03 13:09:21.524 | INFO     | src.agents.watcher_agent:_process_email:282 - Adjuntos guardados para UID 40002: 0 archivo(s)
2026-03-03 13:09:21.525 | SUCCESS  | src.agents.watcher_agent:_process_email:292 - Procesado UID 40002: 0 adjunto(s) guardado(s) en /tmp/pytest-of-genghis/pytest-3/test_body_keyword_acepta_corre0/Carlos_Ruiz
2026-03-03 13:09:21.529 | WARNING  | src.agents.watcher_agent:_load_processed_uids:441 - El archivo de UIDs está corrupto, se reiniciará
2026-03-03 13:09:21.532 | INFO     | src.agents.watcher_agent:run:65 - Watcher Agent iniciado
2026-03-03 13:09:21.533 | INFO     | src.agents.watcher_agent:run:79 -  Ciclo #1 de monitoreo iniciado
2026-03-03 13:09:21.533 | WARNING  | src.agents.watcher_agent:run:82 - No se pudo establecer conexión IMAP en el ciclo #1. Se reintentará en 60 segundos...
2026-03-03 13:09:21.534 | INFO     | src.agents.watcher_agent:run:105 - Watcher Agent detenido por el usuario (KeyboardInterrupt)
2026-03-03 13:33:52.504 | INFO     | src.agents.watcher_agent:_process_email:228 -  Iniciando procesamiento para UID 10552
2026-03-03 13:33:52.509 | INFO     | src.agents.watcher_agent:_process_email:252 - UID=10552 Subject='Expediente Docente - Juan Pérez'
2026-03-03 13:33:52.515 | INFO     | src.agents.watcher_agent:_process_email:271 - Nombre extraído para UID 10552: Juan Pérez
2026-03-03 13:33:52.516 | INFO     | src.agents.watcher_agent:_process_email:274 - Carpeta destino para UID 10552: /tmp/pytest-of-genghis/pytest-4/test_expediente_estandar_crea_0/Juan_Perez
2026-03-03 13:33:52.518 | INFO     | src.agents.watcher_agent:_process_email:278 - Cuerpo guardado en info_mail_Juan_Perez.txt
2026-03-03 13:33:52.521 | INFO     | src.agents.watcher_agent:_process_email:289 - Adjuntos guardados para UID 10552: 2 archivo(s)
2026-03-03 13:33:52.522 | SUCCESS  | src.agents.watcher_agent:_process_email:299 - Procesado UID 10552: 2 adjunto(s) guardado(s) en /tmp/pytest-of-genghis/pytest-4/test_expediente_estandar_crea_0/Juan_Perez
2026-03-03 13:33:52.529 | INFO     | src.agents.watcher_agent:_process_email:228 -  Iniciando procesamiento para UID 20001
2026-03-03 13:33:52.530 | INFO     | src.agents.watcher_agent:_process_email:252 - UID=20001 Subject='Expediente Docente'
2026-03-03 13:33:52.532 | INFO     | src.agents.watcher_agent:_process_email:271 - Nombre extraído para UID 20001: None
2026-03-03 13:33:52.533 | INFO     | src.agents.watcher_agent:_process_email:274 - Carpeta destino para UID 20001: /tmp/pytest-of-genghis/pytest-4/test_expediente_sin_nombre_usa0/Expediente_SinNombre_UID20001
2026-03-03 13:33:52.534 | INFO     | src.agents.watcher_agent:_process_email:278 - Cuerpo guardado en info_mail_UID20001.txt
2026-03-03 13:33:52.535 | INFO     | src.agents.watcher_agent:_process_email:289 - Adjuntos guardados para UID 20001: 0 archivo(s)
2026-03-03 13:33:52.536 | SUCCESS  | src.agents.watcher_agent:_process_email:299 - Procesado UID 20001: 0 adjunto(s) guardado(s) en /tmp/pytest-of-genghis/pytest-4/test_expediente_sin_nombre_usa0/Expediente_SinNombre_UID20001
2026-03-03 13:33:52.543 | INFO     | src.agents.watcher_agent:_process_email:228 -  Iniciando procesamiento para UID 99999
2026-03-03 13:33:52.544 | INFO     | src.agents.watcher_agent:_process_email:231 - UID 99999 ya procesado previamente, se omite
2026-03-03 13:33:52.561 | INFO     | src.agents.watcher_agent:_process_email:228 -  Iniciando procesamiento para UID 30001
2026-03-03 13:33:52.566 | INFO     | src.agents.watcher_agent:_process_email:252 - UID=30001 Subject='Expediente Docente - Juan Pérez'
2026-03-03 13:33:52.569 | INFO     | src.agents.watcher_agent:_process_email:271 - Nombre extraído para UID 30001: Juan Pérez
2026-03-03 13:33:52.570 | INFO     | src.agents.watcher_agent:_process_email:274 - Carpeta destino para UID 30001: /tmp/pytest-of-genghis/pytest-4/test_adjuntos_con_extension_no0/Juan_Perez
2026-03-03 13:33:52.572 | INFO     | src.agents.watcher_agent:_process_email:278 - Cuerpo guardado en info_mail_Juan_Perez.txt
2026-03-03 13:33:52.575 | INFO     | src.agents.watcher_agent:_process_email:289 - Adjuntos guardados para UID 30001: 1 archivo(s)
2026-03-03 13:33:52.576 | SUCCESS  | src.agents.watcher_agent:_process_email:299 - Procesado UID 30001: 1 adjunto(s) guardado(s) en /tmp/pytest-of-genghis/pytest-4/test_adjuntos_con_extension_no0/Juan_Perez
2026-03-03 13:33:52.583 | INFO     | src.agents.watcher_agent:_process_email:228 -  Iniciando procesamiento para UID 40001
2026-03-03 13:33:52.585 | INFO     | src.agents.watcher_agent:_process_email:252 - UID=40001 Subject='Consulta administrativa - Maria Lopez'
2026-03-03 13:33:52.587 | INFO     | src.agents.watcher_agent:_process_email:262 - UID 40001 descartado: ni el asunto ni el cuerpo contienen las palabras clave configuradas
2026-03-03 13:33:52.595 | INFO     | src.agents.watcher_agent:_process_email:228 -  Iniciando procesamiento para UID 40002
2026-03-03 13:33:52.596 | INFO     | src.agents.watcher_agent:_process_email:252 - UID=40002 Subject='Documentos adjuntos - Carlos Ruiz'
2026-03-03 13:33:52.598 | INFO     | src.agents.watcher_agent:_process_email:271 - Nombre extraído para UID 40002: Carlos Ruiz
2026-03-03 13:33:52.600 | INFO     | src.agents.watcher_agent:_process_email:274 - Carpeta destino para UID 40002: /tmp/pytest-of-genghis/pytest-4/test_correo_con_keyword_solo_e0/Carlos_Ruiz
2026-03-03 13:33:52.601 | INFO     | src.agents.watcher_agent:_process_email:278 - Cuerpo guardado en info_mail_Carlos_Ruiz.txt
2026-03-03 13:33:52.602 | INFO     | src.agents.watcher_agent:_process_email:289 - Adjuntos guardados para UID 40002: 0 archivo(s)
2026-03-03 13:33:52.603 | SUCCESS  | src.agents.watcher_agent:_process_email:299 - Procesado UID 40002: 0 adjunto(s) guardado(s) en /tmp/pytest-of-genghis/pytest-4/test_correo_con_keyword_solo_e0/Carlos_Ruiz
2026-03-03 13:33:52.611 | INFO     | src.agents.watcher_agent:_process_email:228 -  Iniciando procesamiento para UID 50001
2026-03-03 13:33:52.612 | INFO     | src.agents.watcher_agent:_process_email:252 - UID=50001 Subject='Expediente Docente - Ana Torres'
2026-03-03 13:33:52.614 | INFO     | src.agents.watcher_agent:_process_email:271 - Nombre extraído para UID 50001: Ana Torres
2026-03-03 13:33:52.615 | INFO     | src.agents.watcher_agent:_process_email:274 - Carpeta destino para UID 50001: /tmp/pytest-of-genghis/pytest-4/test_correo_con_keyword_solo_e1/Ana_Torres
2026-03-03 13:33:52.617 | INFO     | src.agents.watcher_agent:_process_email:278 - Cuerpo guardado en info_mail_Ana_Torres.txt
2026-03-03 13:33:52.617 | INFO     | src.agents.watcher_agent:_process_email:289 - Adjuntos guardados para UID 50001: 0 archivo(s)
2026-03-03 13:33:52.618 | SUCCESS  | src.agents.watcher_agent:_process_email:299 - Procesado UID 50001: 0 adjunto(s) guardado(s) en /tmp/pytest-of-genghis/pytest-4/test_correo_con_keyword_solo_e1/Ana_Torres
2026-03-03 13:33:52.623 | WARNING  | src.agents.watcher_agent:_load_processed_uids:448 - El archivo de UIDs está corrupto, se reiniciará
2026-03-03 13:33:52.628 | INFO     | src.agents.watcher_agent:run:65 - Watcher Agent iniciado
2026-03-03 13:33:52.629 | INFO     | src.agents.watcher_agent:run:79 -  Ciclo #1 de monitoreo iniciado
2026-03-03 13:33:52.629 | WARNING  | src.agents.watcher_agent:run:82 - No se pudo establecer conexión IMAP en el ciclo #1. Se reintentará en 60 segundos...
2026-03-03 13:33:52.630 | INFO     | src.agents.watcher_agent:run:105 - Watcher Agent detenido por el usuario (KeyboardInterrupt)
2026-03-08 20:44:05.299 | INFO     | src.agents.watcher_agent:_process_email:233 -  Iniciando procesamiento para UID 10552
2026-03-08 20:44:05.307 | INFO     | src.agents.watcher_agent:_process_email:257 - UID=10552 Subject='Expediente Docente - Juan Pérez'
2026-03-08 20:44:05.312 | INFO     | src.agents.watcher_agent:_process_email:294 - Nombre extraído para UID 10552: Juan Pérez
2026-03-08 20:44:05.314 | INFO     | src.agents.watcher_agent:_process_email:297 - Carpeta destino para UID 10552: /tmp/pytest-of-genghis/pytest-0/test_expediente_estandar_crea_0/Juan_Perez
2026-03-08 20:44:05.315 | INFO     | src.agents.watcher_agent:_process_email:301 - Cuerpo guardado en info_mail_Juan_Perez.txt
2026-03-08 20:44:05.318 | INFO     | src.agents.watcher_agent:_process_email:312 - Adjuntos guardados para UID 10552: 2 archivo(s)
2026-03-08 20:44:05.319 | SUCCESS  | src.agents.watcher_agent:_process_email:323 - Procesado UID 10552: 2 adjunto(s) guardado(s) en /tmp/pytest-of-genghis/pytest-0/test_expediente_estandar_crea_0/Juan_Perez
2026-03-08 20:44:05.328 | INFO     | src.agents.watcher_agent:_process_email:233 -  Iniciando procesamiento para UID 20001
2026-03-08 20:44:05.332 | INFO     | src.agents.watcher_agent:_process_email:257 - UID=20001 Subject='Expediente Docente'
2026-03-08 20:44:05.336 | INFO     | src.agents.watcher_agent:_process_email:294 - Nombre extraído para UID 20001: None
2026-03-08 20:44:05.336 | INFO     | src.agents.watcher_agent:_process_email:297 - Carpeta destino para UID 20001: /tmp/pytest-of-genghis/pytest-0/test_expediente_sin_nombre_usa0/Expediente_SinNombre_UID20001
2026-03-08 20:44:05.338 | INFO     | src.agents.watcher_agent:_process_email:301 - Cuerpo guardado en info_mail_UID20001.txt
2026-03-08 20:44:05.340 | INFO     | src.agents.watcher_agent:_process_email:312 - Adjuntos guardados para UID 20001: 1 archivo(s)
2026-03-08 20:44:05.341 | SUCCESS  | src.agents.watcher_agent:_process_email:323 - Procesado UID 20001: 1 adjunto(s) guardado(s) en /tmp/pytest-of-genghis/pytest-0/test_expediente_sin_nombre_usa0/Expediente_SinNombre_UID20001
2026-03-08 20:44:05.347 | INFO     | src.agents.watcher_agent:_process_email:233 -  Iniciando procesamiento para UID 99999
2026-03-08 20:44:05.347 | INFO     | src.agents.watcher_agent:_process_email:236 - UID 99999 ya procesado previamente, se omite
2026-03-08 20:44:05.363 | INFO     | src.agents.watcher_agent:_process_email:233 -  Iniciando procesamiento para UID 30001
2026-03-08 20:44:05.368 | INFO     | src.agents.watcher_agent:_process_email:257 - UID=30001 Subject='Expediente Docente - Juan Pérez'
2026-03-08 20:44:05.373 | INFO     | src.agents.watcher_agent:_process_email:294 - Nombre extraído para UID 30001: Juan Pérez
2026-03-08 20:44:05.374 | INFO     | src.agents.watcher_agent:_process_email:297 - Carpeta destino para UID 30001: /tmp/pytest-of-genghis/pytest-0/test_adjuntos_con_extension_no0/Juan_Perez
2026-03-08 20:44:05.375 | INFO     | src.agents.watcher_agent:_process_email:301 - Cuerpo guardado en info_mail_Juan_Perez.txt
2026-03-08 20:44:05.378 | INFO     | src.agents.watcher_agent:_process_email:312 - Adjuntos guardados para UID 30001: 1 archivo(s)
2026-03-08 20:44:05.379 | SUCCESS  | src.agents.watcher_agent:_process_email:323 - Procesado UID 30001: 1 adjunto(s) guardado(s) en /tmp/pytest-of-genghis/pytest-0/test_adjuntos_con_extension_no0/Juan_Perez
2026-03-08 20:44:05.385 | INFO     | src.agents.watcher_agent:_process_email:233 -  Iniciando procesamiento para UID 40001
2026-03-08 20:44:05.386 | INFO     | src.agents.watcher_agent:_process_email:257 - UID=40001 Subject='Consulta administrativa - Maria Lopez'
2026-03-08 20:44:05.388 | INFO     | src.agents.watcher_agent:_process_email:276 - UID 40001 descartado: ni el asunto ni el cuerpo contienen las palabras clave configuradas
2026-03-08 20:44:05.395 | INFO     | src.agents.watcher_agent:_process_email:233 -  Iniciando procesamiento para UID 40002
2026-03-08 20:44:05.399 | INFO     | src.agents.watcher_agent:_process_email:257 - UID=40002 Subject='Documentos adjuntos - Carlos Ruiz'
2026-03-08 20:44:05.403 | INFO     | src.agents.watcher_agent:_process_email:294 - Nombre extraído para UID 40002: Carlos Ruiz
2026-03-08 20:44:05.403 | INFO     | src.agents.watcher_agent:_process_email:297 - Carpeta destino para UID 40002: /tmp/pytest-of-genghis/pytest-0/test_correo_con_keyword_solo_e0/Carlos_Ruiz
2026-03-08 20:44:05.405 | INFO     | src.agents.watcher_agent:_process_email:301 - Cuerpo guardado en info_mail_Carlos_Ruiz.txt
2026-03-08 20:44:05.407 | INFO     | src.agents.watcher_agent:_process_email:312 - Adjuntos guardados para UID 40002: 1 archivo(s)
2026-03-08 20:44:05.408 | SUCCESS  | src.agents.watcher_agent:_process_email:323 - Procesado UID 40002: 1 adjunto(s) guardado(s) en /tmp/pytest-of-genghis/pytest-0/test_correo_con_keyword_solo_e0/Carlos_Ruiz
2026-03-08 20:44:05.415 | INFO     | src.agents.watcher_agent:_process_email:233 -  Iniciando procesamiento para UID 50001
2026-03-08 20:44:05.418 | INFO     | src.agents.watcher_agent:_process_email:257 - UID=50001 Subject='Expediente Docente - Ana Torres'
2026-03-08 20:44:05.422 | INFO     | src.agents.watcher_agent:_process_email:294 - Nombre extraído para UID 50001: Ana Torres
2026-03-08 20:44:05.423 | INFO     | src.agents.watcher_agent:_process_email:297 - Carpeta destino para UID 50001: /tmp/pytest-of-genghis/pytest-0/test_correo_con_keyword_solo_e1/Ana_Torres
2026-03-08 20:44:05.424 | INFO     | src.agents.watcher_agent:_process_email:301 - Cuerpo guardado en info_mail_Ana_Torres.txt
2026-03-08 20:44:05.426 | INFO     | src.agents.watcher_agent:_process_email:312 - Adjuntos guardados para UID 50001: 1 archivo(s)
2026-03-08 20:44:05.427 | SUCCESS  | src.agents.watcher_agent:_process_email:323 - Procesado UID 50001: 1 adjunto(s) guardado(s) en /tmp/pytest-of-genghis/pytest-0/test_correo_con_keyword_solo_e1/Ana_Torres
2026-03-08 20:44:05.432 | INFO     | src.agents.watcher_agent:_process_email:233 -  Iniciando procesamiento para UID 60001
2026-03-08 20:44:05.434 | INFO     | src.agents.watcher_agent:_process_email:257 - UID=60001 Subject='Expediente Docente - Pedro García'
2026-03-08 20:44:05.436 | INFO     | src.agents.watcher_agent:_process_email:285 - UID 60001 descartado: no contiene adjuntos en formato PDF o JPG requeridos
2026-03-08 20:44:05.445 | INFO     | src.agents.watcher_agent:_process_email:233 -  Iniciando procesamiento para UID 60002
2026-03-08 20:44:05.450 | INFO     | src.agents.watcher_agent:_process_email:257 - UID=60002 Subject='Expediente Docente - Pedro García'
2026-03-08 20:44:05.454 | INFO     | src.agents.watcher_agent:_process_email:285 - UID 60002 descartado: no contiene adjuntos en formato PDF o JPG requeridos
2026-03-08 20:44:05.462 | INFO     | src.agents.watcher_agent:_process_email:233 -  Iniciando procesamiento para UID 60003
2026-03-08 20:44:05.466 | INFO     | src.agents.watcher_agent:_process_email:257 - UID=60003 Subject='Expediente Docente - María López'
2026-03-08 20:44:05.470 | INFO     | src.agents.watcher_agent:_process_email:294 - Nombre extraído para UID 60003: María López
2026-03-08 20:44:05.471 | INFO     | src.agents.watcher_agent:_process_email:297 - Carpeta destino para UID 60003: /tmp/pytest-of-genghis/pytest-0/test_correo_con_adjunto_pdf_se0/Maria_Lopez
2026-03-08 20:44:05.472 | INFO     | src.agents.watcher_agent:_process_email:301 - Cuerpo guardado en info_mail_Maria_Lopez.txt
2026-03-08 20:44:05.474 | INFO     | src.agents.watcher_agent:_process_email:312 - Adjuntos guardados para UID 60003: 1 archivo(s)
2026-03-08 20:44:05.475 | SUCCESS  | src.agents.watcher_agent:_process_email:323 - Procesado UID 60003: 1 adjunto(s) guardado(s) en /tmp/pytest-of-genghis/pytest-0/test_correo_con_adjunto_pdf_se0/Maria_Lopez
2026-03-08 20:44:05.483 | INFO     | src.agents.watcher_agent:_process_email:233 -  Iniciando procesamiento para UID 60004
2026-03-08 20:44:05.487 | INFO     | src.agents.watcher_agent:_process_email:257 - UID=60004 Subject='Expediente Docente - María López'
2026-03-08 20:44:05.490 | INFO     | src.agents.watcher_agent:_process_email:294 - Nombre extraído para UID 60004: María López
2026-03-08 20:44:05.491 | INFO     | src.agents.watcher_agent:_process_email:297 - Carpeta destino para UID 60004: /tmp/pytest-of-genghis/pytest-0/test_correo_con_adjunto_jpg_se0/Maria_Lopez
2026-03-08 20:44:05.493 | INFO     | src.agents.watcher_agent:_process_email:301 - Cuerpo guardado en info_mail_Maria_Lopez.txt
2026-03-08 20:44:05.495 | INFO     | src.agents.watcher_agent:_process_email:312 - Adjuntos guardados para UID 60004: 1 archivo(s)
2026-03-08 20:44:05.496 | SUCCESS  | src.agents.watcher_agent:_process_email:323 - Procesado UID 60004: 1 adjunto(s) guardado(s) en /tmp/pytest-of-genghis/pytest-0/test_correo_con_adjunto_jpg_se0/Maria_Lopez
2026-03-08 20:44:05.499 | WARNING  | src.agents.watcher_agent:_load_state:485 - El archivo de UIDs está corrupto, se reiniciará
2026-03-08 20:44:05.506 | INFO     | src.agents.watcher_agent:_process_email:233 -  Iniciando procesamiento para UID 10001
2026-03-08 20:44:05.509 | INFO     | src.agents.watcher_agent:_process_email:257 - UID=10001 Subject='Expediente Docente - Juan Pérez'
2026-03-08 20:44:05.513 | INFO     | src.agents.watcher_agent:_process_email:294 - Nombre extraído para UID 10001: Juan Pérez
2026-03-08 20:44:05.514 | INFO     | src.agents.watcher_agent:_process_email:297 - Carpeta destino para UID 10001: /tmp/pytest-of-genghis/pytest-0/test_correo_reenviado_con_mism0/Juan_Perez
2026-03-08 20:44:05.515 | INFO     | src.agents.watcher_agent:_process_email:301 - Cuerpo guardado en info_mail_Juan_Perez.txt
2026-03-08 20:44:05.517 | INFO     | src.agents.watcher_agent:_process_email:312 - Adjuntos guardados para UID 10001: 1 archivo(s)
2026-03-08 20:44:05.518 | SUCCESS  | src.agents.watcher_agent:_process_email:323 - Procesado UID 10001: 1 adjunto(s) guardado(s) en /tmp/pytest-of-genghis/pytest-0/test_correo_reenviado_con_mism0/Juan_Perez
2026-03-08 20:44:05.519 | INFO     | src.agents.watcher_agent:_process_email:233 -  Iniciando procesamiento para UID 10002
2026-03-08 20:44:05.522 | INFO     | src.agents.watcher_agent:_process_email:257 - UID=10002 Subject='Expediente Docente - Juan Pérez'
2026-03-08 20:44:05.525 | INFO     | src.agents.watcher_agent:_process_email:263 - UID 10002 es un duplicado por contenido (fingerprint=c5be1304f5ba…), se omite
2026-03-08 20:44:05.535 | INFO     | src.agents.watcher_agent:_process_email:233 -  Iniciando procesamiento para UID 30001
2026-03-08 20:44:05.539 | INFO     | src.agents.watcher_agent:_process_email:257 - UID=30001 Subject='Expediente Docente - Juan Pérez'
2026-03-08 20:44:05.542 | INFO     | src.agents.watcher_agent:_process_email:294 - Nombre extraído para UID 30001: Juan Pérez
2026-03-08 20:44:05.543 | INFO     | src.agents.watcher_agent:_process_email:297 - Carpeta destino para UID 30001: /tmp/pytest-of-genghis/pytest-0/test_mismo_contenido_distinto_0/Juan_Perez
2026-03-08 20:44:05.544 | INFO     | src.agents.watcher_agent:_process_email:301 - Cuerpo guardado en info_mail_Juan_Perez.txt
2026-03-08 20:44:05.546 | INFO     | src.agents.watcher_agent:_process_email:312 - Adjuntos guardados para UID 30001: 1 archivo(s)
2026-03-08 20:44:05.547 | SUCCESS  | src.agents.watcher_agent:_process_email:323 - Procesado UID 30001: 1 adjunto(s) guardado(s) en /tmp/pytest-of-genghis/pytest-0/test_mismo_contenido_distinto_0/Juan_Perez
2026-03-08 20:44:05.548 | INFO     | src.agents.watcher_agent:_process_email:233 -  Iniciando procesamiento para UID 30002
2026-03-08 20:44:05.551 | INFO     | src.agents.watcher_agent:_process_email:257 - UID=30002 Subject='Expediente Docente - Juan Pérez'
2026-03-08 20:44:05.555 | INFO     | src.agents.watcher_agent:_process_email:294 - Nombre extraído para UID 30002: Juan Pérez
2026-03-08 20:44:05.556 | INFO     | src.agents.watcher_agent:_process_email:297 - Carpeta destino para UID 30002: /tmp/pytest-of-genghis/pytest-0/test_mismo_contenido_distinto_0/Juan_Perez
2026-03-08 20:44:05.557 | INFO     | src.agents.watcher_agent:_process_email:301 - Cuerpo guardado en info_mail_Juan_Perez.txt
2026-03-08 20:44:05.560 | INFO     | src.agents.watcher_agent:_process_email:312 - Adjuntos guardados para UID 30002: 1 archivo(s)
2026-03-08 20:44:05.561 | SUCCESS  | src.agents.watcher_agent:_process_email:323 - Procesado UID 30002: 1 adjunto(s) guardado(s) en /tmp/pytest-of-genghis/pytest-0/test_mismo_contenido_distinto_0/Juan_Perez
2026-03-08 20:44:05.568 | INFO     | src.agents.watcher_agent:_process_email:233 -  Iniciando procesamiento para UID 20001
2026-03-08 20:44:05.572 | INFO     | src.agents.watcher_agent:_process_email:257 - UID=20001 Subject='Expediente Docente - Ana Torres'
2026-03-08 20:44:05.576 | INFO     | src.agents.watcher_agent:_process_email:294 - Nombre extraído para UID 20001: Ana Torres
2026-03-08 20:44:05.577 | INFO     | src.agents.watcher_agent:_process_email:297 - Carpeta destino para UID 20001: /tmp/pytest-of-genghis/pytest-0/test_fingerprint_se_persiste_e0/Ana_Torres
2026-03-08 20:44:05.578 | INFO     | src.agents.watcher_agent:_process_email:301 - Cuerpo guardado en info_mail_Ana_Torres.txt
2026-03-08 20:44:05.580 | INFO     | src.agents.watcher_agent:_process_email:312 - Adjuntos guardados para UID 20001: 1 archivo(s)
2026-03-08 20:44:05.581 | SUCCESS  | src.agents.watcher_agent:_process_email:323 - Procesado UID 20001: 1 adjunto(s) guardado(s) en /tmp/pytest-of-genghis/pytest-0/test_fingerprint_se_persiste_e0/Ana_Torres
2026-03-08 20:44:05.600 | INFO     | src.agents.watcher_agent:_process_email:233 -  Iniciando procesamiento para UID 70001
2026-03-08 20:44:05.603 | INFO     | src.agents.watcher_agent:_process_email:257 - UID=70001 Subject='CV - Juan Pérez'
2026-03-08 20:44:05.607 | INFO     | src.agents.watcher_agent:_process_email:294 - Nombre extraído para UID 70001: Juan Pérez
2026-03-08 20:44:05.608 | INFO     | src.agents.watcher_agent:_process_email:297 - Carpeta destino para UID 70001: /tmp/pytest-of-genghis/pytest-0/test_keyword_corta_en_asunto_m0/Juan_Perez
2026-03-08 20:44:05.609 | INFO     | src.agents.watcher_agent:_process_email:301 - Cuerpo guardado en info_mail_Juan_Perez.txt
2026-03-08 20:44:05.611 | INFO     | src.agents.watcher_agent:_process_email:312 - Adjuntos guardados para UID 70001: 1 archivo(s)
2026-03-08 20:44:05.612 | SUCCESS  | src.agents.watcher_agent:_process_email:323 - Procesado UID 70001: 1 adjunto(s) guardado(s) en /tmp/pytest-of-genghis/pytest-0/test_keyword_corta_en_asunto_m0/Juan_Perez
2026-03-08 20:44:05.619 | INFO     | src.agents.watcher_agent:_process_email:233 -  Iniciando procesamiento para UID 70002
2026-03-08 20:44:05.622 | INFO     | src.agents.watcher_agent:_process_email:257 - UID=70002 Subject='Fwd: Expediente Docente - Juan Pérez'
2026-03-08 20:44:05.626 | INFO     | src.agents.watcher_agent:_process_email:294 - Nombre extraído para UID 70002: Juan Pérez
2026-03-08 20:44:05.626 | INFO     | src.agents.watcher_agent:_process_email:297 - Carpeta destino para UID 70002: /tmp/pytest-of-genghis/pytest-0/test_correo_con_prefijo_fwd_se0/Juan_Perez
2026-03-08 20:44:05.627 | INFO     | src.agents.watcher_agent:_process_email:301 - Cuerpo guardado en info_mail_Juan_Perez.txt
2026-03-08 20:44:05.630 | INFO     | src.agents.watcher_agent:_process_email:312 - Adjuntos guardados para UID 70002: 1 archivo(s)
2026-03-08 20:44:05.631 | SUCCESS  | src.agents.watcher_agent:_process_email:323 - Procesado UID 70002: 1 adjunto(s) guardado(s) en /tmp/pytest-of-genghis/pytest-0/test_correo_con_prefijo_fwd_se0/Juan_Perez
2026-03-08 20:44:05.637 | INFO     | src.agents.watcher_agent:_process_email:233 -  Iniciando procesamiento para UID 70003
2026-03-08 20:44:05.641 | INFO     | src.agents.watcher_agent:_process_email:257 - UID=70003 Subject='Re: Expediente Docente - Ana Torres'
2026-03-08 20:44:05.644 | INFO     | src.agents.watcher_agent:_process_email:294 - Nombre extraído para UID 70003: Ana Torres
2026-03-08 20:44:05.645 | INFO     | src.agents.watcher_agent:_process_email:297 - Carpeta destino para UID 70003: /tmp/pytest-of-genghis/pytest-0/test_correo_con_prefijo_re_se_0/Ana_Torres
2026-03-08 20:44:05.646 | INFO     | src.agents.watcher_agent:_process_email:301 - Cuerpo guardado en info_mail_Ana_Torres.txt
2026-03-08 20:44:05.648 | INFO     | src.agents.watcher_agent:_process_email:312 - Adjuntos guardados para UID 70003: 1 archivo(s)
2026-03-08 20:44:05.649 | SUCCESS  | src.agents.watcher_agent:_process_email:323 - Procesado UID 70003: 1 adjunto(s) guardado(s) en /tmp/pytest-of-genghis/pytest-0/test_correo_con_prefijo_re_se_0/Ana_Torres
2026-03-08 20:44:05.656 | INFO     | src.agents.watcher_agent:_process_email:233 -  Iniciando procesamiento para UID 70004
2026-03-08 20:44:05.659 | INFO     | src.agents.watcher_agent:_process_email:257 - UID=70004 Subject='Fwd: Re: Fwd: Expediente Docente - Carlos Ruiz'
2026-03-08 20:44:05.663 | INFO     | src.agents.watcher_agent:_process_email:294 - Nombre extraído para UID 70004: Carlos Ruiz
2026-03-08 20:44:05.663 | INFO     | src.agents.watcher_agent:_process_email:297 - Carpeta destino para UID 70004: /tmp/pytest-of-genghis/pytest-0/test_correo_con_multiples_pref0/Carlos_Ruiz
2026-03-08 20:44:05.665 | INFO     | src.agents.watcher_agent:_process_email:301 - Cuerpo guardado en info_mail_Carlos_Ruiz.txt
2026-03-08 20:44:05.667 | INFO     | src.agents.watcher_agent:_process_email:312 - Adjuntos guardados para UID 70004: 1 archivo(s)
2026-03-08 20:44:05.668 | SUCCESS  | src.agents.watcher_agent:_process_email:323 - Procesado UID 70004: 1 adjunto(s) guardado(s) en /tmp/pytest-of-genghis/pytest-0/test_correo_con_multiples_pref0/Carlos_Ruiz
2026-03-08 20:44:05.674 | INFO     | src.agents.watcher_agent:_process_email:233 -  Iniciando procesamiento para UID 70005
2026-03-08 20:44:05.678 | INFO     | src.agents.watcher_agent:_process_email:257 - UID=70005 Subject='Expediente Docente - Juan Pérez'
2026-03-08 20:44:05.682 | INFO     | src.agents.watcher_agent:_process_email:294 - Nombre extraído para UID 70005: Juan Pérez
2026-03-08 20:44:05.683 | INFO     | src.agents.watcher_agent:_process_email:297 - Carpeta destino para UID 70005: /tmp/pytest-of-genghis/pytest-0/test_adjunto_jpeg_se_acepta0/Juan_Perez
2026-03-08 20:44:05.685 | INFO     | src.agents.watcher_agent:_process_email:301 - Cuerpo guardado en info_mail_Juan_Perez.txt
2026-03-08 20:44:05.686 | INFO     | src.agents.watcher_agent:_process_email:312 - Adjuntos guardados para UID 70005: 1 archivo(s)
2026-03-08 20:44:05.688 | SUCCESS  | src.agents.watcher_agent:_process_email:323 - Procesado UID 70005: 1 adjunto(s) guardado(s) en /tmp/pytest-of-genghis/pytest-0/test_adjunto_jpeg_se_acepta0/Juan_Perez
2026-03-08 20:44:05.696 | INFO     | src.agents.watcher_agent:_process_email:233 -  Iniciando procesamiento para UID 70006
2026-03-08 20:44:05.701 | INFO     | src.agents.watcher_agent:_process_email:257 - UID=70006 Subject='Expediente Docente - Juan Pérez'
2026-03-08 20:44:05.705 | INFO     | src.agents.watcher_agent:_process_email:294 - Nombre extraído para UID 70006: Juan Pérez
2026-03-08 20:44:05.706 | INFO     | src.agents.watcher_agent:_process_email:297 - Carpeta destino para UID 70006: /tmp/pytest-of-genghis/pytest-0/test_adjunto_con_extension_may0/Juan_Perez
2026-03-08 20:44:05.708 | INFO     | src.agents.watcher_agent:_process_email:301 - Cuerpo guardado en info_mail_Juan_Perez.txt
2026-03-08 20:44:05.711 | INFO     | src.agents.watcher_agent:_process_email:312 - Adjuntos guardados para UID 70006: 2 archivo(s)
2026-03-08 20:44:05.712 | SUCCESS  | src.agents.watcher_agent:_process_email:323 - Procesado UID 70006: 2 adjunto(s) guardado(s) en /tmp/pytest-of-genghis/pytest-0/test_adjunto_con_extension_may0/Juan_Perez
2026-03-08 20:44:05.723 | INFO     | src.agents.watcher_agent:_process_email:233 -  Iniciando procesamiento para UID 80001
2026-03-08 20:44:05.728 | INFO     | src.agents.watcher_agent:_process_email:257 - UID=80001 Subject=''
2026-03-08 20:44:05.731 | INFO     | src.agents.watcher_agent:_process_email:294 - Nombre extraído para UID 80001: None
2026-03-08 20:44:05.732 | INFO     | src.agents.watcher_agent:_process_email:297 - Carpeta destino para UID 80001: /tmp/pytest-of-genghis/pytest-0/test_correo_sin_asunto0/Expediente_SinNombre_UID80001
2026-03-08 20:44:05.734 | INFO     | src.agents.watcher_agent:_process_email:301 - Cuerpo guardado en info_mail_UID80001.txt
2026-03-08 20:44:05.736 | INFO     | src.agents.watcher_agent:_process_email:312 - Adjuntos guardados para UID 80001: 1 archivo(s)
2026-03-08 20:44:05.737 | SUCCESS  | src.agents.watcher_agent:_process_email:323 - Procesado UID 80001: 1 adjunto(s) guardado(s) en /tmp/pytest-of-genghis/pytest-0/test_correo_sin_asunto0/Expediente_SinNombre_UID80001
2026-03-08 20:44:05.745 | INFO     | src.agents.watcher_agent:_process_email:233 -  Iniciando procesamiento para UID 80002
2026-03-08 20:44:05.752 | INFO     | src.agents.watcher_agent:_process_email:257 - UID=80002 Subject='Expediente Docente - María López'
2026-03-08 20:44:05.756 | INFO     | src.agents.watcher_agent:_process_email:294 - Nombre extraído para UID 80002: María López
2026-03-08 20:44:05.757 | INFO     | src.agents.watcher_agent:_process_email:297 - Carpeta destino para UID 80002: /tmp/pytest-of-genghis/pytest-0/test_correo_con_cuerpo_vacio0/Maria_Lopez
2026-03-08 20:44:05.758 | INFO     | src.agents.watcher_agent:_process_email:301 - Cuerpo guardado en info_mail_Maria_Lopez.txt
2026-03-08 20:44:05.761 | INFO     | src.agents.watcher_agent:_process_email:312 - Adjuntos guardados para UID 80002: 1 archivo(s)
2026-03-08 20:44:05.762 | SUCCESS  | src.agents.watcher_agent:_process_email:323 - Procesado UID 80002: 1 adjunto(s) guardado(s) en /tmp/pytest-of-genghis/pytest-0/test_correo_con_cuerpo_vacio0/Maria_Lopez
2026-03-08 20:44:05.770 | INFO     | src.agents.watcher_agent:_process_email:233 -  Iniciando procesamiento para UID 80003
2026-03-08 20:44:05.774 | INFO     | src.agents.watcher_agent:_process_email:257 - UID=80003 Subject='Consulta general'
2026-03-08 20:44:05.778 | INFO     | src.agents.watcher_agent:_process_email:294 - Nombre extraído para UID 80003: None
2026-03-08 20:44:05.780 | INFO     | src.agents.watcher_agent:_process_email:297 - Carpeta destino para UID 80003: /tmp/pytest-of-genghis/pytest-0/test_correo_html_only_sin_text0/Expediente_SinNombre_UID80003
2026-03-08 20:44:05.781 | INFO     | src.agents.watcher_agent:_process_email:301 - Cuerpo guardado en info_mail_UID80003.txt
2026-03-08 20:44:05.783 | INFO     | src.agents.watcher_agent:_process_email:312 - Adjuntos guardados para UID 80003: 1 archivo(s)
2026-03-08 20:44:05.784 | SUCCESS  | src.agents.watcher_agent:_process_email:323 - Procesado UID 80003: 1 adjunto(s) guardado(s) en /tmp/pytest-of-genghis/pytest-0/test_correo_html_only_sin_text0/Expediente_SinNombre_UID80003
2026-03-08 20:44:05.791 | INFO     | src.agents.watcher_agent:_process_email:233 -  Iniciando procesamiento para UID 80004
2026-03-08 20:44:05.795 | INFO     | src.agents.watcher_agent:_process_email:257 - UID=80004 Subject='Documentos adjuntos'
2026-03-08 20:44:05.798 | INFO     | src.agents.watcher_agent:_process_email:276 - UID 80004 descartado: ni el asunto ni el cuerpo contienen las palabras clave configuradas
2026-03-08 20:44:05.807 | INFO     | src.agents.watcher_agent:_process_email:233 -  Iniciando procesamiento para UID 80005
2026-03-08 20:44:05.811 | INFO     | src.agents.watcher_agent:_process_email:257 - UID=80005 Subject='CERTIFICADO DE NOTAS - Juan Pérez'
2026-03-08 20:44:05.815 | INFO     | src.agents.watcher_agent:_process_email:294 - Nombre extraído para UID 80005: Juan Pérez
2026-03-08 20:44:05.816 | INFO     | src.agents.watcher_agent:_process_email:297 - Carpeta destino para UID 80005: /tmp/pytest-of-genghis/pytest-0/test_keyword_case_insensitive_0/Juan_Perez
2026-03-08 20:44:05.817 | INFO     | src.agents.watcher_agent:_process_email:301 - Cuerpo guardado en info_mail_Juan_Perez.txt
2026-03-08 20:44:05.819 | INFO     | src.agents.watcher_agent:_process_email:312 - Adjuntos guardados para UID 80005: 1 archivo(s)
2026-03-08 20:44:05.820 | SUCCESS  | src.agents.watcher_agent:_process_email:323 - Procesado UID 80005: 1 adjunto(s) guardado(s) en /tmp/pytest-of-genghis/pytest-0/test_keyword_case_insensitive_0/Juan_Perez
2026-03-08 20:44:05.828 | INFO     | src.agents.watcher_agent:_process_email:233 -  Iniciando procesamiento para UID 80006
2026-03-08 20:44:05.832 | INFO     | src.agents.watcher_agent:_process_email:257 - UID=80006 Subject='Documentos - Ana Torres'
2026-03-08 20:44:05.836 | INFO     | src.agents.watcher_agent:_process_email:294 - Nombre extraído para UID 80006: Ana Torres
2026-03-08 20:44:05.836 | INFO     | src.agents.watcher_agent:_process_email:297 - Carpeta destino para UID 80006: /tmp/pytest-of-genghis/pytest-0/test_keyword_case_insensitive_1/Ana_Torres
2026-03-08 20:44:05.838 | INFO     | src.agents.watcher_agent:_process_email:301 - Cuerpo guardado en info_mail_Ana_Torres.txt
2026-03-08 20:44:05.840 | INFO     | src.agents.watcher_agent:_process_email:312 - Adjuntos guardados para UID 80006: 1 archivo(s)
2026-03-08 20:44:05.841 | SUCCESS  | src.agents.watcher_agent:_process_email:323 - Procesado UID 80006: 1 adjunto(s) guardado(s) en /tmp/pytest-of-genghis/pytest-0/test_keyword_case_insensitive_1/Ana_Torres
2026-03-08 20:44:05.845 | INFO     | src.agents.watcher_agent:run:64 - Watcher Agent iniciado
2026-03-08 20:44:05.846 | INFO     | src.agents.watcher_agent:run:78 -  Ciclo #1 de monitoreo iniciado
2026-03-08 20:44:05.846 | WARNING  | src.agents.watcher_agent:run:81 - No se pudo establecer conexión IMAP en el ciclo #1. Se reintentará en 60 segundos...
2026-03-08 20:44:05.847 | INFO     | src.agents.watcher_agent:run:104 - Watcher Agent detenido por el usuario (KeyboardInterrupt)
2026-03-08 21:05:16.761 | INFO     | src.agents.watcher_agent:_process_email:233 -  Iniciando procesamiento para UID 10552
2026-03-08 21:05:16.768 | INFO     | src.agents.watcher_agent:_process_email:257 - UID=10552 Subject='Expediente Docente - Juan Pérez'
2026-03-08 21:05:16.774 | INFO     | src.agents.watcher_agent:_process_email:294 - Nombre extraído para UID 10552: Juan Pérez
2026-03-08 21:05:16.775 | INFO     | src.agents.watcher_agent:_process_email:297 - Carpeta destino para UID 10552: /tmp/pytest-of-genghis/pytest-1/test_expediente_estandar_crea_0/Juan_Perez
2026-03-08 21:05:16.776 | INFO     | src.agents.watcher_agent:_process_email:301 - Cuerpo guardado en info_mail_Juan_Perez.txt
2026-03-08 21:05:16.779 | INFO     | src.agents.watcher_agent:_process_email:312 - Adjuntos guardados para UID 10552: 2 archivo(s)
2026-03-08 21:05:16.780 | SUCCESS  | src.agents.watcher_agent:_process_email:323 - Procesado UID 10552: 2 adjunto(s) guardado(s) en /tmp/pytest-of-genghis/pytest-1/test_expediente_estandar_crea_0/Juan_Perez
2026-03-08 21:05:16.789 | INFO     | src.agents.watcher_agent:_process_email:233 -  Iniciando procesamiento para UID 20001
2026-03-08 21:05:16.793 | INFO     | src.agents.watcher_agent:_process_email:257 - UID=20001 Subject='Expediente Docente'
2026-03-08 21:05:16.797 | INFO     | src.agents.watcher_agent:_process_email:294 - Nombre extraído para UID 20001: None
2026-03-08 21:05:16.798 | INFO     | src.agents.watcher_agent:_process_email:297 - Carpeta destino para UID 20001: /tmp/pytest-of-genghis/pytest-1/test_expediente_sin_nombre_usa0/Expediente_SinNombre_UID20001
2026-03-08 21:05:16.799 | INFO     | src.agents.watcher_agent:_process_email:301 - Cuerpo guardado en info_mail_UID20001.txt
2026-03-08 21:05:16.801 | INFO     | src.agents.watcher_agent:_process_email:312 - Adjuntos guardados para UID 20001: 1 archivo(s)
2026-03-08 21:05:16.802 | SUCCESS  | src.agents.watcher_agent:_process_email:323 - Procesado UID 20001: 1 adjunto(s) guardado(s) en /tmp/pytest-of-genghis/pytest-1/test_expediente_sin_nombre_usa0/Expediente_SinNombre_UID20001
2026-03-08 21:05:16.807 | INFO     | src.agents.watcher_agent:_process_email:233 -  Iniciando procesamiento para UID 99999
2026-03-08 21:05:16.808 | INFO     | src.agents.watcher_agent:_process_email:236 - UID 99999 ya procesado previamente, se omite
2026-03-08 21:05:16.824 | INFO     | src.agents.watcher_agent:_process_email:233 -  Iniciando procesamiento para UID 30001
2026-03-08 21:05:16.829 | INFO     | src.agents.watcher_agent:_process_email:257 - UID=30001 Subject='Expediente Docente - Juan Pérez'
2026-03-08 21:05:16.833 | INFO     | src.agents.watcher_agent:_process_email:294 - Nombre extraído para UID 30001: Juan Pérez
2026-03-08 21:05:16.834 | INFO     | src.agents.watcher_agent:_process_email:297 - Carpeta destino para UID 30001: /tmp/pytest-of-genghis/pytest-1/test_adjuntos_con_extension_no0/Juan_Perez
2026-03-08 21:05:16.836 | INFO     | src.agents.watcher_agent:_process_email:301 - Cuerpo guardado en info_mail_Juan_Perez.txt
2026-03-08 21:05:16.838 | INFO     | src.agents.watcher_agent:_process_email:312 - Adjuntos guardados para UID 30001: 1 archivo(s)
2026-03-08 21:05:16.840 | SUCCESS  | src.agents.watcher_agent:_process_email:323 - Procesado UID 30001: 1 adjunto(s) guardado(s) en /tmp/pytest-of-genghis/pytest-1/test_adjuntos_con_extension_no0/Juan_Perez
2026-03-08 21:05:16.846 | INFO     | src.agents.watcher_agent:_process_email:233 -  Iniciando procesamiento para UID 40001
2026-03-08 21:05:16.847 | INFO     | src.agents.watcher_agent:_process_email:257 - UID=40001 Subject='Consulta administrativa - Maria Lopez'
2026-03-08 21:05:16.849 | INFO     | src.agents.watcher_agent:_process_email:276 - UID 40001 descartado: ni el asunto ni el cuerpo contienen las palabras clave configuradas
2026-03-08 21:05:16.857 | INFO     | src.agents.watcher_agent:_process_email:233 -  Iniciando procesamiento para UID 40002
2026-03-08 21:05:16.862 | INFO     | src.agents.watcher_agent:_process_email:257 - UID=40002 Subject='Documentos adjuntos - Carlos Ruiz'
2026-03-08 21:05:16.865 | INFO     | src.agents.watcher_agent:_process_email:294 - Nombre extraído para UID 40002: Carlos Ruiz
2026-03-08 21:05:16.866 | INFO     | src.agents.watcher_agent:_process_email:297 - Carpeta destino para UID 40002: /tmp/pytest-of-genghis/pytest-1/test_correo_con_keyword_solo_e0/Carlos_Ruiz
2026-03-08 21:05:16.867 | INFO     | src.agents.watcher_agent:_process_email:301 - Cuerpo guardado en info_mail_Carlos_Ruiz.txt
2026-03-08 21:05:16.869 | INFO     | src.agents.watcher_agent:_process_email:312 - Adjuntos guardados para UID 40002: 1 archivo(s)
2026-03-08 21:05:16.870 | SUCCESS  | src.agents.watcher_agent:_process_email:323 - Procesado UID 40002: 1 adjunto(s) guardado(s) en /tmp/pytest-of-genghis/pytest-1/test_correo_con_keyword_solo_e0/Carlos_Ruiz
2026-03-08 21:05:16.877 | INFO     | src.agents.watcher_agent:_process_email:233 -  Iniciando procesamiento para UID 50001
2026-03-08 21:05:16.881 | INFO     | src.agents.watcher_agent:_process_email:257 - UID=50001 Subject='Expediente Docente - Ana Torres'
2026-03-08 21:05:16.885 | INFO     | src.agents.watcher_agent:_process_email:294 - Nombre extraído para UID 50001: Ana Torres
2026-03-08 21:05:16.885 | INFO     | src.agents.watcher_agent:_process_email:297 - Carpeta destino para UID 50001: /tmp/pytest-of-genghis/pytest-1/test_correo_con_keyword_solo_e1/Ana_Torres
2026-03-08 21:05:16.886 | INFO     | src.agents.watcher_agent:_process_email:301 - Cuerpo guardado en info_mail_Ana_Torres.txt
2026-03-08 21:05:16.889 | INFO     | src.agents.watcher_agent:_process_email:312 - Adjuntos guardados para UID 50001: 1 archivo(s)
2026-03-08 21:05:16.890 | SUCCESS  | src.agents.watcher_agent:_process_email:323 - Procesado UID 50001: 1 adjunto(s) guardado(s) en /tmp/pytest-of-genghis/pytest-1/test_correo_con_keyword_solo_e1/Ana_Torres
2026-03-08 21:05:16.895 | INFO     | src.agents.watcher_agent:_process_email:233 -  Iniciando procesamiento para UID 60001
2026-03-08 21:05:16.897 | INFO     | src.agents.watcher_agent:_process_email:257 - UID=60001 Subject='Expediente Docente - Pedro García'
2026-03-08 21:05:16.899 | INFO     | src.agents.watcher_agent:_process_email:285 - UID 60001 descartado: no contiene adjuntos en formato PDF o JPG requeridos
2026-03-08 21:05:16.908 | INFO     | src.agents.watcher_agent:_process_email:233 -  Iniciando procesamiento para UID 60002
2026-03-08 21:05:16.912 | INFO     | src.agents.watcher_agent:_process_email:257 - UID=60002 Subject='Expediente Docente - Pedro García'
2026-03-08 21:05:16.916 | INFO     | src.agents.watcher_agent:_process_email:285 - UID 60002 descartado: no contiene adjuntos en formato PDF o JPG requeridos
2026-03-08 21:05:16.924 | INFO     | src.agents.watcher_agent:_process_email:233 -  Iniciando procesamiento para UID 60003
2026-03-08 21:05:16.927 | INFO     | src.agents.watcher_agent:_process_email:257 - UID=60003 Subject='Expediente Docente - María López'
2026-03-08 21:05:16.931 | INFO     | src.agents.watcher_agent:_process_email:294 - Nombre extraído para UID 60003: María López
2026-03-08 21:05:16.932 | INFO     | src.agents.watcher_agent:_process_email:297 - Carpeta destino para UID 60003: /tmp/pytest-of-genghis/pytest-1/test_correo_con_adjunto_pdf_se0/Maria_Lopez
2026-03-08 21:05:16.933 | INFO     | src.agents.watcher_agent:_process_email:301 - Cuerpo guardado en info_mail_Maria_Lopez.txt
2026-03-08 21:05:16.935 | INFO     | src.agents.watcher_agent:_process_email:312 - Adjuntos guardados para UID 60003: 1 archivo(s)
2026-03-08 21:05:16.936 | SUCCESS  | src.agents.watcher_agent:_process_email:323 - Procesado UID 60003: 1 adjunto(s) guardado(s) en /tmp/pytest-of-genghis/pytest-1/test_correo_con_adjunto_pdf_se0/Maria_Lopez
2026-03-08 21:05:16.943 | INFO     | src.agents.watcher_agent:_process_email:233 -  Iniciando procesamiento para UID 60004
2026-03-08 21:05:16.947 | INFO     | src.agents.watcher_agent:_process_email:257 - UID=60004 Subject='Expediente Docente - María López'
2026-03-08 21:05:16.951 | INFO     | src.agents.watcher_agent:_process_email:294 - Nombre extraído para UID 60004: María López
2026-03-08 21:05:16.952 | INFO     | src.agents.watcher_agent:_process_email:297 - Carpeta destino para UID 60004: /tmp/pytest-of-genghis/pytest-1/test_correo_con_adjunto_jpg_se0/Maria_Lopez
2026-03-08 21:05:16.953 | INFO     | src.agents.watcher_agent:_process_email:301 - Cuerpo guardado en info_mail_Maria_Lopez.txt
2026-03-08 21:05:16.955 | INFO     | src.agents.watcher_agent:_process_email:312 - Adjuntos guardados para UID 60004: 1 archivo(s)
2026-03-08 21:05:16.956 | SUCCESS  | src.agents.watcher_agent:_process_email:323 - Procesado UID 60004: 1 adjunto(s) guardado(s) en /tmp/pytest-of-genghis/pytest-1/test_correo_con_adjunto_jpg_se0/Maria_Lopez
2026-03-08 21:05:16.959 | WARNING  | src.agents.watcher_agent:_load_state:485 - El archivo de UIDs está corrupto, se reiniciará
2026-03-08 21:05:16.966 | INFO     | src.agents.watcher_agent:_process_email:233 -  Iniciando procesamiento para UID 10001
2026-03-08 21:05:16.970 | INFO     | src.agents.watcher_agent:_process_email:257 - UID=10001 Subject='Expediente Docente - Juan Pérez'
2026-03-08 21:05:16.974 | INFO     | src.agents.watcher_agent:_process_email:294 - Nombre extraído para UID 10001: Juan Pérez
2026-03-08 21:05:16.975 | INFO     | src.agents.watcher_agent:_process_email:297 - Carpeta destino para UID 10001: /tmp/pytest-of-genghis/pytest-1/test_correo_reenviado_con_mism0/Juan_Perez
2026-03-08 21:05:16.976 | INFO     | src.agents.watcher_agent:_process_email:301 - Cuerpo guardado en info_mail_Juan_Perez.txt
2026-03-08 21:05:16.978 | INFO     | src.agents.watcher_agent:_process_email:312 - Adjuntos guardados para UID 10001: 1 archivo(s)
2026-03-08 21:05:16.979 | SUCCESS  | src.agents.watcher_agent:_process_email:323 - Procesado UID 10001: 1 adjunto(s) guardado(s) en /tmp/pytest-of-genghis/pytest-1/test_correo_reenviado_con_mism0/Juan_Perez
2026-03-08 21:05:16.980 | INFO     | src.agents.watcher_agent:_process_email:233 -  Iniciando procesamiento para UID 10002
2026-03-08 21:05:16.984 | INFO     | src.agents.watcher_agent:_process_email:257 - UID=10002 Subject='Expediente Docente - Juan Pérez'
2026-03-08 21:05:16.987 | INFO     | src.agents.watcher_agent:_process_email:263 - UID 10002 es un duplicado por contenido (fingerprint=c5be1304f5ba…), se omite
2026-03-08 21:05:16.998 | INFO     | src.agents.watcher_agent:_process_email:233 -  Iniciando procesamiento para UID 30001
2026-03-08 21:05:17.002 | INFO     | src.agents.watcher_agent:_process_email:257 - UID=30001 Subject='Expediente Docente - Juan Pérez'
2026-03-08 21:05:17.006 | INFO     | src.agents.watcher_agent:_process_email:294 - Nombre extraído para UID 30001: Juan Pérez
2026-03-08 21:05:17.006 | INFO     | src.agents.watcher_agent:_process_email:297 - Carpeta destino para UID 30001: /tmp/pytest-of-genghis/pytest-1/test_mismo_contenido_distinto_0/Juan_Perez
2026-03-08 21:05:17.007 | INFO     | src.agents.watcher_agent:_process_email:301 - Cuerpo guardado en info_mail_Juan_Perez.txt
2026-03-08 21:05:17.010 | INFO     | src.agents.watcher_agent:_process_email:312 - Adjuntos guardados para UID 30001: 1 archivo(s)
2026-03-08 21:05:17.011 | SUCCESS  | src.agents.watcher_agent:_process_email:323 - Procesado UID 30001: 1 adjunto(s) guardado(s) en /tmp/pytest-of-genghis/pytest-1/test_mismo_contenido_distinto_0/Juan_Perez
2026-03-08 21:05:17.011 | INFO     | src.agents.watcher_agent:_process_email:233 -  Iniciando procesamiento para UID 30002
2026-03-08 21:05:17.015 | INFO     | src.agents.watcher_agent:_process_email:257 - UID=30002 Subject='Expediente Docente - Juan Pérez'
2026-03-08 21:05:17.018 | INFO     | src.agents.watcher_agent:_process_email:294 - Nombre extraído para UID 30002: Juan Pérez
2026-03-08 21:05:17.019 | INFO     | src.agents.watcher_agent:_process_email:297 - Carpeta destino para UID 30002: /tmp/pytest-of-genghis/pytest-1/test_mismo_contenido_distinto_0/Juan_Perez
2026-03-08 21:05:17.021 | INFO     | src.agents.watcher_agent:_process_email:301 - Cuerpo guardado en info_mail_Juan_Perez.txt
2026-03-08 21:05:17.023 | INFO     | src.agents.watcher_agent:_process_email:312 - Adjuntos guardados para UID 30002: 1 archivo(s)
2026-03-08 21:05:17.024 | SUCCESS  | src.agents.watcher_agent:_process_email:323 - Procesado UID 30002: 1 adjunto(s) guardado(s) en /tmp/pytest-of-genghis/pytest-1/test_mismo_contenido_distinto_0/Juan_Perez
2026-03-08 21:05:17.031 | INFO     | src.agents.watcher_agent:_process_email:233 -  Iniciando procesamiento para UID 20001
2026-03-08 21:05:17.034 | INFO     | src.agents.watcher_agent:_process_email:257 - UID=20001 Subject='Expediente Docente - Ana Torres'
2026-03-08 21:05:17.038 | INFO     | src.agents.watcher_agent:_process_email:294 - Nombre extraído para UID 20001: Ana Torres
2026-03-08 21:05:17.039 | INFO     | src.agents.watcher_agent:_process_email:297 - Carpeta destino para UID 20001: /tmp/pytest-of-genghis/pytest-1/test_fingerprint_se_persiste_e0/Ana_Torres
2026-03-08 21:05:17.040 | INFO     | src.agents.watcher_agent:_process_email:301 - Cuerpo guardado en info_mail_Ana_Torres.txt
2026-03-08 21:05:17.042 | INFO     | src.agents.watcher_agent:_process_email:312 - Adjuntos guardados para UID 20001: 1 archivo(s)
2026-03-08 21:05:17.043 | SUCCESS  | src.agents.watcher_agent:_process_email:323 - Procesado UID 20001: 1 adjunto(s) guardado(s) en /tmp/pytest-of-genghis/pytest-1/test_fingerprint_se_persiste_e0/Ana_Torres
2026-03-08 21:05:17.062 | INFO     | src.agents.watcher_agent:_process_email:233 -  Iniciando procesamiento para UID 70001
2026-03-08 21:05:17.066 | INFO     | src.agents.watcher_agent:_process_email:257 - UID=70001 Subject='CV - Juan Pérez'
2026-03-08 21:05:17.069 | INFO     | src.agents.watcher_agent:_process_email:294 - Nombre extraído para UID 70001: Juan Pérez
2026-03-08 21:05:17.070 | INFO     | src.agents.watcher_agent:_process_email:297 - Carpeta destino para UID 70001: /tmp/pytest-of-genghis/pytest-1/test_keyword_corta_en_asunto_m0/Juan_Perez
2026-03-08 21:05:17.072 | INFO     | src.agents.watcher_agent:_process_email:301 - Cuerpo guardado en info_mail_Juan_Perez.txt
2026-03-08 21:05:17.073 | INFO     | src.agents.watcher_agent:_process_email:312 - Adjuntos guardados para UID 70001: 1 archivo(s)
2026-03-08 21:05:17.074 | SUCCESS  | src.agents.watcher_agent:_process_email:323 - Procesado UID 70001: 1 adjunto(s) guardado(s) en /tmp/pytest-of-genghis/pytest-1/test_keyword_corta_en_asunto_m0/Juan_Perez
2026-03-08 21:05:17.081 | INFO     | src.agents.watcher_agent:_process_email:233 -  Iniciando procesamiento para UID 70002
2026-03-08 21:05:17.085 | INFO     | src.agents.watcher_agent:_process_email:257 - UID=70002 Subject='Fwd: Expediente Docente - Juan Pérez'
2026-03-08 21:05:17.089 | INFO     | src.agents.watcher_agent:_process_email:294 - Nombre extraído para UID 70002: Juan Pérez
2026-03-08 21:05:17.090 | INFO     | src.agents.watcher_agent:_process_email:297 - Carpeta destino para UID 70002: /tmp/pytest-of-genghis/pytest-1/test_correo_con_prefijo_fwd_se0/Juan_Perez
2026-03-08 21:05:17.091 | INFO     | src.agents.watcher_agent:_process_email:301 - Cuerpo guardado en info_mail_Juan_Perez.txt
2026-03-08 21:05:17.093 | INFO     | src.agents.watcher_agent:_process_email:312 - Adjuntos guardados para UID 70002: 1 archivo(s)
2026-03-08 21:05:17.094 | SUCCESS  | src.agents.watcher_agent:_process_email:323 - Procesado UID 70002: 1 adjunto(s) guardado(s) en /tmp/pytest-of-genghis/pytest-1/test_correo_con_prefijo_fwd_se0/Juan_Perez
2026-03-08 21:05:17.101 | INFO     | src.agents.watcher_agent:_process_email:233 -  Iniciando procesamiento para UID 70003
2026-03-08 21:05:17.105 | INFO     | src.agents.watcher_agent:_process_email:257 - UID=70003 Subject='Re: Expediente Docente - Ana Torres'
2026-03-08 21:05:17.109 | INFO     | src.agents.watcher_agent:_process_email:294 - Nombre extraído para UID 70003: Ana Torres
2026-03-08 21:05:17.110 | INFO     | src.agents.watcher_agent:_process_email:297 - Carpeta destino para UID 70003: /tmp/pytest-of-genghis/pytest-1/test_correo_con_prefijo_re_se_0/Ana_Torres
2026-03-08 21:05:17.111 | INFO     | src.agents.watcher_agent:_process_email:301 - Cuerpo guardado en info_mail_Ana_Torres.txt
2026-03-08 21:05:17.113 | INFO     | src.agents.watcher_agent:_process_email:312 - Adjuntos guardados para UID 70003: 1 archivo(s)
2026-03-08 21:05:17.114 | SUCCESS  | src.agents.watcher_agent:_process_email:323 - Procesado UID 70003: 1 adjunto(s) guardado(s) en /tmp/pytest-of-genghis/pytest-1/test_correo_con_prefijo_re_se_0/Ana_Torres
2026-03-08 21:05:17.121 | INFO     | src.agents.watcher_agent:_process_email:233 -  Iniciando procesamiento para UID 70004
2026-03-08 21:05:17.125 | INFO     | src.agents.watcher_agent:_process_email:257 - UID=70004 Subject='Fwd: Re: Fwd: Expediente Docente - Carlos Ruiz'
2026-03-08 21:05:17.129 | INFO     | src.agents.watcher_agent:_process_email:294 - Nombre extraído para UID 70004: Carlos Ruiz
2026-03-08 21:05:17.129 | INFO     | src.agents.watcher_agent:_process_email:297 - Carpeta destino para UID 70004: /tmp/pytest-of-genghis/pytest-1/test_correo_con_multiples_pref0/Carlos_Ruiz
2026-03-08 21:05:17.130 | INFO     | src.agents.watcher_agent:_process_email:301 - Cuerpo guardado en info_mail_Carlos_Ruiz.txt
2026-03-08 21:05:17.133 | INFO     | src.agents.watcher_agent:_process_email:312 - Adjuntos guardados para UID 70004: 1 archivo(s)
2026-03-08 21:05:17.134 | SUCCESS  | src.agents.watcher_agent:_process_email:323 - Procesado UID 70004: 1 adjunto(s) guardado(s) en /tmp/pytest-of-genghis/pytest-1/test_correo_con_multiples_pref0/Carlos_Ruiz
2026-03-08 21:05:17.140 | INFO     | src.agents.watcher_agent:_process_email:233 -  Iniciando procesamiento para UID 70005
2026-03-08 21:05:17.144 | INFO     | src.agents.watcher_agent:_process_email:257 - UID=70005 Subject='Expediente Docente - Juan Pérez'
2026-03-08 21:05:17.147 | INFO     | src.agents.watcher_agent:_process_email:294 - Nombre extraído para UID 70005: Juan Pérez
2026-03-08 21:05:17.149 | INFO     | src.agents.watcher_agent:_process_email:297 - Carpeta destino para UID 70005: /tmp/pytest-of-genghis/pytest-1/test_adjunto_jpeg_se_acepta0/Juan_Perez
2026-03-08 21:05:17.149 | INFO     | src.agents.watcher_agent:_process_email:301 - Cuerpo guardado en info_mail_Juan_Perez.txt
2026-03-08 21:05:17.151 | INFO     | src.agents.watcher_agent:_process_email:312 - Adjuntos guardados para UID 70005: 1 archivo(s)
2026-03-08 21:05:17.152 | SUCCESS  | src.agents.watcher_agent:_process_email:323 - Procesado UID 70005: 1 adjunto(s) guardado(s) en /tmp/pytest-of-genghis/pytest-1/test_adjunto_jpeg_se_acepta0/Juan_Perez
2026-03-08 21:05:17.160 | INFO     | src.agents.watcher_agent:_process_email:233 -  Iniciando procesamiento para UID 70006
2026-03-08 21:05:17.164 | INFO     | src.agents.watcher_agent:_process_email:257 - UID=70006 Subject='Expediente Docente - Juan Pérez'
2026-03-08 21:05:17.168 | INFO     | src.agents.watcher_agent:_process_email:294 - Nombre extraído para UID 70006: Juan Pérez
2026-03-08 21:05:17.169 | INFO     | src.agents.watcher_agent:_process_email:297 - Carpeta destino para UID 70006: /tmp/pytest-of-genghis/pytest-1/test_adjunto_con_extension_may0/Juan_Perez
2026-03-08 21:05:17.170 | INFO     | src.agents.watcher_agent:_process_email:301 - Cuerpo guardado en info_mail_Juan_Perez.txt
2026-03-08 21:05:17.173 | INFO     | src.agents.watcher_agent:_process_email:312 - Adjuntos guardados para UID 70006: 2 archivo(s)
2026-03-08 21:05:17.174 | SUCCESS  | src.agents.watcher_agent:_process_email:323 - Procesado UID 70006: 2 adjunto(s) guardado(s) en /tmp/pytest-of-genghis/pytest-1/test_adjunto_con_extension_may0/Juan_Perez
2026-03-08 21:05:17.184 | INFO     | src.agents.watcher_agent:_process_email:233 -  Iniciando procesamiento para UID 80001
2026-03-08 21:05:17.188 | INFO     | src.agents.watcher_agent:_process_email:257 - UID=80001 Subject=''
2026-03-08 21:05:17.191 | INFO     | src.agents.watcher_agent:_process_email:294 - Nombre extraído para UID 80001: None
2026-03-08 21:05:17.193 | INFO     | src.agents.watcher_agent:_process_email:297 - Carpeta destino para UID 80001: /tmp/pytest-of-genghis/pytest-1/test_correo_sin_asunto0/Expediente_SinNombre_UID80001
2026-03-08 21:05:17.194 | INFO     | src.agents.watcher_agent:_process_email:301 - Cuerpo guardado en info_mail_UID80001.txt
2026-03-08 21:05:17.195 | INFO     | src.agents.watcher_agent:_process_email:312 - Adjuntos guardados para UID 80001: 1 archivo(s)
2026-03-08 21:05:17.196 | SUCCESS  | src.agents.watcher_agent:_process_email:323 - Procesado UID 80001: 1 adjunto(s) guardado(s) en /tmp/pytest-of-genghis/pytest-1/test_correo_sin_asunto0/Expediente_SinNombre_UID80001
2026-03-08 21:05:17.203 | INFO     | src.agents.watcher_agent:_process_email:233 -  Iniciando procesamiento para UID 80002
2026-03-08 21:05:17.206 | INFO     | src.agents.watcher_agent:_process_email:257 - UID=80002 Subject='Expediente Docente - María López'
2026-03-08 21:05:17.210 | INFO     | src.agents.watcher_agent:_process_email:294 - Nombre extraído para UID 80002: María López
2026-03-08 21:05:17.211 | INFO     | src.agents.watcher_agent:_process_email:297 - Carpeta destino para UID 80002: /tmp/pytest-of-genghis/pytest-1/test_correo_con_cuerpo_vacio0/Maria_Lopez
2026-03-08 21:05:17.213 | INFO     | src.agents.watcher_agent:_process_email:301 - Cuerpo guardado en info_mail_Maria_Lopez.txt
2026-03-08 21:05:17.215 | INFO     | src.agents.watcher_agent:_process_email:312 - Adjuntos guardados para UID 80002: 1 archivo(s)
2026-03-08 21:05:17.216 | SUCCESS  | src.agents.watcher_agent:_process_email:323 - Procesado UID 80002: 1 adjunto(s) guardado(s) en /tmp/pytest-of-genghis/pytest-1/test_correo_con_cuerpo_vacio0/Maria_Lopez
2026-03-08 21:05:17.223 | INFO     | src.agents.watcher_agent:_process_email:233 -  Iniciando procesamiento para UID 80003
2026-03-08 21:05:17.227 | INFO     | src.agents.watcher_agent:_process_email:257 - UID=80003 Subject='Consulta general'
2026-03-08 21:05:17.230 | INFO     | src.agents.watcher_agent:_process_email:294 - Nombre extraído para UID 80003: None
2026-03-08 21:05:17.231 | INFO     | src.agents.watcher_agent:_process_email:297 - Carpeta destino para UID 80003: /tmp/pytest-of-genghis/pytest-1/test_correo_html_only_sin_text0/Expediente_SinNombre_UID80003
2026-03-08 21:05:17.232 | INFO     | src.agents.watcher_agent:_process_email:301 - Cuerpo guardado en info_mail_UID80003.txt
2026-03-08 21:05:17.234 | INFO     | src.agents.watcher_agent:_process_email:312 - Adjuntos guardados para UID 80003: 1 archivo(s)
2026-03-08 21:05:17.235 | SUCCESS  | src.agents.watcher_agent:_process_email:323 - Procesado UID 80003: 1 adjunto(s) guardado(s) en /tmp/pytest-of-genghis/pytest-1/test_correo_html_only_sin_text0/Expediente_SinNombre_UID80003
2026-03-08 21:05:17.242 | INFO     | src.agents.watcher_agent:_process_email:233 -  Iniciando procesamiento para UID 80004
2026-03-08 21:05:17.246 | INFO     | src.agents.watcher_agent:_process_email:257 - UID=80004 Subject='Documentos adjuntos'
2026-03-08 21:05:17.248 | INFO     | src.agents.watcher_agent:_process_email:276 - UID 80004 descartado: ni el asunto ni el cuerpo contienen las palabras clave configuradas
2026-03-08 21:05:17.256 | INFO     | src.agents.watcher_agent:_process_email:233 -  Iniciando procesamiento para UID 80005
2026-03-08 21:05:17.259 | INFO     | src.agents.watcher_agent:_process_email:257 - UID=80005 Subject='CERTIFICADO DE NOTAS - Juan Pérez'
2026-03-08 21:05:17.263 | INFO     | src.agents.watcher_agent:_process_email:294 - Nombre extraído para UID 80005: Juan Pérez
2026-03-08 21:05:17.264 | INFO     | src.agents.watcher_agent:_process_email:297 - Carpeta destino para UID 80005: /tmp/pytest-of-genghis/pytest-1/test_keyword_case_insensitive_0/Juan_Perez
2026-03-08 21:05:17.265 | INFO     | src.agents.watcher_agent:_process_email:301 - Cuerpo guardado en info_mail_Juan_Perez.txt
2026-03-08 21:05:17.267 | INFO     | src.agents.watcher_agent:_process_email:312 - Adjuntos guardados para UID 80005: 1 archivo(s)
2026-03-08 21:05:17.268 | SUCCESS  | src.agents.watcher_agent:_process_email:323 - Procesado UID 80005: 1 adjunto(s) guardado(s) en /tmp/pytest-of-genghis/pytest-1/test_keyword_case_insensitive_0/Juan_Perez
2026-03-08 21:05:17.275 | INFO     | src.agents.watcher_agent:_process_email:233 -  Iniciando procesamiento para UID 80006
2026-03-08 21:05:17.278 | INFO     | src.agents.watcher_agent:_process_email:257 - UID=80006 Subject='Documentos - Ana Torres'
2026-03-08 21:05:17.282 | INFO     | src.agents.watcher_agent:_process_email:294 - Nombre extraído para UID 80006: Ana Torres
2026-03-08 21:05:17.283 | INFO     | src.agents.watcher_agent:_process_email:297 - Carpeta destino para UID 80006: /tmp/pytest-of-genghis/pytest-1/test_keyword_case_insensitive_1/Ana_Torres
2026-03-08 21:05:17.284 | INFO     | src.agents.watcher_agent:_process_email:301 - Cuerpo guardado en info_mail_Ana_Torres.txt
2026-03-08 21:05:17.286 | INFO     | src.agents.watcher_agent:_process_email:312 - Adjuntos guardados para UID 80006: 1 archivo(s)
2026-03-08 21:05:17.287 | SUCCESS  | src.agents.watcher_agent:_process_email:323 - Procesado UID 80006: 1 adjunto(s) guardado(s) en /tmp/pytest-of-genghis/pytest-1/test_keyword_case_insensitive_1/Ana_Torres
2026-03-08 21:05:17.291 | INFO     | src.agents.watcher_agent:run:64 - Watcher Agent iniciado
2026-03-08 21:05:17.292 | INFO     | src.agents.watcher_agent:run:78 -  Ciclo #1 de monitoreo iniciado
2026-03-08 21:05:17.293 | WARNING  | src.agents.watcher_agent:run:81 - No se pudo establecer conexión IMAP en el ciclo #1. Se reintentará en 60 segundos...
2026-03-08 21:05:17.293 | INFO     | src.agents.watcher_agent:run:104 - Watcher Agent detenido por el usuario (KeyboardInterrupt)
2026-03-08 21:10:16.775 | INFO     | __main__:main:12 -  Iniciando servicio Watcher Agent desde main.py
2026-03-08 21:10:16.780 | INFO     | src.agents.watcher_agent:run:64 - Watcher Agent iniciado
2026-03-08 21:10:16.781 | INFO     | src.agents.watcher_agent:run:78 -  Ciclo #1 de monitoreo iniciado
2026-03-08 21:10:24.534 | INFO     | src.agents.watcher_agent:_check_new_emails:123 -  Inicio de consulta: se encontraron 66 correo(s) candidato(s) por asunto o palabras clave en el cuerpo.
2026-03-08 21:10:24.535 | INFO     | src.agents.watcher_agent:_process_email:233 -  Iniciando procesamiento para UID 1352
2026-03-08 21:10:24.535 | INFO     | src.agents.watcher_agent:_process_email:236 - UID 1352 ya procesado previamente, se omite
2026-03-08 21:10:24.536 | INFO     | src.agents.watcher_agent:_process_email:233 -  Iniciando procesamiento para UID 1480
2026-03-08 21:10:24.536 | INFO     | src.agents.watcher_agent:_process_email:236 - UID 1480 ya procesado previamente, se omite
2026-03-08 21:10:24.537 | INFO     | src.agents.watcher_agent:_process_email:233 -  Iniciando procesamiento para UID 2968
2026-03-08 21:10:24.537 | INFO     | src.agents.watcher_agent:_process_email:236 - UID 2968 ya procesado previamente, se omite
2026-03-08 21:10:24.538 | INFO     | src.agents.watcher_agent:_process_email:233 -  Iniciando procesamiento para UID 3581
2026-03-08 21:10:24.538 | INFO     | src.agents.watcher_agent:_process_email:236 - UID 3581 ya procesado previamente, se omite
2026-03-08 21:10:24.539 | INFO     | src.agents.watcher_agent:_process_email:233 -  Iniciando procesamiento para UID 6572
2026-03-08 21:10:24.539 | INFO     | src.agents.watcher_agent:_process_email:236 - UID 6572 ya procesado previamente, se omite
2026-03-08 21:10:24.540 | INFO     | src.agents.watcher_agent:_process_email:233 -  Iniciando procesamiento para UID 10537
2026-03-08 21:10:24.540 | INFO     | src.agents.watcher_agent:_process_email:236 - UID 10537 ya procesado previamente, se omite
2026-03-08 21:10:24.541 | INFO     | src.agents.watcher_agent:_process_email:233 -  Iniciando procesamiento para UID 10567
2026-03-08 21:10:24.541 | INFO     | src.agents.watcher_agent:_process_email:236 - UID 10567 ya procesado previamente, se omite
2026-03-08 21:10:24.541 | INFO     | src.agents.watcher_agent:_process_email:233 -  Iniciando procesamiento para UID 11032
2026-03-08 21:10:24.542 | INFO     | src.agents.watcher_agent:_process_email:236 - UID 11032 ya procesado previamente, se omite
2026-03-08 21:10:24.542 | INFO     | src.agents.watcher_agent:_process_email:233 -  Iniciando procesamiento para UID 11031
2026-03-08 21:10:24.543 | INFO     | src.agents.watcher_agent:_process_email:236 - UID 11031 ya procesado previamente, se omite
2026-03-08 21:10:24.543 | INFO     | src.agents.watcher_agent:_process_email:233 -  Iniciando procesamiento para UID 11022
2026-03-08 21:10:24.544 | INFO     | src.agents.watcher_agent:_process_email:236 - UID 11022 ya procesado previamente, se omite
2026-03-08 21:10:24.544 | INFO     | src.agents.watcher_agent:_process_email:233 -  Iniciando procesamiento para UID 11023
2026-03-08 21:10:24.545 | INFO     | src.agents.watcher_agent:_process_email:236 - UID 11023 ya procesado previamente, se omite
2026-03-08 21:10:24.545 | INFO     | src.agents.watcher_agent:_process_email:233 -  Iniciando procesamiento para UID 11034
2026-03-08 21:10:24.545 | INFO     | src.agents.watcher_agent:_process_email:236 - UID 11034 ya procesado previamente, se omite
2026-03-08 21:10:24.546 | INFO     | src.agents.watcher_agent:_process_email:233 -  Iniciando procesamiento para UID 11035
2026-03-08 21:10:24.546 | INFO     | src.agents.watcher_agent:_process_email:236 - UID 11035 ya procesado previamente, se omite
2026-03-08 21:10:24.547 | INFO     | src.agents.watcher_agent:_process_email:233 -  Iniciando procesamiento para UID 2039
2026-03-08 21:10:24.547 | INFO     | src.agents.watcher_agent:_process_email:236 - UID 2039 ya procesado previamente, se omite
2026-03-08 21:10:24.548 | INFO     | src.agents.watcher_agent:_process_email:233 -  Iniciando procesamiento para UID 7764
2026-03-08 21:10:24.548 | INFO     | src.agents.watcher_agent:_process_email:236 - UID 7764 ya procesado previamente, se omite
2026-03-08 21:10:24.548 | INFO     | src.agents.watcher_agent:_process_email:233 -  Iniciando procesamiento para UID 4373
2026-03-08 21:10:24.549 | INFO     | src.agents.watcher_agent:_process_email:236 - UID 4373 ya procesado previamente, se omite
2026-03-08 21:10:24.549 | INFO     | src.agents.watcher_agent:_process_email:233 -  Iniciando procesamiento para UID 4524
2026-03-08 21:10:24.550 | INFO     | src.agents.watcher_agent:_process_email:236 - UID 4524 ya procesado previamente, se omite
2026-03-08 21:10:24.550 | INFO     | src.agents.watcher_agent:_process_email:233 -  Iniciando procesamiento para UID 5450
2026-03-08 21:10:24.550 | INFO     | src.agents.watcher_agent:_process_email:236 - UID 5450 ya procesado previamente, se omite
2026-03-08 21:10:24.551 | INFO     | src.agents.watcher_agent:_process_email:233 -  Iniciando procesamiento para UID 9803
2026-03-08 21:10:24.551 | INFO     | src.agents.watcher_agent:_process_email:236 - UID 9803 ya procesado previamente, se omite
2026-03-08 21:10:24.552 | INFO     | src.agents.watcher_agent:_process_email:233 -  Iniciando procesamiento para UID 9835
2026-03-08 21:10:24.552 | INFO     | src.agents.watcher_agent:_process_email:236 - UID 9835 ya procesado previamente, se omite
2026-03-08 21:10:24.552 | INFO     | src.agents.watcher_agent:_process_email:233 -  Iniciando procesamiento para UID 93
2026-03-08 21:10:24.553 | INFO     | src.agents.watcher_agent:_process_email:236 - UID 93 ya procesado previamente, se omite
2026-03-08 21:10:24.553 | INFO     | src.agents.watcher_agent:_process_email:233 -  Iniciando procesamiento para UID 97
2026-03-08 21:10:24.554 | INFO     | src.agents.watcher_agent:_process_email:236 - UID 97 ya procesado previamente, se omite
2026-03-08 21:10:24.554 | INFO     | src.agents.watcher_agent:_process_email:233 -  Iniciando procesamiento para UID 101
2026-03-08 21:10:24.554 | INFO     | src.agents.watcher_agent:_process_email:236 - UID 101 ya procesado previamente, se omite
2026-03-08 21:10:24.555 | INFO     | src.agents.watcher_agent:_process_email:233 -  Iniciando procesamiento para UID 381
2026-03-08 21:10:24.555 | INFO     | src.agents.watcher_agent:_process_email:236 - UID 381 ya procesado previamente, se omite
2026-03-08 21:10:24.556 | INFO     | src.agents.watcher_agent:_process_email:233 -  Iniciando procesamiento para UID 383
2026-03-08 21:10:24.556 | INFO     | src.agents.watcher_agent:_process_email:236 - UID 383 ya procesado previamente, se omite
2026-03-08 21:10:24.556 | INFO     | src.agents.watcher_agent:_process_email:233 -  Iniciando procesamiento para UID 384
2026-03-08 21:10:24.557 | INFO     | src.agents.watcher_agent:_process_email:236 - UID 384 ya procesado previamente, se omite
2026-03-08 21:10:24.557 | INFO     | src.agents.watcher_agent:_process_email:233 -  Iniciando procesamiento para UID 386
2026-03-08 21:10:24.558 | INFO     | src.agents.watcher_agent:_process_email:236 - UID 386 ya procesado previamente, se omite
2026-03-08 21:10:24.558 | INFO     | src.agents.watcher_agent:_process_email:233 -  Iniciando procesamiento para UID 387
2026-03-08 21:10:24.558 | INFO     | src.agents.watcher_agent:_process_email:236 - UID 387 ya procesado previamente, se omite
2026-03-08 21:10:24.559 | INFO     | src.agents.watcher_agent:_process_email:233 -  Iniciando procesamiento para UID 389
2026-03-08 21:10:24.559 | INFO     | src.agents.watcher_agent:_process_email:236 - UID 389 ya procesado previamente, se omite
2026-03-08 21:10:24.560 | INFO     | src.agents.watcher_agent:_process_email:233 -  Iniciando procesamiento para UID 390
2026-03-08 21:10:24.560 | INFO     | src.agents.watcher_agent:_process_email:236 - UID 390 ya procesado previamente, se omite
2026-03-08 21:10:24.560 | INFO     | src.agents.watcher_agent:_process_email:233 -  Iniciando procesamiento para UID 391
2026-03-08 21:10:24.561 | INFO     | src.agents.watcher_agent:_process_email:236 - UID 391 ya procesado previamente, se omite
2026-03-08 21:10:24.561 | INFO     | src.agents.watcher_agent:_process_email:233 -  Iniciando procesamiento para UID 393
2026-03-08 21:10:24.561 | INFO     | src.agents.watcher_agent:_process_email:236 - UID 393 ya procesado previamente, se omite
2026-03-08 21:10:24.563 | INFO     | src.agents.watcher_agent:_process_email:233 -  Iniciando procesamiento para UID 424
2026-03-08 21:10:24.564 | INFO     | src.agents.watcher_agent:_process_email:236 - UID 424 ya procesado previamente, se omite
2026-03-08 21:10:24.564 | INFO     | src.agents.watcher_agent:_process_email:233 -  Iniciando procesamiento para UID 428
2026-03-08 21:10:24.564 | INFO     | src.agents.watcher_agent:_process_email:236 - UID 428 ya procesado previamente, se omite
2026-03-08 21:10:24.566 | INFO     | src.agents.watcher_agent:_process_email:233 -  Iniciando procesamiento para UID 478
2026-03-08 21:10:24.567 | INFO     | src.agents.watcher_agent:_process_email:236 - UID 478 ya procesado previamente, se omite
2026-03-08 21:10:24.567 | INFO     | src.agents.watcher_agent:_process_email:233 -  Iniciando procesamiento para UID 482
2026-03-08 21:10:24.568 | INFO     | src.agents.watcher_agent:_process_email:236 - UID 482 ya procesado previamente, se omite
2026-03-08 21:10:24.570 | INFO     | src.agents.watcher_agent:_process_email:233 -  Iniciando procesamiento para UID 496
2026-03-08 21:10:24.571 | INFO     | src.agents.watcher_agent:_process_email:236 - UID 496 ya procesado previamente, se omite
2026-03-08 21:10:24.572 | INFO     | src.agents.watcher_agent:_process_email:233 -  Iniciando procesamiento para UID 500
2026-03-08 21:10:24.573 | INFO     | src.agents.watcher_agent:_process_email:236 - UID 500 ya procesado previamente, se omite
2026-03-08 21:10:24.575 | INFO     | src.agents.watcher_agent:_process_email:233 -  Iniciando procesamiento para UID 518
2026-03-08 21:10:24.576 | INFO     | src.agents.watcher_agent:_process_email:236 - UID 518 ya procesado previamente, se omite
2026-03-08 21:10:24.576 | INFO     | src.agents.watcher_agent:_process_email:233 -  Iniciando procesamiento para UID 540
2026-03-08 21:10:24.577 | INFO     | src.agents.watcher_agent:_process_email:236 - UID 540 ya procesado previamente, se omite
2026-03-08 21:10:24.582 | INFO     | src.agents.watcher_agent:_process_email:233 -  Iniciando procesamiento para UID 569
2026-03-08 21:10:24.583 | INFO     | src.agents.watcher_agent:_process_email:236 - UID 569 ya procesado previamente, se omite
2026-03-08 21:10:24.584 | INFO     | src.agents.watcher_agent:_process_email:233 -  Iniciando procesamiento para UID 630
2026-03-08 21:10:24.584 | INFO     | src.agents.watcher_agent:_process_email:236 - UID 630 ya procesado previamente, se omite
2026-03-08 21:10:24.586 | INFO     | src.agents.watcher_agent:_process_email:233 -  Iniciando procesamiento para UID 639
2026-03-08 21:10:24.587 | INFO     | src.agents.watcher_agent:_process_email:236 - UID 639 ya procesado previamente, se omite
2026-03-08 21:10:24.588 | INFO     | src.agents.watcher_agent:_process_email:233 -  Iniciando procesamiento para UID 643
2026-03-08 21:10:24.588 | INFO     | src.agents.watcher_agent:_process_email:236 - UID 643 ya procesado previamente, se omite
2026-03-08 21:10:24.592 | INFO     | src.agents.watcher_agent:_process_email:233 -  Iniciando procesamiento para UID 659
2026-03-08 21:10:24.593 | INFO     | src.agents.watcher_agent:_process_email:236 - UID 659 ya procesado previamente, se omite
2026-03-08 21:10:24.593 | INFO     | src.agents.watcher_agent:_process_email:233 -  Iniciando procesamiento para UID 669
2026-03-08 21:10:24.594 | INFO     | src.agents.watcher_agent:_process_email:236 - UID 669 ya procesado previamente, se omite
2026-03-08 21:10:24.595 | INFO     | src.agents.watcher_agent:_process_email:233 -  Iniciando procesamiento para UID 677
2026-03-08 21:10:24.596 | INFO     | src.agents.watcher_agent:_process_email:236 - UID 677 ya procesado previamente, se omite
2026-03-08 21:10:24.596 | INFO     | src.agents.watcher_agent:_process_email:233 -  Iniciando procesamiento para UID 682
2026-03-08 21:10:24.597 | INFO     | src.agents.watcher_agent:_process_email:236 - UID 682 ya procesado previamente, se omite
2026-03-08 21:10:24.599 | INFO     | src.agents.watcher_agent:_process_email:233 -  Iniciando procesamiento para UID 695
2026-03-08 21:10:24.600 | INFO     | src.agents.watcher_agent:_process_email:236 - UID 695 ya procesado previamente, se omite
2026-03-08 21:10:24.600 | INFO     | src.agents.watcher_agent:_process_email:233 -  Iniciando procesamiento para UID 698
2026-03-08 21:10:24.601 | INFO     | src.agents.watcher_agent:_process_email:236 - UID 698 ya procesado previamente, se omite
2026-03-08 21:10:24.602 | INFO     | src.agents.watcher_agent:_process_email:233 -  Iniciando procesamiento para UID 702
2026-03-08 21:10:24.603 | INFO     | src.agents.watcher_agent:_process_email:236 - UID 702 ya procesado previamente, se omite
2026-03-08 21:10:24.604 | INFO     | src.agents.watcher_agent:_process_email:233 -  Iniciando procesamiento para UID 711
2026-03-08 21:10:24.605 | INFO     | src.agents.watcher_agent:_process_email:236 - UID 711 ya procesado previamente, se omite
2026-03-08 21:10:24.606 | INFO     | src.agents.watcher_agent:_process_email:233 -  Iniciando procesamiento para UID 714
2026-03-08 21:10:24.607 | INFO     | src.agents.watcher_agent:_process_email:236 - UID 714 ya procesado previamente, se omite
2026-03-08 21:10:24.608 | INFO     | src.agents.watcher_agent:_process_email:233 -  Iniciando procesamiento para UID 715
2026-03-08 21:10:24.608 | INFO     | src.agents.watcher_agent:_process_email:236 - UID 715 ya procesado previamente, se omite
2026-03-08 21:10:24.610 | INFO     | src.agents.watcher_agent:_process_email:233 -  Iniciando procesamiento para UID 727
2026-03-08 21:10:24.610 | INFO     | src.agents.watcher_agent:_process_email:236 - UID 727 ya procesado previamente, se omite
2026-03-08 21:10:24.611 | INFO     | src.agents.watcher_agent:_process_email:233 -  Iniciando procesamiento para UID 737
2026-03-08 21:10:24.611 | INFO     | src.agents.watcher_agent:_process_email:236 - UID 737 ya procesado previamente, se omite
2026-03-08 21:10:24.613 | INFO     | src.agents.watcher_agent:_process_email:233 -  Iniciando procesamiento para UID 746
2026-03-08 21:10:24.613 | INFO     | src.agents.watcher_agent:_process_email:236 - UID 746 ya procesado previamente, se omite
2026-03-08 21:10:24.613 | INFO     | src.agents.watcher_agent:_process_email:233 -  Iniciando procesamiento para UID 770
2026-03-08 21:10:24.614 | INFO     | src.agents.watcher_agent:_process_email:236 - UID 770 ya procesado previamente, se omite
2026-03-08 21:10:24.615 | INFO     | src.agents.watcher_agent:_process_email:233 -  Iniciando procesamiento para UID 779
2026-03-08 21:10:24.616 | INFO     | src.agents.watcher_agent:_process_email:236 - UID 779 ya procesado previamente, se omite
2026-03-08 21:10:24.616 | INFO     | src.agents.watcher_agent:_process_email:233 -  Iniciando procesamiento para UID 1169
2026-03-08 21:10:24.622 | INFO     | src.agents.watcher_agent:_process_email:236 - UID 1169 ya procesado previamente, se omite
2026-03-08 21:10:24.625 | INFO     | src.agents.watcher_agent:_process_email:233 -  Iniciando procesamiento para UID 2568
2026-03-08 21:10:24.626 | INFO     | src.agents.watcher_agent:_process_email:236 - UID 2568 ya procesado previamente, se omite
2026-03-08 21:10:24.627 | INFO     | src.agents.watcher_agent:_process_email:233 -  Iniciando procesamiento para UID 4036
2026-03-08 21:10:24.627 | INFO     | src.agents.watcher_agent:_process_email:236 - UID 4036 ya procesado previamente, se omite
2026-03-08 21:10:24.628 | INFO     | src.agents.watcher_agent:_process_email:233 -  Iniciando procesamiento para UID 4921
2026-03-08 21:10:24.628 | INFO     | src.agents.watcher_agent:_process_email:236 - UID 4921 ya procesado previamente, se omite
2026-03-08 21:10:24.629 | INFO     | src.agents.watcher_agent:_process_email:233 -  Iniciando procesamiento para UID 7568
2026-03-08 21:10:24.629 | INFO     | src.agents.watcher_agent:_process_email:236 - UID 7568 ya procesado previamente, se omite
2026-03-08 21:10:24.630 | INFO     | src.agents.watcher_agent:_process_email:233 -  Iniciando procesamiento para UID 7824
2026-03-08 21:10:24.631 | INFO     | src.agents.watcher_agent:_process_email:236 - UID 7824 ya procesado previamente, se omite
2026-03-08 21:10:24.632 | INFO     | src.agents.watcher_agent:_process_email:233 -  Iniciando procesamiento para UID 11033
2026-03-08 21:10:24.632 | INFO     | src.agents.watcher_agent:_process_email:236 - UID 11033 ya procesado previamente, se omite
2026-03-08 21:10:24.633 | INFO     | src.agents.watcher_agent:_check_new_emails:132 -  Fin de consulta: se procesaron 0 correo(s) con expediente docente de un total de 66 candidato(s).
2026-03-08 21:10:24.635 | INFO     | src.agents.watcher_agent:run:90 -  Resumen ciclo #1: 0 correo(s) procesado(s) en esta consulta.
2026-03-08 21:10:25.250 | INFO     | src.agents.watcher_agent:run:97 -  El Watcher volverá a ejecutarse automáticamente en 60 segundos...
2026-03-08 21:11:25.252 | INFO     | src.agents.watcher_agent:run:78 -  Ciclo #2 de monitoreo iniciado
2026-03-08 21:11:32.424 | INFO     | src.agents.watcher_agent:_check_new_emails:123 -  Inicio de consulta: se encontraron 66 correo(s) candidato(s) por asunto o palabras clave en el cuerpo.
2026-03-08 21:11:32.425 | INFO     | src.agents.watcher_agent:_process_email:233 -  Iniciando procesamiento para UID 1352
2026-03-08 21:11:32.426 | INFO     | src.agents.watcher_agent:_process_email:236 - UID 1352 ya procesado previamente, se omite
2026-03-08 21:11:32.426 | INFO     | src.agents.watcher_agent:_process_email:233 -  Iniciando procesamiento para UID 1480
2026-03-08 21:11:32.427 | INFO     | src.agents.watcher_agent:_process_email:236 - UID 1480 ya procesado previamente, se omite
2026-03-08 21:11:32.427 | INFO     | src.agents.watcher_agent:_process_email:233 -  Iniciando procesamiento para UID 2968
2026-03-08 21:11:32.428 | INFO     | src.agents.watcher_agent:_process_email:236 - UID 2968 ya procesado previamente, se omite
2026-03-08 21:11:32.428 | INFO     | src.agents.watcher_agent:_process_email:233 -  Iniciando procesamiento para UID 3581
2026-03-08 21:11:32.429 | INFO     | src.agents.watcher_agent:_process_email:236 - UID 3581 ya procesado previamente, se omite
2026-03-08 21:11:32.429 | INFO     | src.agents.watcher_agent:_process_email:233 -  Iniciando procesamiento para UID 6572
2026-03-08 21:11:32.429 | INFO     | src.agents.watcher_agent:_process_email:236 - UID 6572 ya procesado previamente, se omite
2026-03-08 21:11:32.430 | INFO     | src.agents.watcher_agent:_process_email:233 -  Iniciando procesamiento para UID 10537
2026-03-08 21:11:32.430 | INFO     | src.agents.watcher_agent:_process_email:236 - UID 10537 ya procesado previamente, se omite
2026-03-08 21:11:32.431 | INFO     | src.agents.watcher_agent:_process_email:233 -  Iniciando procesamiento para UID 10567
2026-03-08 21:11:32.431 | INFO     | src.agents.watcher_agent:_process_email:236 - UID 10567 ya procesado previamente, se omite
2026-03-08 21:11:32.431 | INFO     | src.agents.watcher_agent:_process_email:233 -  Iniciando procesamiento para UID 11032
2026-03-08 21:11:32.432 | INFO     | src.agents.watcher_agent:_process_email:236 - UID 11032 ya procesado previamente, se omite
2026-03-08 21:11:32.432 | INFO     | src.agents.watcher_agent:_process_email:233 -  Iniciando procesamiento para UID 11031
2026-03-08 21:11:32.433 | INFO     | src.agents.watcher_agent:_process_email:236 - UID 11031 ya procesado previamente, se omite
2026-03-08 21:11:32.433 | INFO     | src.agents.watcher_agent:_process_email:233 -  Iniciando procesamiento para UID 11022
2026-03-08 21:11:32.433 | INFO     | src.agents.watcher_agent:_process_email:236 - UID 11022 ya procesado previamente, se omite
2026-03-08 21:11:32.434 | INFO     | src.agents.watcher_agent:_process_email:233 -  Iniciando procesamiento para UID 11023
2026-03-08 21:11:32.434 | INFO     | src.agents.watcher_agent:_process_email:236 - UID 11023 ya procesado previamente, se omite
2026-03-08 21:11:32.435 | INFO     | src.agents.watcher_agent:_process_email:233 -  Iniciando procesamiento para UID 11034
2026-03-08 21:11:32.435 | INFO     | src.agents.watcher_agent:_process_email:236 - UID 11034 ya procesado previamente, se omite
2026-03-08 21:11:32.436 | INFO     | src.agents.watcher_agent:_process_email:233 -  Iniciando procesamiento para UID 11035
2026-03-08 21:11:32.436 | INFO     | src.agents.watcher_agent:_process_email:236 - UID 11035 ya procesado previamente, se omite
2026-03-08 21:11:32.436 | INFO     | src.agents.watcher_agent:_process_email:233 -  Iniciando procesamiento para UID 2039
2026-03-08 21:11:32.437 | INFO     | src.agents.watcher_agent:_process_email:236 - UID 2039 ya procesado previamente, se omite
2026-03-08 21:11:32.437 | INFO     | src.agents.watcher_agent:_process_email:233 -  Iniciando procesamiento para UID 7764
2026-03-08 21:11:32.438 | INFO     | src.agents.watcher_agent:_process_email:236 - UID 7764 ya procesado previamente, se omite
2026-03-08 21:11:32.438 | INFO     | src.agents.watcher_agent:_process_email:233 -  Iniciando procesamiento para UID 4373
2026-03-08 21:11:32.438 | INFO     | src.agents.watcher_agent:_process_email:236 - UID 4373 ya procesado previamente, se omite
2026-03-08 21:11:32.439 | INFO     | src.agents.watcher_agent:_process_email:233 -  Iniciando procesamiento para UID 4524
2026-03-08 21:11:32.439 | INFO     | src.agents.watcher_agent:_process_email:236 - UID 4524 ya procesado previamente, se omite
2026-03-08 21:11:32.440 | INFO     | src.agents.watcher_agent:_process_email:233 -  Iniciando procesamiento para UID 5450
2026-03-08 21:11:32.440 | INFO     | src.agents.watcher_agent:_process_email:236 - UID 5450 ya procesado previamente, se omite
2026-03-08 21:11:32.440 | INFO     | src.agents.watcher_agent:_process_email:233 -  Iniciando procesamiento para UID 9803
2026-03-08 21:11:32.441 | INFO     | src.agents.watcher_agent:_process_email:236 - UID 9803 ya procesado previamente, se omite
2026-03-08 21:11:32.441 | INFO     | src.agents.watcher_agent:_process_email:233 -  Iniciando procesamiento para UID 9835
2026-03-08 21:11:32.442 | INFO     | src.agents.watcher_agent:_process_email:236 - UID 9835 ya procesado previamente, se omite
2026-03-08 21:11:32.442 | INFO     | src.agents.watcher_agent:_process_email:233 -  Iniciando procesamiento para UID 93
2026-03-08 21:11:32.442 | INFO     | src.agents.watcher_agent:_process_email:236 - UID 93 ya procesado previamente, se omite
2026-03-08 21:11:32.443 | INFO     | src.agents.watcher_agent:_process_email:233 -  Iniciando procesamiento para UID 97
2026-03-08 21:11:32.443 | INFO     | src.agents.watcher_agent:_process_email:236 - UID 97 ya procesado previamente, se omite
2026-03-08 21:11:32.444 | INFO     | src.agents.watcher_agent:_process_email:233 -  Iniciando procesamiento para UID 101
2026-03-08 21:11:32.444 | INFO     | src.agents.watcher_agent:_process_email:236 - UID 101 ya procesado previamente, se omite
2026-03-08 21:11:32.444 | INFO     | src.agents.watcher_agent:_process_email:233 -  Iniciando procesamiento para UID 381
2026-03-08 21:11:32.445 | INFO     | src.agents.watcher_agent:_process_email:236 - UID 381 ya procesado previamente, se omite
2026-03-08 21:11:32.445 | INFO     | src.agents.watcher_agent:_process_email:233 -  Iniciando procesamiento para UID 383
2026-03-08 21:11:32.446 | INFO     | src.agents.watcher_agent:_process_email:236 - UID 383 ya procesado previamente, se omite
2026-03-08 21:11:32.446 | INFO     | src.agents.watcher_agent:_process_email:233 -  Iniciando procesamiento para UID 384
2026-03-08 21:11:32.447 | INFO     | src.agents.watcher_agent:_process_email:236 - UID 384 ya procesado previamente, se omite
2026-03-08 21:11:32.447 | INFO     | src.agents.watcher_agent:_process_email:233 -  Iniciando procesamiento para UID 386
2026-03-08 21:11:32.447 | INFO     | src.agents.watcher_agent:_process_email:236 - UID 386 ya procesado previamente, se omite
2026-03-08 21:11:32.448 | INFO     | src.agents.watcher_agent:_process_email:233 -  Iniciando procesamiento para UID 387
2026-03-08 21:11:32.448 | INFO     | src.agents.watcher_agent:_process_email:236 - UID 387 ya procesado previamente, se omite
2026-03-08 21:11:32.449 | INFO     | src.agents.watcher_agent:_process_email:233 -  Iniciando procesamiento para UID 389
2026-03-08 21:11:32.449 | INFO     | src.agents.watcher_agent:_process_email:236 - UID 389 ya procesado previamente, se omite
2026-03-08 21:11:32.450 | INFO     | src.agents.watcher_agent:_process_email:233 -  Iniciando procesamiento para UID 390
2026-03-08 21:11:32.450 | INFO     | src.agents.watcher_agent:_process_email:236 - UID 390 ya procesado previamente, se omite
2026-03-08 21:11:32.451 | INFO     | src.agents.watcher_agent:_process_email:233 -  Iniciando procesamiento para UID 391
2026-03-08 21:11:32.451 | INFO     | src.agents.watcher_agent:_process_email:236 - UID 391 ya procesado previamente, se omite
2026-03-08 21:11:32.452 | INFO     | src.agents.watcher_agent:_process_email:233 -  Iniciando procesamiento para UID 393
2026-03-08 21:11:32.452 | INFO     | src.agents.watcher_agent:_process_email:236 - UID 393 ya procesado previamente, se omite
2026-03-08 21:11:32.454 | INFO     | src.agents.watcher_agent:_process_email:233 -  Iniciando procesamiento para UID 424
2026-03-08 21:11:32.455 | INFO     | src.agents.watcher_agent:_process_email:236 - UID 424 ya procesado previamente, se omite
2026-03-08 21:11:32.455 | INFO     | src.agents.watcher_agent:_process_email:233 -  Iniciando procesamiento para UID 428
2026-03-08 21:11:32.456 | INFO     | src.agents.watcher_agent:_process_email:236 - UID 428 ya procesado previamente, se omite
2026-03-08 21:11:32.457 | INFO     | src.agents.watcher_agent:_process_email:233 -  Iniciando procesamiento para UID 478
2026-03-08 21:11:32.458 | INFO     | src.agents.watcher_agent:_process_email:236 - UID 478 ya procesado previamente, se omite
2026-03-08 21:11:32.458 | INFO     | src.agents.watcher_agent:_process_email:233 -  Iniciando procesamiento para UID 482
2026-03-08 21:11:32.459 | INFO     | src.agents.watcher_agent:_process_email:236 - UID 482 ya procesado previamente, se omite
2026-03-08 21:11:32.460 | INFO     | src.agents.watcher_agent:_process_email:233 -  Iniciando procesamiento para UID 496
2026-03-08 21:11:32.461 | INFO     | src.agents.watcher_agent:_process_email:236 - UID 496 ya procesado previamente, se omite
2026-03-08 21:11:32.461 | INFO     | src.agents.watcher_agent:_process_email:233 -  Iniciando procesamiento para UID 500
2026-03-08 21:11:32.462 | INFO     | src.agents.watcher_agent:_process_email:236 - UID 500 ya procesado previamente, se omite
2026-03-08 21:11:32.464 | INFO     | src.agents.watcher_agent:_process_email:233 -  Iniciando procesamiento para UID 518
2026-03-08 21:11:32.465 | INFO     | src.agents.watcher_agent:_process_email:236 - UID 518 ya procesado previamente, se omite
2026-03-08 21:11:32.465 | INFO     | src.agents.watcher_agent:_process_email:233 -  Iniciando procesamiento para UID 540
2026-03-08 21:11:32.466 | INFO     | src.agents.watcher_agent:_process_email:236 - UID 540 ya procesado previamente, se omite
2026-03-08 21:11:32.467 | INFO     | src.agents.watcher_agent:_process_email:233 -  Iniciando procesamiento para UID 569
2026-03-08 21:11:32.468 | INFO     | src.agents.watcher_agent:_process_email:236 - UID 569 ya procesado previamente, se omite
2026-03-08 21:11:32.469 | INFO     | src.agents.watcher_agent:_process_email:233 -  Iniciando procesamiento para UID 630
2026-03-08 21:11:32.470 | INFO     | src.agents.watcher_agent:_process_email:236 - UID 630 ya procesado previamente, se omite
2026-03-08 21:11:32.477 | INFO     | src.agents.watcher_agent:_process_email:233 -  Iniciando procesamiento para UID 639
2026-03-08 21:11:32.478 | INFO     | src.agents.watcher_agent:_process_email:236 - UID 639 ya procesado previamente, se omite
2026-03-08 21:11:32.479 | INFO     | src.agents.watcher_agent:_process_email:233 -  Iniciando procesamiento para UID 643
2026-03-08 21:11:32.480 | INFO     | src.agents.watcher_agent:_process_email:236 - UID 643 ya procesado previamente, se omite
2026-03-08 21:11:32.481 | INFO     | src.agents.watcher_agent:_process_email:233 -  Iniciando procesamiento para UID 659
2026-03-08 21:11:32.482 | INFO     | src.agents.watcher_agent:_process_email:236 - UID 659 ya procesado previamente, se omite
2026-03-08 21:11:32.483 | INFO     | src.agents.watcher_agent:_process_email:233 -  Iniciando procesamiento para UID 669
2026-03-08 21:11:32.484 | INFO     | src.agents.watcher_agent:_process_email:236 - UID 669 ya procesado previamente, se omite
2026-03-08 21:11:32.492 | INFO     | src.agents.watcher_agent:_process_email:233 -  Iniciando procesamiento para UID 677
2026-03-08 21:11:32.492 | INFO     | src.agents.watcher_agent:_process_email:236 - UID 677 ya procesado previamente, se omite
2026-03-08 21:11:32.493 | INFO     | src.agents.watcher_agent:_process_email:233 -  Iniciando procesamiento para UID 682
2026-03-08 21:11:32.493 | INFO     | src.agents.watcher_agent:_process_email:236 - UID 682 ya procesado previamente, se omite
2026-03-08 21:11:32.494 | INFO     | src.agents.watcher_agent:_process_email:233 -  Iniciando procesamiento para UID 695
2026-03-08 21:11:32.495 | INFO     | src.agents.watcher_agent:_process_email:236 - UID 695 ya procesado previamente, se omite
2026-03-08 21:11:32.495 | INFO     | src.agents.watcher_agent:_process_email:233 -  Iniciando procesamiento para UID 698
2026-03-08 21:11:32.497 | INFO     | src.agents.watcher_agent:_process_email:236 - UID 698 ya procesado previamente, se omite
2026-03-08 21:11:32.497 | INFO     | src.agents.watcher_agent:_process_email:233 -  Iniciando procesamiento para UID 702
2026-03-08 21:11:32.498 | INFO     | src.agents.watcher_agent:_process_email:236 - UID 702 ya procesado previamente, se omite
2026-03-08 21:11:32.499 | INFO     | src.agents.watcher_agent:_process_email:233 -  Iniciando procesamiento para UID 711
2026-03-08 21:11:32.499 | INFO     | src.agents.watcher_agent:_process_email:236 - UID 711 ya procesado previamente, se omite
2026-03-08 21:11:32.502 | INFO     | src.agents.watcher_agent:_process_email:233 -  Iniciando procesamiento para UID 714
2026-03-08 21:11:32.502 | INFO     | src.agents.watcher_agent:_process_email:236 - UID 714 ya procesado previamente, se omite
2026-03-08 21:11:32.503 | INFO     | src.agents.watcher_agent:_process_email:233 -  Iniciando procesamiento para UID 715
2026-03-08 21:11:32.504 | INFO     | src.agents.watcher_agent:_process_email:236 - UID 715 ya procesado previamente, se omite
2026-03-08 21:11:32.510 | INFO     | src.agents.watcher_agent:_process_email:233 -  Iniciando procesamiento para UID 727
2026-03-08 21:11:32.511 | INFO     | src.agents.watcher_agent:_process_email:236 - UID 727 ya procesado previamente, se omite
2026-03-08 21:11:32.511 | INFO     | src.agents.watcher_agent:_process_email:233 -  Iniciando procesamiento para UID 737
2026-03-08 21:11:32.512 | INFO     | src.agents.watcher_agent:_process_email:236 - UID 737 ya procesado previamente, se omite
2026-03-08 21:11:32.512 | INFO     | src.agents.watcher_agent:_process_email:233 -  Iniciando procesamiento para UID 746
2026-03-08 21:11:32.520 | INFO     | src.agents.watcher_agent:_process_email:236 - UID 746 ya procesado previamente, se omite
2026-03-08 21:11:32.520 | INFO     | src.agents.watcher_agent:_process_email:233 -  Iniciando procesamiento para UID 770
2026-03-08 21:11:32.521 | INFO     | src.agents.watcher_agent:_process_email:236 - UID 770 ya procesado previamente, se omite
2026-03-08 21:11:32.522 | INFO     | src.agents.watcher_agent:_process_email:233 -  Iniciando procesamiento para UID 779
2026-03-08 21:11:32.522 | INFO     | src.agents.watcher_agent:_process_email:236 - UID 779 ya procesado previamente, se omite
2026-03-08 21:11:32.523 | INFO     | src.agents.watcher_agent:_process_email:233 -  Iniciando procesamiento para UID 1169
2026-03-08 21:11:32.526 | INFO     | src.agents.watcher_agent:_process_email:236 - UID 1169 ya procesado previamente, se omite
2026-03-08 21:11:32.526 | INFO     | src.agents.watcher_agent:_process_email:233 -  Iniciando procesamiento para UID 2568
2026-03-08 21:11:32.527 | INFO     | src.agents.watcher_agent:_process_email:236 - UID 2568 ya procesado previamente, se omite
2026-03-08 21:11:32.528 | INFO     | src.agents.watcher_agent:_process_email:233 -  Iniciando procesamiento para UID 4036
2026-03-08 21:11:32.529 | INFO     | src.agents.watcher_agent:_process_email:236 - UID 4036 ya procesado previamente, se omite
2026-03-08 21:11:32.529 | INFO     | src.agents.watcher_agent:_process_email:233 -  Iniciando procesamiento para UID 4921
2026-03-08 21:11:32.530 | INFO     | src.agents.watcher_agent:_process_email:236 - UID 4921 ya procesado previamente, se omite
2026-03-08 21:11:32.531 | INFO     | src.agents.watcher_agent:_process_email:233 -  Iniciando procesamiento para UID 7568
2026-03-08 21:11:32.532 | INFO     | src.agents.watcher_agent:_process_email:236 - UID 7568 ya procesado previamente, se omite
2026-03-08 21:11:32.532 | INFO     | src.agents.watcher_agent:_process_email:233 -  Iniciando procesamiento para UID 7824
2026-03-08 21:11:32.533 | INFO     | src.agents.watcher_agent:_process_email:236 - UID 7824 ya procesado previamente, se omite
2026-03-08 21:11:32.533 | INFO     | src.agents.watcher_agent:_process_email:233 -  Iniciando procesamiento para UID 11033
2026-03-08 21:11:32.534 | INFO     | src.agents.watcher_agent:_process_email:236 - UID 11033 ya procesado previamente, se omite
2026-03-08 21:11:32.535 | INFO     | src.agents.watcher_agent:_check_new_emails:132 -  Fin de consulta: se procesaron 0 correo(s) con expediente docente de un total de 66 candidato(s).
2026-03-08 21:11:32.535 | INFO     | src.agents.watcher_agent:run:90 -  Resumen ciclo #2: 0 correo(s) procesado(s) en esta consulta.
2026-03-08 21:11:33.142 | INFO     | src.agents.watcher_agent:run:97 -  El Watcher volverá a ejecutarse automáticamente en 60 segundos...
2026-03-08 21:12:01.509 | INFO     | src.agents.watcher_agent:run:104 - Watcher Agent detenido por el usuario (KeyboardInterrupt)
2026-03-08 21:18:12.987 | INFO     | src.agents.watcher_agent:_process_email:233 -  Iniciando procesamiento para UID 10552
2026-03-08 21:18:12.994 | INFO     | src.agents.watcher_agent:_process_email:257 - UID=10552 Subject='Expediente Docente - Juan Pérez'
2026-03-08 21:18:13.000 | INFO     | src.agents.watcher_agent:_process_email:294 - Nombre extraído para UID 10552: Juan Pérez
2026-03-08 21:18:13.001 | INFO     | src.agents.watcher_agent:_process_email:297 - Carpeta destino para UID 10552: /tmp/pytest-of-genghis/pytest-2/test_expediente_estandar_crea_0/Juan_Perez
2026-03-08 21:18:13.003 | INFO     | src.agents.watcher_agent:_process_email:301 - Cuerpo guardado en info_mail_Juan_Perez.txt
2026-03-08 21:18:13.006 | INFO     | src.agents.watcher_agent:_process_email:312 - Adjuntos guardados para UID 10552: 2 archivo(s)
2026-03-08 21:18:13.007 | SUCCESS  | src.agents.watcher_agent:_process_email:323 - Procesado UID 10552: 2 adjunto(s) guardado(s) en /tmp/pytest-of-genghis/pytest-2/test_expediente_estandar_crea_0/Juan_Perez
2026-03-08 21:18:13.017 | INFO     | src.agents.watcher_agent:_process_email:233 -  Iniciando procesamiento para UID 20001
2026-03-08 21:18:13.021 | INFO     | src.agents.watcher_agent:_process_email:257 - UID=20001 Subject='Expediente Docente'
2026-03-08 21:18:13.026 | INFO     | src.agents.watcher_agent:_process_email:294 - Nombre extraído para UID 20001: None
2026-03-08 21:18:13.028 | INFO     | src.agents.watcher_agent:_process_email:297 - Carpeta destino para UID 20001: /tmp/pytest-of-genghis/pytest-2/test_expediente_sin_nombre_usa0/Expediente_SinNombre_UID20001
2026-03-08 21:18:13.029 | INFO     | src.agents.watcher_agent:_process_email:301 - Cuerpo guardado en info_mail_UID20001.txt
2026-03-08 21:18:13.032 | INFO     | src.agents.watcher_agent:_process_email:312 - Adjuntos guardados para UID 20001: 1 archivo(s)
2026-03-08 21:18:13.033 | SUCCESS  | src.agents.watcher_agent:_process_email:323 - Procesado UID 20001: 1 adjunto(s) guardado(s) en /tmp/pytest-of-genghis/pytest-2/test_expediente_sin_nombre_usa0/Expediente_SinNombre_UID20001
2026-03-08 21:18:13.039 | INFO     | src.agents.watcher_agent:_process_email:233 -  Iniciando procesamiento para UID 99999
2026-03-08 21:18:13.039 | INFO     | src.agents.watcher_agent:_process_email:236 - UID 99999 ya procesado previamente, se omite
2026-03-08 21:18:13.056 | INFO     | src.agents.watcher_agent:_process_email:233 -  Iniciando procesamiento para UID 30001
2026-03-08 21:18:13.062 | INFO     | src.agents.watcher_agent:_process_email:257 - UID=30001 Subject='Expediente Docente - Juan Pérez'
2026-03-08 21:18:13.067 | INFO     | src.agents.watcher_agent:_process_email:294 - Nombre extraído para UID 30001: Juan Pérez
2026-03-08 21:18:13.068 | INFO     | src.agents.watcher_agent:_process_email:297 - Carpeta destino para UID 30001: /tmp/pytest-of-genghis/pytest-2/test_adjuntos_con_extension_no0/Juan_Perez
2026-03-08 21:18:13.069 | INFO     | src.agents.watcher_agent:_process_email:301 - Cuerpo guardado en info_mail_Juan_Perez.txt
2026-03-08 21:18:13.072 | INFO     | src.agents.watcher_agent:_process_email:312 - Adjuntos guardados para UID 30001: 1 archivo(s)
2026-03-08 21:18:13.073 | SUCCESS  | src.agents.watcher_agent:_process_email:323 - Procesado UID 30001: 1 adjunto(s) guardado(s) en /tmp/pytest-of-genghis/pytest-2/test_adjuntos_con_extension_no0/Juan_Perez
2026-03-08 21:18:13.079 | INFO     | src.agents.watcher_agent:_process_email:233 -  Iniciando procesamiento para UID 40001
2026-03-08 21:18:13.080 | INFO     | src.agents.watcher_agent:_process_email:257 - UID=40001 Subject='Consulta administrativa - Maria Lopez'
2026-03-08 21:18:13.082 | INFO     | src.agents.watcher_agent:_process_email:276 - UID 40001 descartado: ni el asunto ni el cuerpo contienen las palabras clave configuradas
2026-03-08 21:18:13.091 | INFO     | src.agents.watcher_agent:_process_email:233 -  Iniciando procesamiento para UID 40002
2026-03-08 21:18:13.095 | INFO     | src.agents.watcher_agent:_process_email:257 - UID=40002 Subject='Documentos adjuntos - Carlos Ruiz'
2026-03-08 21:18:13.099 | INFO     | src.agents.watcher_agent:_process_email:294 - Nombre extraído para UID 40002: Carlos Ruiz
2026-03-08 21:18:13.100 | INFO     | src.agents.watcher_agent:_process_email:297 - Carpeta destino para UID 40002: /tmp/pytest-of-genghis/pytest-2/test_correo_con_keyword_solo_e0/Carlos_Ruiz
2026-03-08 21:18:13.101 | INFO     | src.agents.watcher_agent:_process_email:301 - Cuerpo guardado en info_mail_Carlos_Ruiz.txt
2026-03-08 21:18:13.103 | INFO     | src.agents.watcher_agent:_process_email:312 - Adjuntos guardados para UID 40002: 1 archivo(s)
2026-03-08 21:18:13.104 | SUCCESS  | src.agents.watcher_agent:_process_email:323 - Procesado UID 40002: 1 adjunto(s) guardado(s) en /tmp/pytest-of-genghis/pytest-2/test_correo_con_keyword_solo_e0/Carlos_Ruiz
2026-03-08 21:18:13.111 | INFO     | src.agents.watcher_agent:_process_email:233 -  Iniciando procesamiento para UID 50001
2026-03-08 21:18:13.115 | INFO     | src.agents.watcher_agent:_process_email:257 - UID=50001 Subject='Expediente Docente - Ana Torres'
2026-03-08 21:18:13.119 | INFO     | src.agents.watcher_agent:_process_email:294 - Nombre extraído para UID 50001: Ana Torres
2026-03-08 21:18:13.120 | INFO     | src.agents.watcher_agent:_process_email:297 - Carpeta destino para UID 50001: /tmp/pytest-of-genghis/pytest-2/test_correo_con_keyword_solo_e1/Ana_Torres
2026-03-08 21:18:13.121 | INFO     | src.agents.watcher_agent:_process_email:301 - Cuerpo guardado en info_mail_Ana_Torres.txt
2026-03-08 21:18:13.123 | INFO     | src.agents.watcher_agent:_process_email:312 - Adjuntos guardados para UID 50001: 1 archivo(s)
2026-03-08 21:18:13.124 | SUCCESS  | src.agents.watcher_agent:_process_email:323 - Procesado UID 50001: 1 adjunto(s) guardado(s) en /tmp/pytest-of-genghis/pytest-2/test_correo_con_keyword_solo_e1/Ana_Torres
2026-03-08 21:18:13.129 | INFO     | src.agents.watcher_agent:_process_email:233 -  Iniciando procesamiento para UID 60001
2026-03-08 21:18:13.131 | INFO     | src.agents.watcher_agent:_process_email:257 - UID=60001 Subject='Expediente Docente - Pedro García'
2026-03-08 21:18:13.133 | INFO     | src.agents.watcher_agent:_process_email:285 - UID 60001 descartado: no contiene adjuntos en formato PDF o JPG requeridos
2026-03-08 21:18:13.142 | INFO     | src.agents.watcher_agent:_process_email:233 -  Iniciando procesamiento para UID 60002
2026-03-08 21:18:13.147 | INFO     | src.agents.watcher_agent:_process_email:257 - UID=60002 Subject='Expediente Docente - Pedro García'
2026-03-08 21:18:13.151 | INFO     | src.agents.watcher_agent:_process_email:285 - UID 60002 descartado: no contiene adjuntos en formato PDF o JPG requeridos
2026-03-08 21:18:13.158 | INFO     | src.agents.watcher_agent:_process_email:233 -  Iniciando procesamiento para UID 60003
2026-03-08 21:18:13.162 | INFO     | src.agents.watcher_agent:_process_email:257 - UID=60003 Subject='Expediente Docente - María López'
2026-03-08 21:18:13.165 | INFO     | src.agents.watcher_agent:_process_email:294 - Nombre extraído para UID 60003: María López
2026-03-08 21:18:13.166 | INFO     | src.agents.watcher_agent:_process_email:297 - Carpeta destino para UID 60003: /tmp/pytest-of-genghis/pytest-2/test_correo_con_adjunto_pdf_se0/Maria_Lopez
2026-03-08 21:18:13.168 | INFO     | src.agents.watcher_agent:_process_email:301 - Cuerpo guardado en info_mail_Maria_Lopez.txt
2026-03-08 21:18:13.169 | INFO     | src.agents.watcher_agent:_process_email:312 - Adjuntos guardados para UID 60003: 1 archivo(s)
2026-03-08 21:18:13.171 | SUCCESS  | src.agents.watcher_agent:_process_email:323 - Procesado UID 60003: 1 adjunto(s) guardado(s) en /tmp/pytest-of-genghis/pytest-2/test_correo_con_adjunto_pdf_se0/Maria_Lopez
2026-03-08 21:18:13.179 | INFO     | src.agents.watcher_agent:_process_email:233 -  Iniciando procesamiento para UID 60004
2026-03-08 21:18:13.183 | INFO     | src.agents.watcher_agent:_process_email:257 - UID=60004 Subject='Expediente Docente - María López'
2026-03-08 21:18:13.186 | INFO     | src.agents.watcher_agent:_process_email:294 - Nombre extraído para UID 60004: María López
2026-03-08 21:18:13.187 | INFO     | src.agents.watcher_agent:_process_email:297 - Carpeta destino para UID 60004: /tmp/pytest-of-genghis/pytest-2/test_correo_con_adjunto_jpg_se0/Maria_Lopez
2026-03-08 21:18:13.189 | INFO     | src.agents.watcher_agent:_process_email:301 - Cuerpo guardado en info_mail_Maria_Lopez.txt
2026-03-08 21:18:13.191 | INFO     | src.agents.watcher_agent:_process_email:312 - Adjuntos guardados para UID 60004: 1 archivo(s)
2026-03-08 21:18:13.192 | SUCCESS  | src.agents.watcher_agent:_process_email:323 - Procesado UID 60004: 1 adjunto(s) guardado(s) en /tmp/pytest-of-genghis/pytest-2/test_correo_con_adjunto_jpg_se0/Maria_Lopez
2026-03-08 21:18:13.196 | WARNING  | src.agents.watcher_agent:_load_state:485 - El archivo de UIDs está corrupto, se reiniciará
2026-03-08 21:18:13.202 | INFO     | src.agents.watcher_agent:_process_email:233 -  Iniciando procesamiento para UID 10001
2026-03-08 21:18:13.206 | INFO     | src.agents.watcher_agent:_process_email:257 - UID=10001 Subject='Expediente Docente - Juan Pérez'
2026-03-08 21:18:13.210 | INFO     | src.agents.watcher_agent:_process_email:294 - Nombre extraído para UID 10001: Juan Pérez
2026-03-08 21:18:13.211 | INFO     | src.agents.watcher_agent:_process_email:297 - Carpeta destino para UID 10001: /tmp/pytest-of-genghis/pytest-2/test_correo_reenviado_con_mism0/Juan_Perez
2026-03-08 21:18:13.212 | INFO     | src.agents.watcher_agent:_process_email:301 - Cuerpo guardado en info_mail_Juan_Perez.txt
2026-03-08 21:18:13.214 | INFO     | src.agents.watcher_agent:_process_email:312 - Adjuntos guardados para UID 10001: 1 archivo(s)
2026-03-08 21:18:13.215 | SUCCESS  | src.agents.watcher_agent:_process_email:323 - Procesado UID 10001: 1 adjunto(s) guardado(s) en /tmp/pytest-of-genghis/pytest-2/test_correo_reenviado_con_mism0/Juan_Perez
2026-03-08 21:18:13.216 | INFO     | src.agents.watcher_agent:_process_email:233 -  Iniciando procesamiento para UID 10002
2026-03-08 21:18:13.220 | INFO     | src.agents.watcher_agent:_process_email:257 - UID=10002 Subject='Expediente Docente - Juan Pérez'
2026-03-08 21:18:13.223 | INFO     | src.agents.watcher_agent:_process_email:263 - UID 10002 es un duplicado por contenido (fingerprint=c5be1304f5ba…), se omite
2026-03-08 21:18:13.234 | INFO     | src.agents.watcher_agent:_process_email:233 -  Iniciando procesamiento para UID 30001
2026-03-08 21:18:13.238 | INFO     | src.agents.watcher_agent:_process_email:257 - UID=30001 Subject='Expediente Docente - Juan Pérez'
2026-03-08 21:18:13.241 | INFO     | src.agents.watcher_agent:_process_email:294 - Nombre extraído para UID 30001: Juan Pérez
2026-03-08 21:18:13.242 | INFO     | src.agents.watcher_agent:_process_email:297 - Carpeta destino para UID 30001: /tmp/pytest-of-genghis/pytest-2/test_mismo_contenido_distinto_0/Juan_Perez
2026-03-08 21:18:13.244 | INFO     | src.agents.watcher_agent:_process_email:301 - Cuerpo guardado en info_mail_Juan_Perez.txt
2026-03-08 21:18:13.246 | INFO     | src.agents.watcher_agent:_process_email:312 - Adjuntos guardados para UID 30001: 1 archivo(s)
2026-03-08 21:18:13.247 | SUCCESS  | src.agents.watcher_agent:_process_email:323 - Procesado UID 30001: 1 adjunto(s) guardado(s) en /tmp/pytest-of-genghis/pytest-2/test_mismo_contenido_distinto_0/Juan_Perez
2026-03-08 21:18:13.248 | INFO     | src.agents.watcher_agent:_process_email:233 -  Iniciando procesamiento para UID 30002
2026-03-08 21:18:13.251 | INFO     | src.agents.watcher_agent:_process_email:257 - UID=30002 Subject='Expediente Docente - Juan Pérez'
2026-03-08 21:18:13.255 | INFO     | src.agents.watcher_agent:_process_email:294 - Nombre extraído para UID 30002: Juan Pérez
2026-03-08 21:18:13.256 | INFO     | src.agents.watcher_agent:_process_email:297 - Carpeta destino para UID 30002: /tmp/pytest-of-genghis/pytest-2/test_mismo_contenido_distinto_0/Juan_Perez
2026-03-08 21:18:13.257 | INFO     | src.agents.watcher_agent:_process_email:301 - Cuerpo guardado en info_mail_Juan_Perez.txt
2026-03-08 21:18:13.259 | INFO     | src.agents.watcher_agent:_process_email:312 - Adjuntos guardados para UID 30002: 1 archivo(s)
2026-03-08 21:18:13.260 | SUCCESS  | src.agents.watcher_agent:_process_email:323 - Procesado UID 30002: 1 adjunto(s) guardado(s) en /tmp/pytest-of-genghis/pytest-2/test_mismo_contenido_distinto_0/Juan_Perez
2026-03-08 21:18:13.267 | INFO     | src.agents.watcher_agent:_process_email:233 -  Iniciando procesamiento para UID 20001
2026-03-08 21:18:13.270 | INFO     | src.agents.watcher_agent:_process_email:257 - UID=20001 Subject='Expediente Docente - Ana Torres'
2026-03-08 21:18:13.274 | INFO     | src.agents.watcher_agent:_process_email:294 - Nombre extraído para UID 20001: Ana Torres
2026-03-08 21:18:13.274 | INFO     | src.agents.watcher_agent:_process_email:297 - Carpeta destino para UID 20001: /tmp/pytest-of-genghis/pytest-2/test_fingerprint_se_persiste_e0/Ana_Torres
2026-03-08 21:18:13.276 | INFO     | src.agents.watcher_agent:_process_email:301 - Cuerpo guardado en info_mail_Ana_Torres.txt
2026-03-08 21:18:13.278 | INFO     | src.agents.watcher_agent:_process_email:312 - Adjuntos guardados para UID 20001: 1 archivo(s)
2026-03-08 21:18:13.279 | SUCCESS  | src.agents.watcher_agent:_process_email:323 - Procesado UID 20001: 1 adjunto(s) guardado(s) en /tmp/pytest-of-genghis/pytest-2/test_fingerprint_se_persiste_e0/Ana_Torres
2026-03-08 21:18:13.298 | INFO     | src.agents.watcher_agent:_process_email:233 -  Iniciando procesamiento para UID 70001
2026-03-08 21:18:13.302 | INFO     | src.agents.watcher_agent:_process_email:257 - UID=70001 Subject='CV - Juan Pérez'
2026-03-08 21:18:13.305 | INFO     | src.agents.watcher_agent:_process_email:294 - Nombre extraído para UID 70001: Juan Pérez
2026-03-08 21:18:13.306 | INFO     | src.agents.watcher_agent:_process_email:297 - Carpeta destino para UID 70001: /tmp/pytest-of-genghis/pytest-2/test_keyword_corta_en_asunto_m0/Juan_Perez
2026-03-08 21:18:13.307 | INFO     | src.agents.watcher_agent:_process_email:301 - Cuerpo guardado en info_mail_Juan_Perez.txt
2026-03-08 21:18:13.309 | INFO     | src.agents.watcher_agent:_process_email:312 - Adjuntos guardados para UID 70001: 1 archivo(s)
2026-03-08 21:18:13.310 | SUCCESS  | src.agents.watcher_agent:_process_email:323 - Procesado UID 70001: 1 adjunto(s) guardado(s) en /tmp/pytest-of-genghis/pytest-2/test_keyword_corta_en_asunto_m0/Juan_Perez
2026-03-08 21:18:13.317 | INFO     | src.agents.watcher_agent:_process_email:233 -  Iniciando procesamiento para UID 70002
2026-03-08 21:18:13.321 | INFO     | src.agents.watcher_agent:_process_email:257 - UID=70002 Subject='Fwd: Expediente Docente - Juan Pérez'
2026-03-08 21:18:13.324 | INFO     | src.agents.watcher_agent:_process_email:294 - Nombre extraído para UID 70002: Juan Pérez
2026-03-08 21:18:13.325 | INFO     | src.agents.watcher_agent:_process_email:297 - Carpeta destino para UID 70002: /tmp/pytest-of-genghis/pytest-2/test_correo_con_prefijo_fwd_se0/Juan_Perez
2026-03-08 21:18:13.326 | INFO     | src.agents.watcher_agent:_process_email:301 - Cuerpo guardado en info_mail_Juan_Perez.txt
2026-03-08 21:18:13.328 | INFO     | src.agents.watcher_agent:_process_email:312 - Adjuntos guardados para UID 70002: 1 archivo(s)
2026-03-08 21:18:13.329 | SUCCESS  | src.agents.watcher_agent:_process_email:323 - Procesado UID 70002: 1 adjunto(s) guardado(s) en /tmp/pytest-of-genghis/pytest-2/test_correo_con_prefijo_fwd_se0/Juan_Perez
2026-03-08 21:18:13.336 | INFO     | src.agents.watcher_agent:_process_email:233 -  Iniciando procesamiento para UID 70003
2026-03-08 21:18:13.340 | INFO     | src.agents.watcher_agent:_process_email:257 - UID=70003 Subject='Re: Expediente Docente - Ana Torres'
2026-03-08 21:18:13.344 | INFO     | src.agents.watcher_agent:_process_email:294 - Nombre extraído para UID 70003: Ana Torres
2026-03-08 21:18:13.345 | INFO     | src.agents.watcher_agent:_process_email:297 - Carpeta destino para UID 70003: /tmp/pytest-of-genghis/pytest-2/test_correo_con_prefijo_re_se_0/Ana_Torres
2026-03-08 21:18:13.346 | INFO     | src.agents.watcher_agent:_process_email:301 - Cuerpo guardado en info_mail_Ana_Torres.txt
2026-03-08 21:18:13.349 | INFO     | src.agents.watcher_agent:_process_email:312 - Adjuntos guardados para UID 70003: 1 archivo(s)
2026-03-08 21:18:13.350 | SUCCESS  | src.agents.watcher_agent:_process_email:323 - Procesado UID 70003: 1 adjunto(s) guardado(s) en /tmp/pytest-of-genghis/pytest-2/test_correo_con_prefijo_re_se_0/Ana_Torres
2026-03-08 21:18:13.357 | INFO     | src.agents.watcher_agent:_process_email:233 -  Iniciando procesamiento para UID 70004
2026-03-08 21:18:13.362 | INFO     | src.agents.watcher_agent:_process_email:257 - UID=70004 Subject='Fwd: Re: Fwd: Expediente Docente - Carlos Ruiz'
2026-03-08 21:18:13.365 | INFO     | src.agents.watcher_agent:_process_email:294 - Nombre extraído para UID 70004: Carlos Ruiz
2026-03-08 21:18:13.366 | INFO     | src.agents.watcher_agent:_process_email:297 - Carpeta destino para UID 70004: /tmp/pytest-of-genghis/pytest-2/test_correo_con_multiples_pref0/Carlos_Ruiz
2026-03-08 21:18:13.368 | INFO     | src.agents.watcher_agent:_process_email:301 - Cuerpo guardado en info_mail_Carlos_Ruiz.txt
2026-03-08 21:18:13.370 | INFO     | src.agents.watcher_agent:_process_email:312 - Adjuntos guardados para UID 70004: 1 archivo(s)
2026-03-08 21:18:13.371 | SUCCESS  | src.agents.watcher_agent:_process_email:323 - Procesado UID 70004: 1 adjunto(s) guardado(s) en /tmp/pytest-of-genghis/pytest-2/test_correo_con_multiples_pref0/Carlos_Ruiz
2026-03-08 21:18:13.378 | INFO     | src.agents.watcher_agent:_process_email:233 -  Iniciando procesamiento para UID 70005
2026-03-08 21:18:13.382 | INFO     | src.agents.watcher_agent:_process_email:257 - UID=70005 Subject='Expediente Docente - Juan Pérez'
2026-03-08 21:18:13.385 | INFO     | src.agents.watcher_agent:_process_email:294 - Nombre extraído para UID 70005: Juan Pérez
2026-03-08 21:18:13.386 | INFO     | src.agents.watcher_agent:_process_email:297 - Carpeta destino para UID 70005: /tmp/pytest-of-genghis/pytest-2/test_adjunto_jpeg_se_acepta0/Juan_Perez
2026-03-08 21:18:13.387 | INFO     | src.agents.watcher_agent:_process_email:301 - Cuerpo guardado en info_mail_Juan_Perez.txt
2026-03-08 21:18:13.389 | INFO     | src.agents.watcher_agent:_process_email:312 - Adjuntos guardados para UID 70005: 1 archivo(s)
2026-03-08 21:18:13.390 | SUCCESS  | src.agents.watcher_agent:_process_email:323 - Procesado UID 70005: 1 adjunto(s) guardado(s) en /tmp/pytest-of-genghis/pytest-2/test_adjunto_jpeg_se_acepta0/Juan_Perez
2026-03-08 21:18:13.398 | INFO     | src.agents.watcher_agent:_process_email:233 -  Iniciando procesamiento para UID 70006
2026-03-08 21:18:13.402 | INFO     | src.agents.watcher_agent:_process_email:257 - UID=70006 Subject='Expediente Docente - Juan Pérez'
2026-03-08 21:18:13.406 | INFO     | src.agents.watcher_agent:_process_email:294 - Nombre extraído para UID 70006: Juan Pérez
2026-03-08 21:18:13.407 | INFO     | src.agents.watcher_agent:_process_email:297 - Carpeta destino para UID 70006: /tmp/pytest-of-genghis/pytest-2/test_adjunto_con_extension_may0/Juan_Perez
2026-03-08 21:18:13.408 | INFO     | src.agents.watcher_agent:_process_email:301 - Cuerpo guardado en info_mail_Juan_Perez.txt
2026-03-08 21:18:13.412 | INFO     | src.agents.watcher_agent:_process_email:312 - Adjuntos guardados para UID 70006: 2 archivo(s)
2026-03-08 21:18:13.413 | SUCCESS  | src.agents.watcher_agent:_process_email:323 - Procesado UID 70006: 2 adjunto(s) guardado(s) en /tmp/pytest-of-genghis/pytest-2/test_adjunto_con_extension_may0/Juan_Perez
2026-03-08 21:18:13.424 | INFO     | src.agents.watcher_agent:_process_email:233 -  Iniciando procesamiento para UID 80001
2026-03-08 21:18:13.428 | INFO     | src.agents.watcher_agent:_process_email:257 - UID=80001 Subject=''
2026-03-08 21:18:13.431 | INFO     | src.agents.watcher_agent:_process_email:294 - Nombre extraído para UID 80001: None
2026-03-08 21:18:13.432 | INFO     | src.agents.watcher_agent:_process_email:297 - Carpeta destino para UID 80001: /tmp/pytest-of-genghis/pytest-2/test_correo_sin_asunto0/Expediente_SinNombre_UID80001
2026-03-08 21:18:13.434 | INFO     | src.agents.watcher_agent:_process_email:301 - Cuerpo guardado en info_mail_UID80001.txt
2026-03-08 21:18:13.436 | INFO     | src.agents.watcher_agent:_process_email:312 - Adjuntos guardados para UID 80001: 1 archivo(s)
2026-03-08 21:18:13.437 | SUCCESS  | src.agents.watcher_agent:_process_email:323 - Procesado UID 80001: 1 adjunto(s) guardado(s) en /tmp/pytest-of-genghis/pytest-2/test_correo_sin_asunto0/Expediente_SinNombre_UID80001
2026-03-08 21:18:13.443 | INFO     | src.agents.watcher_agent:_process_email:233 -  Iniciando procesamiento para UID 80002
2026-03-08 21:18:13.447 | INFO     | src.agents.watcher_agent:_process_email:257 - UID=80002 Subject='Expediente Docente - María López'
2026-03-08 21:18:13.450 | INFO     | src.agents.watcher_agent:_process_email:294 - Nombre extraído para UID 80002: María López
2026-03-08 21:18:13.451 | INFO     | src.agents.watcher_agent:_process_email:297 - Carpeta destino para UID 80002: /tmp/pytest-of-genghis/pytest-2/test_correo_con_cuerpo_vacio0/Maria_Lopez
2026-03-08 21:18:13.453 | INFO     | src.agents.watcher_agent:_process_email:301 - Cuerpo guardado en info_mail_Maria_Lopez.txt
2026-03-08 21:18:13.455 | INFO     | src.agents.watcher_agent:_process_email:312 - Adjuntos guardados para UID 80002: 1 archivo(s)
2026-03-08 21:18:13.456 | SUCCESS  | src.agents.watcher_agent:_process_email:323 - Procesado UID 80002: 1 adjunto(s) guardado(s) en /tmp/pytest-of-genghis/pytest-2/test_correo_con_cuerpo_vacio0/Maria_Lopez
2026-03-08 21:18:13.462 | INFO     | src.agents.watcher_agent:_process_email:233 -  Iniciando procesamiento para UID 80003
2026-03-08 21:18:13.466 | INFO     | src.agents.watcher_agent:_process_email:257 - UID=80003 Subject='Consulta general'
2026-03-08 21:18:13.469 | INFO     | src.agents.watcher_agent:_process_email:294 - Nombre extraído para UID 80003: None
2026-03-08 21:18:13.470 | INFO     | src.agents.watcher_agent:_process_email:297 - Carpeta destino para UID 80003: /tmp/pytest-of-genghis/pytest-2/test_correo_html_only_sin_text0/Expediente_SinNombre_UID80003
2026-03-08 21:18:13.471 | INFO     | src.agents.watcher_agent:_process_email:301 - Cuerpo guardado en info_mail_UID80003.txt
2026-03-08 21:18:13.473 | INFO     | src.agents.watcher_agent:_process_email:312 - Adjuntos guardados para UID 80003: 1 archivo(s)
2026-03-08 21:18:13.474 | SUCCESS  | src.agents.watcher_agent:_process_email:323 - Procesado UID 80003: 1 adjunto(s) guardado(s) en /tmp/pytest-of-genghis/pytest-2/test_correo_html_only_sin_text0/Expediente_SinNombre_UID80003
2026-03-08 21:18:13.480 | INFO     | src.agents.watcher_agent:_process_email:233 -  Iniciando procesamiento para UID 80004
2026-03-08 21:18:13.484 | INFO     | src.agents.watcher_agent:_process_email:257 - UID=80004 Subject='Documentos adjuntos'
2026-03-08 21:18:13.486 | INFO     | src.agents.watcher_agent:_process_email:276 - UID 80004 descartado: ni el asunto ni el cuerpo contienen las palabras clave configuradas
2026-03-08 21:18:13.494 | INFO     | src.agents.watcher_agent:_process_email:233 -  Iniciando procesamiento para UID 80005
2026-03-08 21:18:13.497 | INFO     | src.agents.watcher_agent:_process_email:257 - UID=80005 Subject='CERTIFICADO DE NOTAS - Juan Pérez'
2026-03-08 21:18:13.501 | INFO     | src.agents.watcher_agent:_process_email:294 - Nombre extraído para UID 80005: Juan Pérez
2026-03-08 21:18:13.502 | INFO     | src.agents.watcher_agent:_process_email:297 - Carpeta destino para UID 80005: /tmp/pytest-of-genghis/pytest-2/test_keyword_case_insensitive_0/Juan_Perez
2026-03-08 21:18:13.503 | INFO     | src.agents.watcher_agent:_process_email:301 - Cuerpo guardado en info_mail_Juan_Perez.txt
2026-03-08 21:18:13.505 | INFO     | src.agents.watcher_agent:_process_email:312 - Adjuntos guardados para UID 80005: 1 archivo(s)
2026-03-08 21:18:13.506 | SUCCESS  | src.agents.watcher_agent:_process_email:323 - Procesado UID 80005: 1 adjunto(s) guardado(s) en /tmp/pytest-of-genghis/pytest-2/test_keyword_case_insensitive_0/Juan_Perez
2026-03-08 21:18:13.512 | INFO     | src.agents.watcher_agent:_process_email:233 -  Iniciando procesamiento para UID 80006
2026-03-08 21:18:13.516 | INFO     | src.agents.watcher_agent:_process_email:257 - UID=80006 Subject='Documentos - Ana Torres'
2026-03-08 21:18:13.520 | INFO     | src.agents.watcher_agent:_process_email:294 - Nombre extraído para UID 80006: Ana Torres
2026-03-08 21:18:13.521 | INFO     | src.agents.watcher_agent:_process_email:297 - Carpeta destino para UID 80006: /tmp/pytest-of-genghis/pytest-2/test_keyword_case_insensitive_1/Ana_Torres
2026-03-08 21:18:13.522 | INFO     | src.agents.watcher_agent:_process_email:301 - Cuerpo guardado en info_mail_Ana_Torres.txt
2026-03-08 21:18:13.524 | INFO     | src.agents.watcher_agent:_process_email:312 - Adjuntos guardados para UID 80006: 1 archivo(s)
2026-03-08 21:18:13.525 | SUCCESS  | src.agents.watcher_agent:_process_email:323 - Procesado UID 80006: 1 adjunto(s) guardado(s) en /tmp/pytest-of-genghis/pytest-2/test_keyword_case_insensitive_1/Ana_Torres
2026-03-08 21:18:13.529 | INFO     | src.agents.watcher_agent:run:64 - Watcher Agent iniciado
2026-03-08 21:18:13.531 | INFO     | src.agents.watcher_agent:run:78 -  Ciclo #1 de monitoreo iniciado
2026-03-08 21:18:13.531 | WARNING  | src.agents.watcher_agent:run:81 - No se pudo establecer conexión IMAP en el ciclo #1. Se reintentará en 60 segundos...
2026-03-08 21:18:13.532 | INFO     | src.agents.watcher_agent:run:104 - Watcher Agent detenido por el usuario (KeyboardInterrupt)
2026-03-08 21:20:26.395 | INFO     | __main__:main:12 -  Iniciando servicio Watcher Agent desde main.py
2026-03-08 21:20:26.397 | INFO     | src.agents.watcher_agent:run:64 - Watcher Agent iniciado
2026-03-08 21:20:26.398 | INFO     | src.agents.watcher_agent:run:78 -  Ciclo #1 de monitoreo iniciado
2026-03-08 21:20:35.856 | INFO     | src.agents.watcher_agent:_check_new_emails:123 -  Inicio de consulta: se encontraron 66 correo(s) candidato(s) por asunto o palabras clave en el cuerpo.
2026-03-08 21:20:35.857 | INFO     | src.agents.watcher_agent:_process_email:233 -  Iniciando procesamiento para UID 1352
2026-03-08 21:20:35.858 | INFO     | src.agents.watcher_agent:_process_email:236 - UID 1352 ya procesado previamente, se omite
2026-03-08 21:20:35.858 | INFO     | src.agents.watcher_agent:_process_email:233 -  Iniciando procesamiento para UID 1480
2026-03-08 21:20:35.859 | INFO     | src.agents.watcher_agent:_process_email:236 - UID 1480 ya procesado previamente, se omite
2026-03-08 21:20:35.859 | INFO     | src.agents.watcher_agent:_process_email:233 -  Iniciando procesamiento para UID 2968
2026-03-08 21:20:35.860 | INFO     | src.agents.watcher_agent:_process_email:236 - UID 2968 ya procesado previamente, se omite
2026-03-08 21:20:35.860 | INFO     | src.agents.watcher_agent:_process_email:233 -  Iniciando procesamiento para UID 3581
2026-03-08 21:20:35.861 | INFO     | src.agents.watcher_agent:_process_email:236 - UID 3581 ya procesado previamente, se omite
2026-03-08 21:20:35.861 | INFO     | src.agents.watcher_agent:_process_email:233 -  Iniciando procesamiento para UID 6572
2026-03-08 21:20:35.862 | INFO     | src.agents.watcher_agent:_process_email:236 - UID 6572 ya procesado previamente, se omite
2026-03-08 21:20:35.862 | INFO     | src.agents.watcher_agent:_process_email:233 -  Iniciando procesamiento para UID 10537
2026-03-08 21:20:35.863 | INFO     | src.agents.watcher_agent:_process_email:236 - UID 10537 ya procesado previamente, se omite
2026-03-08 21:20:35.863 | INFO     | src.agents.watcher_agent:_process_email:233 -  Iniciando procesamiento para UID 10567
2026-03-08 21:20:35.864 | INFO     | src.agents.watcher_agent:_process_email:236 - UID 10567 ya procesado previamente, se omite
2026-03-08 21:20:35.864 | INFO     | src.agents.watcher_agent:_process_email:233 -  Iniciando procesamiento para UID 11032
2026-03-08 21:20:35.865 | INFO     | src.agents.watcher_agent:_process_email:236 - UID 11032 ya procesado previamente, se omite
2026-03-08 21:20:35.865 | INFO     | src.agents.watcher_agent:_process_email:233 -  Iniciando procesamiento para UID 11031
2026-03-08 21:20:35.865 | INFO     | src.agents.watcher_agent:_process_email:236 - UID 11031 ya procesado previamente, se omite
2026-03-08 21:20:35.866 | INFO     | src.agents.watcher_agent:_process_email:233 -  Iniciando procesamiento para UID 11022
2026-03-08 21:20:35.866 | INFO     | src.agents.watcher_agent:_process_email:236 - UID 11022 ya procesado previamente, se omite
2026-03-08 21:20:35.867 | INFO     | src.agents.watcher_agent:_process_email:233 -  Iniciando procesamiento para UID 11023
2026-03-08 21:20:35.867 | INFO     | src.agents.watcher_agent:_process_email:236 - UID 11023 ya procesado previamente, se omite
2026-03-08 21:20:35.868 | INFO     | src.agents.watcher_agent:_process_email:233 -  Iniciando procesamiento para UID 11034
2026-03-08 21:20:35.868 | INFO     | src.agents.watcher_agent:_process_email:236 - UID 11034 ya procesado previamente, se omite
2026-03-08 21:20:35.869 | INFO     | src.agents.watcher_agent:_process_email:233 -  Iniciando procesamiento para UID 11035
2026-03-08 21:20:35.869 | INFO     | src.agents.watcher_agent:_process_email:236 - UID 11035 ya procesado previamente, se omite
2026-03-08 21:20:35.869 | INFO     | src.agents.watcher_agent:_process_email:233 -  Iniciando procesamiento para UID 2039
2026-03-08 21:20:35.870 | INFO     | src.agents.watcher_agent:_process_email:236 - UID 2039 ya procesado previamente, se omite
2026-03-08 21:20:35.870 | INFO     | src.agents.watcher_agent:_process_email:233 -  Iniciando procesamiento para UID 7764
2026-03-08 21:20:35.871 | INFO     | src.agents.watcher_agent:_process_email:236 - UID 7764 ya procesado previamente, se omite
2026-03-08 21:20:35.871 | INFO     | src.agents.watcher_agent:_process_email:233 -  Iniciando procesamiento para UID 4373
2026-03-08 21:20:35.872 | INFO     | src.agents.watcher_agent:_process_email:236 - UID 4373 ya procesado previamente, se omite
2026-03-08 21:20:35.872 | INFO     | src.agents.watcher_agent:_process_email:233 -  Iniciando procesamiento para UID 4524
2026-03-08 21:20:35.873 | INFO     | src.agents.watcher_agent:_process_email:236 - UID 4524 ya procesado previamente, se omite
2026-03-08 21:20:35.873 | INFO     | src.agents.watcher_agent:_process_email:233 -  Iniciando procesamiento para UID 5450
2026-03-08 21:20:35.873 | INFO     | src.agents.watcher_agent:_process_email:236 - UID 5450 ya procesado previamente, se omite
2026-03-08 21:20:35.874 | INFO     | src.agents.watcher_agent:_process_email:233 -  Iniciando procesamiento para UID 9803
2026-03-08 21:20:35.874 | INFO     | src.agents.watcher_agent:_process_email:236 - UID 9803 ya procesado previamente, se omite
2026-03-08 21:20:35.875 | INFO     | src.agents.watcher_agent:_process_email:233 -  Iniciando procesamiento para UID 9835
2026-03-08 21:20:35.875 | INFO     | src.agents.watcher_agent:_process_email:236 - UID 9835 ya procesado previamente, se omite
2026-03-08 21:20:35.875 | INFO     | src.agents.watcher_agent:_process_email:233 -  Iniciando procesamiento para UID 93
2026-03-08 21:20:35.876 | INFO     | src.agents.watcher_agent:_process_email:236 - UID 93 ya procesado previamente, se omite
2026-03-08 21:20:35.876 | INFO     | src.agents.watcher_agent:_process_email:233 -  Iniciando procesamiento para UID 97
2026-03-08 21:20:35.877 | INFO     | src.agents.watcher_agent:_process_email:236 - UID 97 ya procesado previamente, se omite
2026-03-08 21:20:35.877 | INFO     | src.agents.watcher_agent:_process_email:233 -  Iniciando procesamiento para UID 101
2026-03-08 21:20:35.877 | INFO     | src.agents.watcher_agent:_process_email:236 - UID 101 ya procesado previamente, se omite
2026-03-08 21:20:35.878 | INFO     | src.agents.watcher_agent:_process_email:233 -  Iniciando procesamiento para UID 381
2026-03-08 21:20:35.878 | INFO     | src.agents.watcher_agent:_process_email:236 - UID 381 ya procesado previamente, se omite
2026-03-08 21:20:35.879 | INFO     | src.agents.watcher_agent:_process_email:233 -  Iniciando procesamiento para UID 383
2026-03-08 21:20:35.879 | INFO     | src.agents.watcher_agent:_process_email:236 - UID 383 ya procesado previamente, se omite
2026-03-08 21:20:35.879 | INFO     | src.agents.watcher_agent:_process_email:233 -  Iniciando procesamiento para UID 384
2026-03-08 21:20:35.880 | INFO     | src.agents.watcher_agent:_process_email:236 - UID 384 ya procesado previamente, se omite
2026-03-08 21:20:35.880 | INFO     | src.agents.watcher_agent:_process_email:233 -  Iniciando procesamiento para UID 386
2026-03-08 21:20:35.881 | INFO     | src.agents.watcher_agent:_process_email:236 - UID 386 ya procesado previamente, se omite
2026-03-08 21:20:35.881 | INFO     | src.agents.watcher_agent:_process_email:233 -  Iniciando procesamiento para UID 387
2026-03-08 21:20:35.881 | INFO     | src.agents.watcher_agent:_process_email:236 - UID 387 ya procesado previamente, se omite
2026-03-08 21:20:35.882 | INFO     | src.agents.watcher_agent:_process_email:233 -  Iniciando procesamiento para UID 389
2026-03-08 21:20:35.882 | INFO     | src.agents.watcher_agent:_process_email:236 - UID 389 ya procesado previamente, se omite
2026-03-08 21:20:35.883 | INFO     | src.agents.watcher_agent:_process_email:233 -  Iniciando procesamiento para UID 390
2026-03-08 21:20:35.883 | INFO     | src.agents.watcher_agent:_process_email:236 - UID 390 ya procesado previamente, se omite
2026-03-08 21:20:35.883 | INFO     | src.agents.watcher_agent:_process_email:233 -  Iniciando procesamiento para UID 391
2026-03-08 21:20:35.884 | INFO     | src.agents.watcher_agent:_process_email:236 - UID 391 ya procesado previamente, se omite
2026-03-08 21:20:35.884 | INFO     | src.agents.watcher_agent:_process_email:233 -  Iniciando procesamiento para UID 393
2026-03-08 21:20:35.884 | INFO     | src.agents.watcher_agent:_process_email:236 - UID 393 ya procesado previamente, se omite
2026-03-08 21:20:35.886 | INFO     | src.agents.watcher_agent:_process_email:233 -  Iniciando procesamiento para UID 424
2026-03-08 21:20:35.887 | INFO     | src.agents.watcher_agent:_process_email:236 - UID 424 ya procesado previamente, se omite
2026-03-08 21:20:35.887 | INFO     | src.agents.watcher_agent:_process_email:233 -  Iniciando procesamiento para UID 428
2026-03-08 21:20:35.888 | INFO     | src.agents.watcher_agent:_process_email:236 - UID 428 ya procesado previamente, se omite
2026-03-08 21:20:35.891 | INFO     | src.agents.watcher_agent:_process_email:233 -  Iniciando procesamiento para UID 478
2026-03-08 21:20:35.892 | INFO     | src.agents.watcher_agent:_process_email:236 - UID 478 ya procesado previamente, se omite
2026-03-08 21:20:35.892 | INFO     | src.agents.watcher_agent:_process_email:233 -  Iniciando procesamiento para UID 482
2026-03-08 21:20:35.893 | INFO     | src.agents.watcher_agent:_process_email:236 - UID 482 ya procesado previamente, se omite
2026-03-08 21:20:35.894 | INFO     | src.agents.watcher_agent:_process_email:233 -  Iniciando procesamiento para UID 496
2026-03-08 21:20:35.895 | INFO     | src.agents.watcher_agent:_process_email:236 - UID 496 ya procesado previamente, se omite
2026-03-08 21:20:35.895 | INFO     | src.agents.watcher_agent:_process_email:233 -  Iniciando procesamiento para UID 500
2026-03-08 21:20:35.896 | INFO     | src.agents.watcher_agent:_process_email:236 - UID 500 ya procesado previamente, se omite
2026-03-08 21:20:35.899 | INFO     | src.agents.watcher_agent:_process_email:233 -  Iniciando procesamiento para UID 518
2026-03-08 21:20:35.899 | INFO     | src.agents.watcher_agent:_process_email:236 - UID 518 ya procesado previamente, se omite
2026-03-08 21:20:35.900 | INFO     | src.agents.watcher_agent:_process_email:233 -  Iniciando procesamiento para UID 540
2026-03-08 21:20:35.901 | INFO     | src.agents.watcher_agent:_process_email:236 - UID 540 ya procesado previamente, se omite
2026-03-08 21:20:35.902 | INFO     | src.agents.watcher_agent:_process_email:233 -  Iniciando procesamiento para UID 569
2026-03-08 21:20:35.903 | INFO     | src.agents.watcher_agent:_process_email:236 - UID 569 ya procesado previamente, se omite
2026-03-08 21:20:35.903 | INFO     | src.agents.watcher_agent:_process_email:233 -  Iniciando procesamiento para UID 630
2026-03-08 21:20:35.904 | INFO     | src.agents.watcher_agent:_process_email:236 - UID 630 ya procesado previamente, se omite
2026-03-08 21:20:35.905 | INFO     | src.agents.watcher_agent:_process_email:233 -  Iniciando procesamiento para UID 639
2026-03-08 21:20:35.906 | INFO     | src.agents.watcher_agent:_process_email:236 - UID 639 ya procesado previamente, se omite
2026-03-08 21:20:35.906 | INFO     | src.agents.watcher_agent:_process_email:233 -  Iniciando procesamiento para UID 643
2026-03-08 21:20:35.907 | INFO     | src.agents.watcher_agent:_process_email:236 - UID 643 ya procesado previamente, se omite
2026-03-08 21:20:35.908 | INFO     | src.agents.watcher_agent:_process_email:233 -  Iniciando procesamiento para UID 659
2026-03-08 21:20:35.909 | INFO     | src.agents.watcher_agent:_process_email:236 - UID 659 ya procesado previamente, se omite
2026-03-08 21:20:35.909 | INFO     | src.agents.watcher_agent:_process_email:233 -  Iniciando procesamiento para UID 669
2026-03-08 21:20:35.910 | INFO     | src.agents.watcher_agent:_process_email:236 - UID 669 ya procesado previamente, se omite
2026-03-08 21:20:35.912 | INFO     | src.agents.watcher_agent:_process_email:233 -  Iniciando procesamiento para UID 677
2026-03-08 21:20:35.913 | INFO     | src.agents.watcher_agent:_process_email:236 - UID 677 ya procesado previamente, se omite
2026-03-08 21:20:35.913 | INFO     | src.agents.watcher_agent:_process_email:233 -  Iniciando procesamiento para UID 682
2026-03-08 21:20:35.918 | INFO     | src.agents.watcher_agent:_process_email:236 - UID 682 ya procesado previamente, se omite
2026-03-08 21:20:35.920 | INFO     | src.agents.watcher_agent:_process_email:233 -  Iniciando procesamiento para UID 695
2026-03-08 21:20:35.920 | INFO     | src.agents.watcher_agent:_process_email:236 - UID 695 ya procesado previamente, se omite
2026-03-08 21:20:35.921 | INFO     | src.agents.watcher_agent:_process_email:233 -  Iniciando procesamiento para UID 698
2026-03-08 21:20:35.921 | INFO     | src.agents.watcher_agent:_process_email:236 - UID 698 ya procesado previamente, se omite
2026-03-08 21:20:35.923 | INFO     | src.agents.watcher_agent:_process_email:233 -  Iniciando procesamiento para UID 702
2026-03-08 21:20:35.924 | INFO     | src.agents.watcher_agent:_process_email:236 - UID 702 ya procesado previamente, se omite
2026-03-08 21:20:35.925 | INFO     | src.agents.watcher_agent:_process_email:233 -  Iniciando procesamiento para UID 711
2026-03-08 21:20:35.925 | INFO     | src.agents.watcher_agent:_process_email:236 - UID 711 ya procesado previamente, se omite
2026-03-08 21:20:35.926 | INFO     | src.agents.watcher_agent:_process_email:233 -  Iniciando procesamiento para UID 714
2026-03-08 21:20:35.926 | INFO     | src.agents.watcher_agent:_process_email:236 - UID 714 ya procesado previamente, se omite
2026-03-08 21:20:35.927 | INFO     | src.agents.watcher_agent:_process_email:233 -  Iniciando procesamiento para UID 715
2026-03-08 21:20:35.928 | INFO     | src.agents.watcher_agent:_process_email:236 - UID 715 ya procesado previamente, se omite
2026-03-08 21:20:35.929 | INFO     | src.agents.watcher_agent:_process_email:233 -  Iniciando procesamiento para UID 727
2026-03-08 21:20:35.930 | INFO     | src.agents.watcher_agent:_process_email:236 - UID 727 ya procesado previamente, se omite
2026-03-08 21:20:35.932 | INFO     | src.agents.watcher_agent:_process_email:233 -  Iniciando procesamiento para UID 737
2026-03-08 21:20:35.933 | INFO     | src.agents.watcher_agent:_process_email:236 - UID 737 ya procesado previamente, se omite
2026-03-08 21:20:35.933 | INFO     | src.agents.watcher_agent:_process_email:233 -  Iniciando procesamiento para UID 746
2026-03-08 21:20:35.934 | INFO     | src.agents.watcher_agent:_process_email:236 - UID 746 ya procesado previamente, se omite
2026-03-08 21:20:35.934 | INFO     | src.agents.watcher_agent:_process_email:233 -  Iniciando procesamiento para UID 770
2026-03-08 21:20:35.935 | INFO     | src.agents.watcher_agent:_process_email:236 - UID 770 ya procesado previamente, se omite
2026-03-08 21:20:35.937 | INFO     | src.agents.watcher_agent:_process_email:233 -  Iniciando procesamiento para UID 779
2026-03-08 21:20:35.937 | INFO     | src.agents.watcher_agent:_process_email:236 - UID 779 ya procesado previamente, se omite
2026-03-08 21:20:35.938 | INFO     | src.agents.watcher_agent:_process_email:233 -  Iniciando procesamiento para UID 1169
2026-03-08 21:20:35.939 | INFO     | src.agents.watcher_agent:_process_email:236 - UID 1169 ya procesado previamente, se omite
2026-03-08 21:20:35.940 | INFO     | src.agents.watcher_agent:_process_email:233 -  Iniciando procesamiento para UID 2568
2026-03-08 21:20:35.942 | INFO     | src.agents.watcher_agent:_process_email:236 - UID 2568 ya procesado previamente, se omite
2026-03-08 21:20:35.943 | INFO     | src.agents.watcher_agent:_process_email:233 -  Iniciando procesamiento para UID 4036
2026-03-08 21:20:35.943 | INFO     | src.agents.watcher_agent:_process_email:236 - UID 4036 ya procesado previamente, se omite
2026-03-08 21:20:35.947 | INFO     | src.agents.watcher_agent:_process_email:233 -  Iniciando procesamiento para UID 4921
2026-03-08 21:20:35.948 | INFO     | src.agents.watcher_agent:_process_email:236 - UID 4921 ya procesado previamente, se omite
2026-03-08 21:20:35.949 | INFO     | src.agents.watcher_agent:_process_email:233 -  Iniciando procesamiento para UID 7568
2026-03-08 21:20:35.949 | INFO     | src.agents.watcher_agent:_process_email:236 - UID 7568 ya procesado previamente, se omite
2026-03-08 21:20:35.951 | INFO     | src.agents.watcher_agent:_process_email:233 -  Iniciando procesamiento para UID 7824
2026-03-08 21:20:35.951 | INFO     | src.agents.watcher_agent:_process_email:236 - UID 7824 ya procesado previamente, se omite
2026-03-08 21:20:35.952 | INFO     | src.agents.watcher_agent:_process_email:233 -  Iniciando procesamiento para UID 11033
2026-03-08 21:20:35.952 | INFO     | src.agents.watcher_agent:_process_email:236 - UID 11033 ya procesado previamente, se omite
2026-03-08 21:20:35.953 | INFO     | src.agents.watcher_agent:_check_new_emails:132 -  Fin de consulta: se procesaron 0 correo(s) con expediente docente de un total de 66 candidato(s).
2026-03-08 21:20:35.954 | INFO     | src.agents.watcher_agent:run:90 -  Resumen ciclo #1: 0 correo(s) procesado(s) en esta consulta.
2026-03-08 21:20:36.573 | INFO     | src.agents.watcher_agent:run:97 -  El Watcher volverá a ejecutarse automáticamente en 60 segundos...
2026-03-08 21:21:29.377 | INFO     | src.agents.watcher_agent:run:104 - Watcher Agent detenido por el usuario (KeyboardInterrupt)
2026-03-08 21:22:38.684 | INFO     | __main__:main:12 -  Iniciando servicio Watcher Agent desde main.py
2026-03-08 21:22:38.685 | INFO     | src.agents.watcher_agent:run:64 - Watcher Agent iniciado
2026-03-08 21:22:38.687 | INFO     | src.agents.watcher_agent:run:78 -  Ciclo #1 de monitoreo iniciado
2026-03-08 21:22:48.361 | INFO     | src.agents.watcher_agent:_check_new_emails:123 -  Inicio de consulta: se encontraron 66 correo(s) candidato(s) por asunto o palabras clave en el cuerpo.
2026-03-08 21:22:48.362 | INFO     | src.agents.watcher_agent:_process_email:233 -  Iniciando procesamiento para UID 1352
2026-03-08 21:22:48.362 | INFO     | src.agents.watcher_agent:_process_email:236 - UID 1352 ya procesado previamente, se omite
2026-03-08 21:22:48.363 | INFO     | src.agents.watcher_agent:_process_email:233 -  Iniciando procesamiento para UID 1480
2026-03-08 21:22:48.364 | INFO     | src.agents.watcher_agent:_process_email:236 - UID 1480 ya procesado previamente, se omite
2026-03-08 21:22:48.364 | INFO     | src.agents.watcher_agent:_process_email:233 -  Iniciando procesamiento para UID 2968
2026-03-08 21:22:48.365 | INFO     | src.agents.watcher_agent:_process_email:236 - UID 2968 ya procesado previamente, se omite
2026-03-08 21:22:48.365 | INFO     | src.agents.watcher_agent:_process_email:233 -  Iniciando procesamiento para UID 3581
2026-03-08 21:22:48.366 | INFO     | src.agents.watcher_agent:_process_email:236 - UID 3581 ya procesado previamente, se omite
2026-03-08 21:22:48.366 | INFO     | src.agents.watcher_agent:_process_email:233 -  Iniciando procesamiento para UID 6572
2026-03-08 21:22:48.367 | INFO     | src.agents.watcher_agent:_process_email:236 - UID 6572 ya procesado previamente, se omite
2026-03-08 21:22:48.367 | INFO     | src.agents.watcher_agent:_process_email:233 -  Iniciando procesamiento para UID 10537
2026-03-08 21:22:48.368 | INFO     | src.agents.watcher_agent:_process_email:236 - UID 10537 ya procesado previamente, se omite
2026-03-08 21:22:48.368 | INFO     | src.agents.watcher_agent:_process_email:233 -  Iniciando procesamiento para UID 10567
2026-03-08 21:22:48.369 | INFO     | src.agents.watcher_agent:_process_email:236 - UID 10567 ya procesado previamente, se omite
2026-03-08 21:22:48.369 | INFO     | src.agents.watcher_agent:_process_email:233 -  Iniciando procesamiento para UID 11032
2026-03-08 21:22:48.370 | INFO     | src.agents.watcher_agent:_process_email:236 - UID 11032 ya procesado previamente, se omite
2026-03-08 21:22:48.370 | INFO     | src.agents.watcher_agent:_process_email:233 -  Iniciando procesamiento para UID 11031
2026-03-08 21:22:48.371 | INFO     | src.agents.watcher_agent:_process_email:236 - UID 11031 ya procesado previamente, se omite
2026-03-08 21:22:48.371 | INFO     | src.agents.watcher_agent:_process_email:233 -  Iniciando procesamiento para UID 11022
2026-03-08 21:22:48.372 | INFO     | src.agents.watcher_agent:_process_email:236 - UID 11022 ya procesado previamente, se omite
2026-03-08 21:22:48.372 | INFO     | src.agents.watcher_agent:_process_email:233 -  Iniciando procesamiento para UID 11023
2026-03-08 21:22:48.373 | INFO     | src.agents.watcher_agent:_process_email:236 - UID 11023 ya procesado previamente, se omite
2026-03-08 21:22:48.373 | INFO     | src.agents.watcher_agent:_process_email:233 -  Iniciando procesamiento para UID 11034
2026-03-08 21:22:48.373 | INFO     | src.agents.watcher_agent:_process_email:236 - UID 11034 ya procesado previamente, se omite
2026-03-08 21:22:48.374 | INFO     | src.agents.watcher_agent:_process_email:233 -  Iniciando procesamiento para UID 11035
2026-03-08 21:22:48.374 | INFO     | src.agents.watcher_agent:_process_email:236 - UID 11035 ya procesado previamente, se omite
2026-03-08 21:22:48.375 | INFO     | src.agents.watcher_agent:_process_email:233 -  Iniciando procesamiento para UID 2039
2026-03-08 21:22:48.375 | INFO     | src.agents.watcher_agent:_process_email:236 - UID 2039 ya procesado previamente, se omite
2026-03-08 21:22:48.376 | INFO     | src.agents.watcher_agent:_process_email:233 -  Iniciando procesamiento para UID 7764
2026-03-08 21:22:48.376 | INFO     | src.agents.watcher_agent:_process_email:236 - UID 7764 ya procesado previamente, se omite
2026-03-08 21:22:48.377 | INFO     | src.agents.watcher_agent:_process_email:233 -  Iniciando procesamiento para UID 4373
2026-03-08 21:22:48.377 | INFO     | src.agents.watcher_agent:_process_email:236 - UID 4373 ya procesado previamente, se omite
2026-03-08 21:22:48.377 | INFO     | src.agents.watcher_agent:_process_email:233 -  Iniciando procesamiento para UID 4524
2026-03-08 21:22:48.378 | INFO     | src.agents.watcher_agent:_process_email:236 - UID 4524 ya procesado previamente, se omite
2026-03-08 21:22:48.378 | INFO     | src.agents.watcher_agent:_process_email:233 -  Iniciando procesamiento para UID 5450
2026-03-08 21:22:48.379 | INFO     | src.agents.watcher_agent:_process_email:236 - UID 5450 ya procesado previamente, se omite
2026-03-08 21:22:48.379 | INFO     | src.agents.watcher_agent:_process_email:233 -  Iniciando procesamiento para UID 9803
2026-03-08 21:22:48.380 | INFO     | src.agents.watcher_agent:_process_email:236 - UID 9803 ya procesado previamente, se omite
2026-03-08 21:22:48.380 | INFO     | src.agents.watcher_agent:_process_email:233 -  Iniciando procesamiento para UID 9835
2026-03-08 21:22:48.380 | INFO     | src.agents.watcher_agent:_process_email:236 - UID 9835 ya procesado previamente, se omite
2026-03-08 21:22:48.381 | INFO     | src.agents.watcher_agent:_process_email:233 -  Iniciando procesamiento para UID 93
2026-03-08 21:22:48.381 | INFO     | src.agents.watcher_agent:_process_email:236 - UID 93 ya procesado previamente, se omite
2026-03-08 21:22:48.382 | INFO     | src.agents.watcher_agent:_process_email:233 -  Iniciando procesamiento para UID 97
2026-03-08 21:22:48.382 | INFO     | src.agents.watcher_agent:_process_email:236 - UID 97 ya procesado previamente, se omite
2026-03-08 21:22:48.383 | INFO     | src.agents.watcher_agent:_process_email:233 -  Iniciando procesamiento para UID 101
2026-03-08 21:22:48.383 | INFO     | src.agents.watcher_agent:_process_email:236 - UID 101 ya procesado previamente, se omite
2026-03-08 21:22:48.383 | INFO     | src.agents.watcher_agent:_process_email:233 -  Iniciando procesamiento para UID 381
2026-03-08 21:22:48.384 | INFO     | src.agents.watcher_agent:_process_email:236 - UID 381 ya procesado previamente, se omite
2026-03-08 21:22:48.384 | INFO     | src.agents.watcher_agent:_process_email:233 -  Iniciando procesamiento para UID 383
2026-03-08 21:22:48.385 | INFO     | src.agents.watcher_agent:_process_email:236 - UID 383 ya procesado previamente, se omite
2026-03-08 21:22:48.385 | INFO     | src.agents.watcher_agent:_process_email:233 -  Iniciando procesamiento para UID 384
2026-03-08 21:22:48.386 | INFO     | src.agents.watcher_agent:_process_email:236 - UID 384 ya procesado previamente, se omite
2026-03-08 21:22:48.386 | INFO     | src.agents.watcher_agent:_process_email:233 -  Iniciando procesamiento para UID 386
2026-03-08 21:22:48.386 | INFO     | src.agents.watcher_agent:_process_email:236 - UID 386 ya procesado previamente, se omite
2026-03-08 21:22:48.387 | INFO     | src.agents.watcher_agent:_process_email:233 -  Iniciando procesamiento para UID 387
2026-03-08 21:22:48.387 | INFO     | src.agents.watcher_agent:_process_email:236 - UID 387 ya procesado previamente, se omite
2026-03-08 21:22:48.388 | INFO     | src.agents.watcher_agent:_process_email:233 -  Iniciando procesamiento para UID 389
2026-03-08 21:22:48.388 | INFO     | src.agents.watcher_agent:_process_email:236 - UID 389 ya procesado previamente, se omite
2026-03-08 21:22:48.389 | INFO     | src.agents.watcher_agent:_process_email:233 -  Iniciando procesamiento para UID 390
2026-03-08 21:22:48.389 | INFO     | src.agents.watcher_agent:_process_email:236 - UID 390 ya procesado previamente, se omite
2026-03-08 21:22:48.389 | INFO     | src.agents.watcher_agent:_process_email:233 -  Iniciando procesamiento para UID 391
2026-03-08 21:22:48.390 | INFO     | src.agents.watcher_agent:_process_email:236 - UID 391 ya procesado previamente, se omite
2026-03-08 21:22:48.390 | INFO     | src.agents.watcher_agent:_process_email:233 -  Iniciando procesamiento para UID 393
2026-03-08 21:22:48.391 | INFO     | src.agents.watcher_agent:_process_email:236 - UID 393 ya procesado previamente, se omite
2026-03-08 21:22:48.393 | INFO     | src.agents.watcher_agent:_process_email:233 -  Iniciando procesamiento para UID 424
2026-03-08 21:22:48.393 | INFO     | src.agents.watcher_agent:_process_email:236 - UID 424 ya procesado previamente, se omite
2026-03-08 21:22:48.394 | INFO     | src.agents.watcher_agent:_process_email:233 -  Iniciando procesamiento para UID 428
2026-03-08 21:22:48.394 | INFO     | src.agents.watcher_agent:_process_email:236 - UID 428 ya procesado previamente, se omite
2026-03-08 21:22:48.395 | INFO     | src.agents.watcher_agent:_process_email:233 -  Iniciando procesamiento para UID 478
2026-03-08 21:22:48.396 | INFO     | src.agents.watcher_agent:_process_email:236 - UID 478 ya procesado previamente, se omite
2026-03-08 21:22:48.396 | INFO     | src.agents.watcher_agent:_process_email:233 -  Iniciando procesamiento para UID 482
2026-03-08 21:22:48.397 | INFO     | src.agents.watcher_agent:_process_email:236 - UID 482 ya procesado previamente, se omite
2026-03-08 21:22:48.398 | INFO     | src.agents.watcher_agent:_process_email:233 -  Iniciando procesamiento para UID 496
2026-03-08 21:22:48.399 | INFO     | src.agents.watcher_agent:_process_email:236 - UID 496 ya procesado previamente, se omite
2026-03-08 21:22:48.400 | INFO     | src.agents.watcher_agent:_process_email:233 -  Iniciando procesamiento para UID 500
2026-03-08 21:22:48.400 | INFO     | src.agents.watcher_agent:_process_email:236 - UID 500 ya procesado previamente, se omite
2026-03-08 21:22:48.403 | INFO     | src.agents.watcher_agent:_process_email:233 -  Iniciando procesamiento para UID 518
2026-03-08 21:22:48.404 | INFO     | src.agents.watcher_agent:_process_email:236 - UID 518 ya procesado previamente, se omite
2026-03-08 21:22:48.405 | INFO     | src.agents.watcher_agent:_process_email:233 -  Iniciando procesamiento para UID 540
2026-03-08 21:22:48.405 | INFO     | src.agents.watcher_agent:_process_email:236 - UID 540 ya procesado previamente, se omite
2026-03-08 21:22:48.407 | INFO     | src.agents.watcher_agent:_process_email:233 -  Iniciando procesamiento para UID 569
2026-03-08 21:22:48.407 | INFO     | src.agents.watcher_agent:_process_email:236 - UID 569 ya procesado previamente, se omite
2026-03-08 21:22:48.408 | INFO     | src.agents.watcher_agent:_process_email:233 -  Iniciando procesamiento para UID 630
2026-03-08 21:22:48.408 | INFO     | src.agents.watcher_agent:_process_email:236 - UID 630 ya procesado previamente, se omite
2026-03-08 21:22:48.410 | INFO     | src.agents.watcher_agent:_process_email:233 -  Iniciando procesamiento para UID 639
2026-03-08 21:22:48.411 | INFO     | src.agents.watcher_agent:_process_email:236 - UID 639 ya procesado previamente, se omite
2026-03-08 21:22:48.411 | INFO     | src.agents.watcher_agent:_process_email:233 -  Iniciando procesamiento para UID 643
2026-03-08 21:22:48.416 | INFO     | src.agents.watcher_agent:_process_email:236 - UID 643 ya procesado previamente, se omite
2026-03-08 21:22:48.421 | INFO     | src.agents.watcher_agent:_process_email:233 -  Iniciando procesamiento para UID 659
2026-03-08 21:22:48.425 | INFO     | src.agents.watcher_agent:_process_email:236 - UID 659 ya procesado previamente, se omite
2026-03-08 21:22:48.425 | INFO     | src.agents.watcher_agent:_process_email:233 -  Iniciando procesamiento para UID 669
2026-03-08 21:22:48.426 | INFO     | src.agents.watcher_agent:_process_email:236 - UID 669 ya procesado previamente, se omite
2026-03-08 21:22:48.426 | INFO     | src.agents.watcher_agent:_process_email:233 -  Iniciando procesamiento para UID 677
2026-03-08 21:22:48.428 | INFO     | src.agents.watcher_agent:_process_email:236 - UID 677 ya procesado previamente, se omite
2026-03-08 21:22:48.431 | INFO     | src.agents.watcher_agent:_process_email:233 -  Iniciando procesamiento para UID 682
2026-03-08 21:22:48.431 | INFO     | src.agents.watcher_agent:_process_email:236 - UID 682 ya procesado previamente, se omite
2026-03-08 21:22:48.436 | INFO     | src.agents.watcher_agent:_process_email:233 -  Iniciando procesamiento para UID 695
2026-03-08 21:22:48.437 | INFO     | src.agents.watcher_agent:_process_email:236 - UID 695 ya procesado previamente, se omite
2026-03-08 21:22:48.438 | INFO     | src.agents.watcher_agent:_process_email:233 -  Iniciando procesamiento para UID 698
2026-03-08 21:22:48.439 | INFO     | src.agents.watcher_agent:_process_email:236 - UID 698 ya procesado previamente, se omite
2026-03-08 21:22:48.440 | INFO     | src.agents.watcher_agent:_process_email:233 -  Iniciando procesamiento para UID 702
2026-03-08 21:22:48.440 | INFO     | src.agents.watcher_agent:_process_email:236 - UID 702 ya procesado previamente, se omite
2026-03-08 21:22:48.441 | INFO     | src.agents.watcher_agent:_process_email:233 -  Iniciando procesamiento para UID 711
2026-03-08 21:22:48.442 | INFO     | src.agents.watcher_agent:_process_email:236 - UID 711 ya procesado previamente, se omite
2026-03-08 21:22:48.443 | INFO     | src.agents.watcher_agent:_process_email:233 -  Iniciando procesamiento para UID 714
2026-03-08 21:22:48.444 | INFO     | src.agents.watcher_agent:_process_email:236 - UID 714 ya procesado previamente, se omite
2026-03-08 21:22:48.445 | INFO     | src.agents.watcher_agent:_process_email:233 -  Iniciando procesamiento para UID 715
2026-03-08 21:22:48.445 | INFO     | src.agents.watcher_agent:_process_email:236 - UID 715 ya procesado previamente, se omite
2026-03-08 21:22:48.446 | INFO     | src.agents.watcher_agent:_process_email:233 -  Iniciando procesamiento para UID 727
2026-03-08 21:22:48.447 | INFO     | src.agents.watcher_agent:_process_email:236 - UID 727 ya procesado previamente, se omite
2026-03-08 21:22:48.448 | INFO     | src.agents.watcher_agent:_process_email:233 -  Iniciando procesamiento para UID 737
2026-03-08 21:22:48.449 | INFO     | src.agents.watcher_agent:_process_email:236 - UID 737 ya procesado previamente, se omite
2026-03-08 21:22:48.451 | INFO     | src.agents.watcher_agent:_process_email:233 -  Iniciando procesamiento para UID 746
2026-03-08 21:22:48.452 | INFO     | src.agents.watcher_agent:_process_email:236 - UID 746 ya procesado previamente, se omite
2026-03-08 21:22:48.452 | INFO     | src.agents.watcher_agent:_process_email:233 -  Iniciando procesamiento para UID 770
2026-03-08 21:22:48.453 | INFO     | src.agents.watcher_agent:_process_email:236 - UID 770 ya procesado previamente, se omite
2026-03-08 21:22:48.453 | INFO     | src.agents.watcher_agent:_process_email:233 -  Iniciando procesamiento para UID 779
2026-03-08 21:22:48.454 | INFO     | src.agents.watcher_agent:_process_email:236 - UID 779 ya procesado previamente, se omite
2026-03-08 21:22:48.455 | INFO     | src.agents.watcher_agent:_process_email:233 -  Iniciando procesamiento para UID 1169
2026-03-08 21:22:48.455 | INFO     | src.agents.watcher_agent:_process_email:236 - UID 1169 ya procesado previamente, se omite
2026-03-08 21:22:48.456 | INFO     | src.agents.watcher_agent:_process_email:233 -  Iniciando procesamiento para UID 2568
2026-03-08 21:22:48.456 | INFO     | src.agents.watcher_agent:_process_email:236 - UID 2568 ya procesado previamente, se omite
2026-03-08 21:22:48.458 | INFO     | src.agents.watcher_agent:_process_email:233 -  Iniciando procesamiento para UID 4036
2026-03-08 21:22:48.459 | INFO     | src.agents.watcher_agent:_process_email:236 - UID 4036 ya procesado previamente, se omite
2026-03-08 21:22:48.460 | INFO     | src.agents.watcher_agent:_process_email:233 -  Iniciando procesamiento para UID 4921
2026-03-08 21:22:48.462 | INFO     | src.agents.watcher_agent:_process_email:236 - UID 4921 ya procesado previamente, se omite
2026-03-08 21:22:48.463 | INFO     | src.agents.watcher_agent:_process_email:233 -  Iniciando procesamiento para UID 7568
2026-03-08 21:22:48.464 | INFO     | src.agents.watcher_agent:_process_email:236 - UID 7568 ya procesado previamente, se omite
2026-03-08 21:22:48.464 | INFO     | src.agents.watcher_agent:_process_email:233 -  Iniciando procesamiento para UID 7824
2026-03-08 21:22:48.465 | INFO     | src.agents.watcher_agent:_process_email:236 - UID 7824 ya procesado previamente, se omite
2026-03-08 21:22:48.466 | INFO     | src.agents.watcher_agent:_process_email:233 -  Iniciando procesamiento para UID 11033
2026-03-08 21:22:48.466 | INFO     | src.agents.watcher_agent:_process_email:236 - UID 11033 ya procesado previamente, se omite
2026-03-08 21:22:48.467 | INFO     | src.agents.watcher_agent:_check_new_emails:132 -  Fin de consulta: se procesaron 0 correo(s) con expediente docente de un total de 66 candidato(s).
2026-03-08 21:22:48.467 | INFO     | src.agents.watcher_agent:run:90 -  Resumen ciclo #1: 0 correo(s) procesado(s) en esta consulta.
2026-03-08 21:22:49.181 | INFO     | src.agents.watcher_agent:run:97 -  El Watcher volverá a ejecutarse automáticamente en 60 segundos...
2026-03-08 21:22:57.465 | INFO     | src.agents.watcher_agent:run:104 - Watcher Agent detenido por el usuario (KeyboardInterrupt)
2026-03-08 21:35:14.703 | INFO     | __main__:main:12 -  Iniciando servicio Watcher Agent desde main.py
2026-03-08 21:35:14.705 | INFO     | src.agents.watcher_agent:run:64 - Watcher Agent iniciado
2026-03-08 21:35:14.706 | INFO     | src.agents.watcher_agent:run:78 -  Ciclo #1 de monitoreo iniciado
2026-03-08 21:35:21.924 | INFO     | src.agents.watcher_agent:_check_new_emails:123 -  Inicio de consulta: se encontraron 67 correo(s) candidato(s) por asunto o palabras clave en el cuerpo.
2026-03-08 21:35:21.925 | INFO     | src.agents.watcher_agent:_process_email:233 -  Iniciando procesamiento para UID 1352
2026-03-08 21:35:21.925 | INFO     | src.agents.watcher_agent:_process_email:236 - UID 1352 ya procesado previamente, se omite
2026-03-08 21:35:21.926 | INFO     | src.agents.watcher_agent:_process_email:233 -  Iniciando procesamiento para UID 1480
2026-03-08 21:35:21.926 | INFO     | src.agents.watcher_agent:_process_email:236 - UID 1480 ya procesado previamente, se omite
2026-03-08 21:35:21.927 | INFO     | src.agents.watcher_agent:_process_email:233 -  Iniciando procesamiento para UID 2968
2026-03-08 21:35:21.927 | INFO     | src.agents.watcher_agent:_process_email:236 - UID 2968 ya procesado previamente, se omite
2026-03-08 21:35:21.928 | INFO     | src.agents.watcher_agent:_process_email:233 -  Iniciando procesamiento para UID 3581
2026-03-08 21:35:21.928 | INFO     | src.agents.watcher_agent:_process_email:236 - UID 3581 ya procesado previamente, se omite
2026-03-08 21:35:21.929 | INFO     | src.agents.watcher_agent:_process_email:233 -  Iniciando procesamiento para UID 6572
2026-03-08 21:35:21.929 | INFO     | src.agents.watcher_agent:_process_email:236 - UID 6572 ya procesado previamente, se omite
2026-03-08 21:35:21.930 | INFO     | src.agents.watcher_agent:_process_email:233 -  Iniciando procesamiento para UID 10537
2026-03-08 21:35:21.930 | INFO     | src.agents.watcher_agent:_process_email:236 - UID 10537 ya procesado previamente, se omite
2026-03-08 21:35:21.931 | INFO     | src.agents.watcher_agent:_process_email:233 -  Iniciando procesamiento para UID 10567
2026-03-08 21:35:21.931 | INFO     | src.agents.watcher_agent:_process_email:236 - UID 10567 ya procesado previamente, se omite
2026-03-08 21:35:21.932 | INFO     | src.agents.watcher_agent:_process_email:233 -  Iniciando procesamiento para UID 11032
2026-03-08 21:35:21.932 | INFO     | src.agents.watcher_agent:_process_email:236 - UID 11032 ya procesado previamente, se omite
2026-03-08 21:35:21.933 | INFO     | src.agents.watcher_agent:_process_email:233 -  Iniciando procesamiento para UID 11072
2026-03-08 21:35:23.310 | INFO     | src.agents.watcher_agent:_process_email:257 - UID=11072 Subject='Notas'
2026-03-08 21:35:23.339 | INFO     | src.agents.watcher_agent:_process_email:294 - Nombre extraído para UID 11072: None
2026-03-08 21:35:23.340 | INFO     | src.agents.watcher_agent:_process_email:297 - Carpeta destino para UID 11072: /home/genghis/Documents/Uneg/agente-inteligente-expedientes/data/input/Expediente_SinNombre_UID11072
2026-03-08 21:35:23.341 | INFO     | src.agents.watcher_agent:_process_email:301 - Cuerpo guardado en info_mail_UID11072.txt
2026-03-08 21:35:23.368 | INFO     | src.agents.watcher_agent:_process_email:312 - Adjuntos guardados para UID 11072: 2 archivo(s)
2026-03-08 21:35:23.663 | SUCCESS  | src.agents.watcher_agent:_process_email:323 - Procesado UID 11072: 2 adjunto(s) guardado(s) en /home/genghis/Documents/Uneg/agente-inteligente-expedientes/data/input/Expediente_SinNombre_UID11072
2026-03-08 21:35:23.670 | INFO     | src.agents.watcher_agent:_process_email:233 -  Iniciando procesamiento para UID 11031
2026-03-08 21:35:23.672 | INFO     | src.agents.watcher_agent:_process_email:236 - UID 11031 ya procesado previamente, se omite
2026-03-08 21:35:23.673 | INFO     | src.agents.watcher_agent:_process_email:233 -  Iniciando procesamiento para UID 11022
2026-03-08 21:35:23.674 | INFO     | src.agents.watcher_agent:_process_email:236 - UID 11022 ya procesado previamente, se omite
2026-03-08 21:35:23.678 | INFO     | src.agents.watcher_agent:_process_email:233 -  Iniciando procesamiento para UID 11023
2026-03-08 21:35:23.679 | INFO     | src.agents.watcher_agent:_process_email:236 - UID 11023 ya procesado previamente, se omite
2026-03-08 21:35:23.682 | INFO     | src.agents.watcher_agent:_process_email:233 -  Iniciando procesamiento para UID 11034
2026-03-08 21:35:23.687 | INFO     | src.agents.watcher_agent:_process_email:236 - UID 11034 ya procesado previamente, se omite
2026-03-08 21:35:23.688 | INFO     | src.agents.watcher_agent:_process_email:233 -  Iniciando procesamiento para UID 11035
2026-03-08 21:35:23.691 | INFO     | src.agents.watcher_agent:_process_email:236 - UID 11035 ya procesado previamente, se omite
2026-03-08 21:35:23.692 | INFO     | src.agents.watcher_agent:_process_email:233 -  Iniciando procesamiento para UID 2039
2026-03-08 21:35:23.693 | INFO     | src.agents.watcher_agent:_process_email:236 - UID 2039 ya procesado previamente, se omite
2026-03-08 21:35:23.693 | INFO     | src.agents.watcher_agent:_process_email:233 -  Iniciando procesamiento para UID 7764
2026-03-08 21:35:23.694 | INFO     | src.agents.watcher_agent:_process_email:236 - UID 7764 ya procesado previamente, se omite
2026-03-08 21:35:23.695 | INFO     | src.agents.watcher_agent:_process_email:233 -  Iniciando procesamiento para UID 4373
2026-03-08 21:35:23.696 | INFO     | src.agents.watcher_agent:_process_email:236 - UID 4373 ya procesado previamente, se omite
2026-03-08 21:35:23.697 | INFO     | src.agents.watcher_agent:_process_email:233 -  Iniciando procesamiento para UID 4524
2026-03-08 21:35:23.697 | INFO     | src.agents.watcher_agent:_process_email:236 - UID 4524 ya procesado previamente, se omite
2026-03-08 21:35:23.698 | INFO     | src.agents.watcher_agent:_process_email:233 -  Iniciando procesamiento para UID 5450
2026-03-08 21:35:23.699 | INFO     | src.agents.watcher_agent:_process_email:236 - UID 5450 ya procesado previamente, se omite
2026-03-08 21:35:23.699 | INFO     | src.agents.watcher_agent:_process_email:233 -  Iniciando procesamiento para UID 9803
2026-03-08 21:35:23.703 | INFO     | src.agents.watcher_agent:_process_email:236 - UID 9803 ya procesado previamente, se omite
2026-03-08 21:35:23.705 | INFO     | src.agents.watcher_agent:_process_email:233 -  Iniciando procesamiento para UID 9835
2026-03-08 21:35:23.706 | INFO     | src.agents.watcher_agent:_process_email:236 - UID 9835 ya procesado previamente, se omite
2026-03-08 21:35:23.709 | INFO     | src.agents.watcher_agent:_process_email:233 -  Iniciando procesamiento para UID 93
2026-03-08 21:35:23.711 | INFO     | src.agents.watcher_agent:_process_email:236 - UID 93 ya procesado previamente, se omite
2026-03-08 21:35:23.713 | INFO     | src.agents.watcher_agent:_process_email:233 -  Iniciando procesamiento para UID 97
2026-03-08 21:35:23.714 | INFO     | src.agents.watcher_agent:_process_email:236 - UID 97 ya procesado previamente, se omite
2026-03-08 21:35:23.715 | INFO     | src.agents.watcher_agent:_process_email:233 -  Iniciando procesamiento para UID 101
2026-03-08 21:35:23.715 | INFO     | src.agents.watcher_agent:_process_email:236 - UID 101 ya procesado previamente, se omite
2026-03-08 21:35:23.716 | INFO     | src.agents.watcher_agent:_process_email:233 -  Iniciando procesamiento para UID 381
2026-03-08 21:35:23.716 | INFO     | src.agents.watcher_agent:_process_email:236 - UID 381 ya procesado previamente, se omite
2026-03-08 21:35:23.716 | INFO     | src.agents.watcher_agent:_process_email:233 -  Iniciando procesamiento para UID 383
2026-03-08 21:35:23.717 | INFO     | src.agents.watcher_agent:_process_email:236 - UID 383 ya procesado previamente, se omite
2026-03-08 21:35:23.717 | INFO     | src.agents.watcher_agent:_process_email:233 -  Iniciando procesamiento para UID 384
2026-03-08 21:35:23.718 | INFO     | src.agents.watcher_agent:_process_email:236 - UID 384 ya procesado previamente, se omite
2026-03-08 21:35:23.718 | INFO     | src.agents.watcher_agent:_process_email:233 -  Iniciando procesamiento para UID 386
2026-03-08 21:35:23.719 | INFO     | src.agents.watcher_agent:_process_email:236 - UID 386 ya procesado previamente, se omite
2026-03-08 21:35:23.719 | INFO     | src.agents.watcher_agent:_process_email:233 -  Iniciando procesamiento para UID 387
2026-03-08 21:35:23.720 | INFO     | src.agents.watcher_agent:_process_email:236 - UID 387 ya procesado previamente, se omite
2026-03-08 21:35:23.720 | INFO     | src.agents.watcher_agent:_process_email:233 -  Iniciando procesamiento para UID 389
2026-03-08 21:35:23.720 | INFO     | src.agents.watcher_agent:_process_email:236 - UID 389 ya procesado previamente, se omite
2026-03-08 21:35:23.721 | INFO     | src.agents.watcher_agent:_process_email:233 -  Iniciando procesamiento para UID 390
2026-03-08 21:35:23.721 | INFO     | src.agents.watcher_agent:_process_email:236 - UID 390 ya procesado previamente, se omite
2026-03-08 21:35:23.722 | INFO     | src.agents.watcher_agent:_process_email:233 -  Iniciando procesamiento para UID 391
2026-03-08 21:35:23.722 | INFO     | src.agents.watcher_agent:_process_email:236 - UID 391 ya procesado previamente, se omite
2026-03-08 21:35:23.722 | INFO     | src.agents.watcher_agent:_process_email:233 -  Iniciando procesamiento para UID 393
2026-03-08 21:35:23.723 | INFO     | src.agents.watcher_agent:_process_email:236 - UID 393 ya procesado previamente, se omite
2026-03-08 21:35:23.723 | INFO     | src.agents.watcher_agent:_process_email:233 -  Iniciando procesamiento para UID 424
2026-03-08 21:35:23.723 | INFO     | src.agents.watcher_agent:_process_email:236 - UID 424 ya procesado previamente, se omite
2026-03-08 21:35:23.724 | INFO     | src.agents.watcher_agent:_process_email:233 -  Iniciando procesamiento para UID 428
2026-03-08 21:35:23.724 | INFO     | src.agents.watcher_agent:_process_email:236 - UID 428 ya procesado previamente, se omite
2026-03-08 21:35:23.725 | INFO     | src.agents.watcher_agent:_process_email:233 -  Iniciando procesamiento para UID 478
2026-03-08 21:35:23.725 | INFO     | src.agents.watcher_agent:_process_email:236 - UID 478 ya procesado previamente, se omite
2026-03-08 21:35:23.725 | INFO     | src.agents.watcher_agent:_process_email:233 -  Iniciando procesamiento para UID 482
2026-03-08 21:35:23.731 | INFO     | src.agents.watcher_agent:_process_email:236 - UID 482 ya procesado previamente, se omite
2026-03-08 21:35:23.732 | INFO     | src.agents.watcher_agent:_process_email:233 -  Iniciando procesamiento para UID 496
2026-03-08 21:35:23.732 | INFO     | src.agents.watcher_agent:_process_email:236 - UID 496 ya procesado previamente, se omite
2026-03-08 21:35:23.733 | INFO     | src.agents.watcher_agent:_process_email:233 -  Iniciando procesamiento para UID 500
2026-03-08 21:35:23.734 | INFO     | src.agents.watcher_agent:_process_email:236 - UID 500 ya procesado previamente, se omite
2026-03-08 21:35:23.734 | INFO     | src.agents.watcher_agent:_process_email:233 -  Iniciando procesamiento para UID 518
2026-03-08 21:35:23.735 | INFO     | src.agents.watcher_agent:_process_email:236 - UID 518 ya procesado previamente, se omite
2026-03-08 21:35:23.736 | INFO     | src.agents.watcher_agent:_process_email:233 -  Iniciando procesamiento para UID 540
2026-03-08 21:35:23.736 | INFO     | src.agents.watcher_agent:_process_email:236 - UID 540 ya procesado previamente, se omite
2026-03-08 21:35:23.737 | INFO     | src.agents.watcher_agent:_process_email:233 -  Iniciando procesamiento para UID 569
2026-03-08 21:35:23.737 | INFO     | src.agents.watcher_agent:_process_email:236 - UID 569 ya procesado previamente, se omite
2026-03-08 21:35:23.737 | INFO     | src.agents.watcher_agent:_process_email:233 -  Iniciando procesamiento para UID 630
2026-03-08 21:35:23.738 | INFO     | src.agents.watcher_agent:_process_email:236 - UID 630 ya procesado previamente, se omite
2026-03-08 21:35:23.738 | INFO     | src.agents.watcher_agent:_process_email:233 -  Iniciando procesamiento para UID 639
2026-03-08 21:35:23.739 | INFO     | src.agents.watcher_agent:_process_email:236 - UID 639 ya procesado previamente, se omite
2026-03-08 21:35:23.739 | INFO     | src.agents.watcher_agent:_process_email:233 -  Iniciando procesamiento para UID 643
2026-03-08 21:35:23.739 | INFO     | src.agents.watcher_agent:_process_email:236 - UID 643 ya procesado previamente, se omite
2026-03-08 21:35:23.740 | INFO     | src.agents.watcher_agent:_process_email:233 -  Iniciando procesamiento para UID 659
2026-03-08 21:35:23.740 | INFO     | src.agents.watcher_agent:_process_email:236 - UID 659 ya procesado previamente, se omite
2026-03-08 21:35:23.741 | INFO     | src.agents.watcher_agent:_process_email:233 -  Iniciando procesamiento para UID 669
2026-03-08 21:35:23.742 | INFO     | src.agents.watcher_agent:_process_email:236 - UID 669 ya procesado previamente, se omite
2026-03-08 21:35:23.742 | INFO     | src.agents.watcher_agent:_process_email:233 -  Iniciando procesamiento para UID 677
2026-03-08 21:35:23.746 | INFO     | src.agents.watcher_agent:_process_email:236 - UID 677 ya procesado previamente, se omite
2026-03-08 21:35:23.747 | INFO     | src.agents.watcher_agent:_process_email:233 -  Iniciando procesamiento para UID 682
2026-03-08 21:35:23.748 | INFO     | src.agents.watcher_agent:_process_email:236 - UID 682 ya procesado previamente, se omite
2026-03-08 21:35:23.748 | INFO     | src.agents.watcher_agent:_process_email:233 -  Iniciando procesamiento para UID 695
2026-03-08 21:35:23.749 | INFO     | src.agents.watcher_agent:_process_email:236 - UID 695 ya procesado previamente, se omite
2026-03-08 21:35:23.749 | INFO     | src.agents.watcher_agent:_process_email:233 -  Iniciando procesamiento para UID 698
2026-03-08 21:35:23.750 | INFO     | src.agents.watcher_agent:_process_email:236 - UID 698 ya procesado previamente, se omite
2026-03-08 21:35:23.754 | INFO     | src.agents.watcher_agent:_process_email:233 -  Iniciando procesamiento para UID 702
2026-03-08 21:35:23.755 | INFO     | src.agents.watcher_agent:_process_email:236 - UID 702 ya procesado previamente, se omite
2026-03-08 21:35:23.755 | INFO     | src.agents.watcher_agent:_process_email:233 -  Iniciando procesamiento para UID 711
2026-03-08 21:35:23.756 | INFO     | src.agents.watcher_agent:_process_email:236 - UID 711 ya procesado previamente, se omite
2026-03-08 21:35:23.756 | INFO     | src.agents.watcher_agent:_process_email:233 -  Iniciando procesamiento para UID 714
2026-03-08 21:35:23.757 | INFO     | src.agents.watcher_agent:_process_email:236 - UID 714 ya procesado previamente, se omite
2026-03-08 21:35:23.759 | INFO     | src.agents.watcher_agent:_process_email:233 -  Iniciando procesamiento para UID 715
2026-03-08 21:35:23.759 | INFO     | src.agents.watcher_agent:_process_email:236 - UID 715 ya procesado previamente, se omite
2026-03-08 21:35:23.760 | INFO     | src.agents.watcher_agent:_process_email:233 -  Iniciando procesamiento para UID 727
2026-03-08 21:35:23.761 | INFO     | src.agents.watcher_agent:_process_email:236 - UID 727 ya procesado previamente, se omite
2026-03-08 21:35:23.761 | INFO     | src.agents.watcher_agent:_process_email:233 -  Iniciando procesamiento para UID 737
2026-03-08 21:35:23.764 | INFO     | src.agents.watcher_agent:_process_email:236 - UID 737 ya procesado previamente, se omite
2026-03-08 21:35:23.764 | INFO     | src.agents.watcher_agent:_process_email:233 -  Iniciando procesamiento para UID 746
2026-03-08 21:35:23.765 | INFO     | src.agents.watcher_agent:_process_email:236 - UID 746 ya procesado previamente, se omite
2026-03-08 21:35:23.770 | INFO     | src.agents.watcher_agent:_process_email:233 -  Iniciando procesamiento para UID 770
2026-03-08 21:35:23.771 | INFO     | src.agents.watcher_agent:_process_email:236 - UID 770 ya procesado previamente, se omite
2026-03-08 21:35:23.772 | INFO     | src.agents.watcher_agent:_process_email:233 -  Iniciando procesamiento para UID 779
2026-03-08 21:35:23.773 | INFO     | src.agents.watcher_agent:_process_email:236 - UID 779 ya procesado previamente, se omite
2026-03-08 21:35:23.773 | INFO     | src.agents.watcher_agent:_process_email:233 -  Iniciando procesamiento para UID 1169
2026-03-08 21:35:23.778 | INFO     | src.agents.watcher_agent:_process_email:236 - UID 1169 ya procesado previamente, se omite
2026-03-08 21:35:23.779 | INFO     | src.agents.watcher_agent:_process_email:233 -  Iniciando procesamiento para UID 2568
2026-03-08 21:35:23.779 | INFO     | src.agents.watcher_agent:_process_email:236 - UID 2568 ya procesado previamente, se omite
2026-03-08 21:35:23.780 | INFO     | src.agents.watcher_agent:_process_email:233 -  Iniciando procesamiento para UID 4036
2026-03-08 21:35:23.783 | INFO     | src.agents.watcher_agent:_process_email:236 - UID 4036 ya procesado previamente, se omite
2026-03-08 21:35:23.783 | INFO     | src.agents.watcher_agent:_process_email:233 -  Iniciando procesamiento para UID 4921
2026-03-08 21:35:23.784 | INFO     | src.agents.watcher_agent:_process_email:236 - UID 4921 ya procesado previamente, se omite
2026-03-08 21:35:23.785 | INFO     | src.agents.watcher_agent:_process_email:233 -  Iniciando procesamiento para UID 7568
2026-03-08 21:35:23.787 | INFO     | src.agents.watcher_agent:_process_email:236 - UID 7568 ya procesado previamente, se omite
2026-03-08 21:35:23.789 | INFO     | src.agents.watcher_agent:_process_email:233 -  Iniciando procesamiento para UID 7824
2026-03-08 21:35:23.791 | INFO     | src.agents.watcher_agent:_process_email:236 - UID 7824 ya procesado previamente, se omite
2026-03-08 21:35:23.793 | INFO     | src.agents.watcher_agent:_process_email:233 -  Iniciando procesamiento para UID 11033
2026-03-08 21:35:23.793 | INFO     | src.agents.watcher_agent:_process_email:236 - UID 11033 ya procesado previamente, se omite
2026-03-08 21:35:23.794 | INFO     | src.agents.watcher_agent:_check_new_emails:132 -  Fin de consulta: se procesaron 1 correo(s) con expediente docente de un total de 67 candidato(s).
2026-03-08 21:35:23.798 | INFO     | src.agents.watcher_agent:run:90 -  Resumen ciclo #1: 1 correo(s) procesado(s) en esta consulta.
2026-03-08 21:35:24.274 | INFO     | src.agents.watcher_agent:run:97 -  El Watcher volverá a ejecutarse automáticamente en 60 segundos...
2026-03-08 21:36:24.275 | INFO     | src.agents.watcher_agent:run:78 -  Ciclo #2 de monitoreo iniciado
2026-03-08 21:36:31.859 | INFO     | src.agents.watcher_agent:_check_new_emails:123 -  Inicio de consulta: se encontraron 67 correo(s) candidato(s) por asunto o palabras clave en el cuerpo.
2026-03-08 21:36:31.860 | INFO     | src.agents.watcher_agent:_process_email:233 -  Iniciando procesamiento para UID 1352
2026-03-08 21:36:31.861 | INFO     | src.agents.watcher_agent:_process_email:236 - UID 1352 ya procesado previamente, se omite
2026-03-08 21:36:31.862 | INFO     | src.agents.watcher_agent:_process_email:233 -  Iniciando procesamiento para UID 1480
2026-03-08 21:36:31.863 | INFO     | src.agents.watcher_agent:_process_email:236 - UID 1480 ya procesado previamente, se omite
2026-03-08 21:36:31.864 | INFO     | src.agents.watcher_agent:_process_email:233 -  Iniciando procesamiento para UID 2968
2026-03-08 21:36:31.864 | INFO     | src.agents.watcher_agent:_process_email:236 - UID 2968 ya procesado previamente, se omite
2026-03-08 21:36:31.865 | INFO     | src.agents.watcher_agent:_process_email:233 -  Iniciando procesamiento para UID 3581
2026-03-08 21:36:31.866 | INFO     | src.agents.watcher_agent:_process_email:236 - UID 3581 ya procesado previamente, se omite
2026-03-08 21:36:31.867 | INFO     | src.agents.watcher_agent:_process_email:233 -  Iniciando procesamiento para UID 6572
2026-03-08 21:36:31.868 | INFO     | src.agents.watcher_agent:_process_email:236 - UID 6572 ya procesado previamente, se omite
2026-03-08 21:36:31.868 | INFO     | src.agents.watcher_agent:_process_email:233 -  Iniciando procesamiento para UID 10537
2026-03-08 21:36:31.869 | INFO     | src.agents.watcher_agent:_process_email:236 - UID 10537 ya procesado previamente, se omite
2026-03-08 21:36:31.870 | INFO     | src.agents.watcher_agent:_process_email:233 -  Iniciando procesamiento para UID 10567
2026-03-08 21:36:31.870 | INFO     | src.agents.watcher_agent:_process_email:236 - UID 10567 ya procesado previamente, se omite
2026-03-08 21:36:31.871 | INFO     | src.agents.watcher_agent:_process_email:233 -  Iniciando procesamiento para UID 11032
2026-03-08 21:36:31.871 | INFO     | src.agents.watcher_agent:_process_email:236 - UID 11032 ya procesado previamente, se omite
2026-03-08 21:36:31.872 | INFO     | src.agents.watcher_agent:_process_email:233 -  Iniciando procesamiento para UID 11072
2026-03-08 21:36:31.872 | INFO     | src.agents.watcher_agent:_process_email:236 - UID 11072 ya procesado previamente, se omite
2026-03-08 21:36:31.873 | INFO     | src.agents.watcher_agent:_process_email:233 -  Iniciando procesamiento para UID 11031
2026-03-08 21:36:31.873 | INFO     | src.agents.watcher_agent:_process_email:236 - UID 11031 ya procesado previamente, se omite
2026-03-08 21:36:31.874 | INFO     | src.agents.watcher_agent:_process_email:233 -  Iniciando procesamiento para UID 11022
2026-03-08 21:36:31.874 | INFO     | src.agents.watcher_agent:_process_email:236 - UID 11022 ya procesado previamente, se omite
2026-03-08 21:36:31.875 | INFO     | src.agents.watcher_agent:_process_email:233 -  Iniciando procesamiento para UID 11023
2026-03-08 21:36:31.875 | INFO     | src.agents.watcher_agent:_process_email:236 - UID 11023 ya procesado previamente, se omite
2026-03-08 21:36:31.875 | INFO     | src.agents.watcher_agent:_process_email:233 -  Iniciando procesamiento para UID 11034
2026-03-08 21:36:31.876 | INFO     | src.agents.watcher_agent:_process_email:236 - UID 11034 ya procesado previamente, se omite
2026-03-08 21:36:31.876 | INFO     | src.agents.watcher_agent:_process_email:233 -  Iniciando procesamiento para UID 11035
2026-03-08 21:36:31.877 | INFO     | src.agents.watcher_agent:_process_email:236 - UID 11035 ya procesado previamente, se omite
2026-03-08 21:36:31.877 | INFO     | src.agents.watcher_agent:_process_email:233 -  Iniciando procesamiento para UID 2039
2026-03-08 21:36:31.877 | INFO     | src.agents.watcher_agent:_process_email:236 - UID 2039 ya procesado previamente, se omite
2026-03-08 21:36:31.878 | INFO     | src.agents.watcher_agent:_process_email:233 -  Iniciando procesamiento para UID 7764
2026-03-08 21:36:31.878 | INFO     | src.agents.watcher_agent:_process_email:236 - UID 7764 ya procesado previamente, se omite
2026-03-08 21:36:31.879 | INFO     | src.agents.watcher_agent:_process_email:233 -  Iniciando procesamiento para UID 4373
2026-03-08 21:36:31.879 | INFO     | src.agents.watcher_agent:_process_email:236 - UID 4373 ya procesado previamente, se omite
2026-03-08 21:36:31.880 | INFO     | src.agents.watcher_agent:_process_email:233 -  Iniciando procesamiento para UID 4524
2026-03-08 21:36:31.880 | INFO     | src.agents.watcher_agent:_process_email:236 - UID 4524 ya procesado previamente, se omite
2026-03-08 21:36:31.880 | INFO     | src.agents.watcher_agent:_process_email:233 -  Iniciando procesamiento para UID 5450
2026-03-08 21:36:31.881 | INFO     | src.agents.watcher_agent:_process_email:236 - UID 5450 ya procesado previamente, se omite
2026-03-08 21:36:31.881 | INFO     | src.agents.watcher_agent:_process_email:233 -  Iniciando procesamiento para UID 9803
2026-03-08 21:36:31.882 | INFO     | src.agents.watcher_agent:_process_email:236 - UID 9803 ya procesado previamente, se omite
2026-03-08 21:36:31.882 | INFO     | src.agents.watcher_agent:_process_email:233 -  Iniciando procesamiento para UID 9835
2026-03-08 21:36:31.883 | INFO     | src.agents.watcher_agent:_process_email:236 - UID 9835 ya procesado previamente, se omite
2026-03-08 21:36:31.883 | INFO     | src.agents.watcher_agent:_process_email:233 -  Iniciando procesamiento para UID 93
2026-03-08 21:36:31.883 | INFO     | src.agents.watcher_agent:_process_email:236 - UID 93 ya procesado previamente, se omite
2026-03-08 21:36:31.884 | INFO     | src.agents.watcher_agent:_process_email:233 -  Iniciando procesamiento para UID 97
2026-03-08 21:36:31.884 | INFO     | src.agents.watcher_agent:_process_email:236 - UID 97 ya procesado previamente, se omite
2026-03-08 21:36:31.885 | INFO     | src.agents.watcher_agent:_process_email:233 -  Iniciando procesamiento para UID 101
2026-03-08 21:36:31.885 | INFO     | src.agents.watcher_agent:_process_email:236 - UID 101 ya procesado previamente, se omite
2026-03-08 21:36:31.885 | INFO     | src.agents.watcher_agent:_process_email:233 -  Iniciando procesamiento para UID 381
2026-03-08 21:36:31.886 | INFO     | src.agents.watcher_agent:_process_email:236 - UID 381 ya procesado previamente, se omite
2026-03-08 21:36:31.886 | INFO     | src.agents.watcher_agent:_process_email:233 -  Iniciando procesamiento para UID 383
2026-03-08 21:36:31.887 | INFO     | src.agents.watcher_agent:_process_email:236 - UID 383 ya procesado previamente, se omite
2026-03-08 21:36:31.887 | INFO     | src.agents.watcher_agent:_process_email:233 -  Iniciando procesamiento para UID 384
2026-03-08 21:36:31.887 | INFO     | src.agents.watcher_agent:_process_email:236 - UID 384 ya procesado previamente, se omite
2026-03-08 21:36:31.888 | INFO     | src.agents.watcher_agent:_process_email:233 -  Iniciando procesamiento para UID 386
2026-03-08 21:36:31.888 | INFO     | src.agents.watcher_agent:_process_email:236 - UID 386 ya procesado previamente, se omite
2026-03-08 21:36:31.889 | INFO     | src.agents.watcher_agent:_process_email:233 -  Iniciando procesamiento para UID 387
2026-03-08 21:36:31.889 | INFO     | src.agents.watcher_agent:_process_email:236 - UID 387 ya procesado previamente, se omite
2026-03-08 21:36:31.889 | INFO     | src.agents.watcher_agent:_process_email:233 -  Iniciando procesamiento para UID 389
2026-03-08 21:36:31.890 | INFO     | src.agents.watcher_agent:_process_email:236 - UID 389 ya procesado previamente, se omite
2026-03-08 21:36:31.890 | INFO     | src.agents.watcher_agent:_process_email:233 -  Iniciando procesamiento para UID 390
2026-03-08 21:36:31.891 | INFO     | src.agents.watcher_agent:_process_email:236 - UID 390 ya procesado previamente, se omite
2026-03-08 21:36:31.891 | INFO     | src.agents.watcher_agent:_process_email:233 -  Iniciando procesamiento para UID 391
2026-03-08 21:36:31.891 | INFO     | src.agents.watcher_agent:_process_email:236 - UID 391 ya procesado previamente, se omite
2026-03-08 21:36:31.893 | INFO     | src.agents.watcher_agent:_process_email:233 -  Iniciando procesamiento para UID 393
2026-03-08 21:36:31.894 | INFO     | src.agents.watcher_agent:_process_email:236 - UID 393 ya procesado previamente, se omite
2026-03-08 21:36:31.894 | INFO     | src.agents.watcher_agent:_process_email:233 -  Iniciando procesamiento para UID 424
2026-03-08 21:36:31.895 | INFO     | src.agents.watcher_agent:_process_email:236 - UID 424 ya procesado previamente, se omite
2026-03-08 21:36:31.896 | INFO     | src.agents.watcher_agent:_process_email:233 -  Iniciando procesamiento para UID 428
2026-03-08 21:36:31.897 | INFO     | src.agents.watcher_agent:_process_email:236 - UID 428 ya procesado previamente, se omite
2026-03-08 21:36:31.897 | INFO     | src.agents.watcher_agent:_process_email:233 -  Iniciando procesamiento para UID 478
2026-03-08 21:36:31.897 | INFO     | src.agents.watcher_agent:_process_email:236 - UID 478 ya procesado previamente, se omite
2026-03-08 21:36:31.899 | INFO     | src.agents.watcher_agent:_process_email:233 -  Iniciando procesamiento para UID 482
2026-03-08 21:36:31.900 | INFO     | src.agents.watcher_agent:_process_email:236 - UID 482 ya procesado previamente, se omite
2026-03-08 21:36:31.901 | INFO     | src.agents.watcher_agent:_process_email:233 -  Iniciando procesamiento para UID 496
2026-03-08 21:36:31.901 | INFO     | src.agents.watcher_agent:_process_email:236 - UID 496 ya procesado previamente, se omite
2026-03-08 21:36:31.904 | INFO     | src.agents.watcher_agent:_process_email:233 -  Iniciando procesamiento para UID 500
2026-03-08 21:36:31.905 | INFO     | src.agents.watcher_agent:_process_email:236 - UID 500 ya procesado previamente, se omite
2026-03-08 21:36:31.905 | INFO     | src.agents.watcher_agent:_process_email:233 -  Iniciando procesamiento para UID 518
2026-03-08 21:36:31.906 | INFO     | src.agents.watcher_agent:_process_email:236 - UID 518 ya procesado previamente, se omite
2026-03-08 21:36:31.909 | INFO     | src.agents.watcher_agent:_process_email:233 -  Iniciando procesamiento para UID 540
2026-03-08 21:36:31.911 | INFO     | src.agents.watcher_agent:_process_email:236 - UID 540 ya procesado previamente, se omite
2026-03-08 21:36:31.912 | INFO     | src.agents.watcher_agent:_process_email:233 -  Iniciando procesamiento para UID 569
2026-03-08 21:36:31.912 | INFO     | src.agents.watcher_agent:_process_email:236 - UID 569 ya procesado previamente, se omite
2026-03-08 21:36:31.913 | INFO     | src.agents.watcher_agent:_process_email:233 -  Iniciando procesamiento para UID 630
2026-03-08 21:36:31.914 | INFO     | src.agents.watcher_agent:_process_email:236 - UID 630 ya procesado previamente, se omite
2026-03-08 21:36:31.914 | INFO     | src.agents.watcher_agent:_process_email:233 -  Iniciando procesamiento para UID 639
2026-03-08 21:36:31.915 | INFO     | src.agents.watcher_agent:_process_email:236 - UID 639 ya procesado previamente, se omite
2026-03-08 21:36:31.915 | INFO     | src.agents.watcher_agent:_process_email:233 -  Iniciando procesamiento para UID 643
2026-03-08 21:36:31.916 | INFO     | src.agents.watcher_agent:_process_email:236 - UID 643 ya procesado previamente, se omite
2026-03-08 21:36:31.916 | INFO     | src.agents.watcher_agent:_process_email:233 -  Iniciando procesamiento para UID 659
2026-03-08 21:36:31.917 | INFO     | src.agents.watcher_agent:_process_email:236 - UID 659 ya procesado previamente, se omite
2026-03-08 21:36:31.924 | INFO     | src.agents.watcher_agent:_process_email:233 -  Iniciando procesamiento para UID 669
2026-03-08 21:36:31.925 | INFO     | src.agents.watcher_agent:_process_email:236 - UID 669 ya procesado previamente, se omite
2026-03-08 21:36:31.926 | INFO     | src.agents.watcher_agent:_process_email:233 -  Iniciando procesamiento para UID 677
2026-03-08 21:36:31.926 | INFO     | src.agents.watcher_agent:_process_email:236 - UID 677 ya procesado previamente, se omite
2026-03-08 21:36:31.927 | INFO     | src.agents.watcher_agent:_process_email:233 -  Iniciando procesamiento para UID 682
2026-03-08 21:36:31.932 | INFO     | src.agents.watcher_agent:_process_email:236 - UID 682 ya procesado previamente, se omite
2026-03-08 21:36:31.932 | INFO     | src.agents.watcher_agent:_process_email:233 -  Iniciando procesamiento para UID 695
2026-03-08 21:36:31.933 | INFO     | src.agents.watcher_agent:_process_email:236 - UID 695 ya procesado previamente, se omite
2026-03-08 21:36:31.933 | INFO     | src.agents.watcher_agent:_process_email:233 -  Iniciando procesamiento para UID 698
2026-03-08 21:36:31.935 | INFO     | src.agents.watcher_agent:_process_email:236 - UID 698 ya procesado previamente, se omite
2026-03-08 21:36:31.936 | INFO     | src.agents.watcher_agent:_process_email:233 -  Iniciando procesamiento para UID 702
2026-03-08 21:36:31.937 | INFO     | src.agents.watcher_agent:_process_email:236 - UID 702 ya procesado previamente, se omite
2026-03-08 21:36:31.938 | INFO     | src.agents.watcher_agent:_process_email:233 -  Iniciando procesamiento para UID 711
2026-03-08 21:36:31.939 | INFO     | src.agents.watcher_agent:_process_email:236 - UID 711 ya procesado previamente, se omite
2026-03-08 21:36:31.939 | INFO     | src.agents.watcher_agent:_process_email:233 -  Iniciando procesamiento para UID 714
2026-03-08 21:36:31.940 | INFO     | src.agents.watcher_agent:_process_email:236 - UID 714 ya procesado previamente, se omite
2026-03-08 21:36:31.941 | INFO     | src.agents.watcher_agent:_process_email:233 -  Iniciando procesamiento para UID 715
2026-03-08 21:36:31.942 | INFO     | src.agents.watcher_agent:_process_email:236 - UID 715 ya procesado previamente, se omite
2026-03-08 21:36:31.943 | INFO     | src.agents.watcher_agent:_process_email:233 -  Iniciando procesamiento para UID 727
2026-03-08 21:36:31.944 | INFO     | src.agents.watcher_agent:_process_email:236 - UID 727 ya procesado previamente, se omite
2026-03-08 21:36:31.945 | INFO     | src.agents.watcher_agent:_process_email:233 -  Iniciando procesamiento para UID 737
2026-03-08 21:36:31.945 | INFO     | src.agents.watcher_agent:_process_email:236 - UID 737 ya procesado previamente, se omite
2026-03-08 21:36:31.946 | INFO     | src.agents.watcher_agent:_process_email:233 -  Iniciando procesamiento para UID 746
2026-03-08 21:36:31.947 | INFO     | src.agents.watcher_agent:_process_email:236 - UID 746 ya procesado previamente, se omite
2026-03-08 21:36:31.948 | INFO     | src.agents.watcher_agent:_process_email:233 -  Iniciando procesamiento para UID 770
2026-03-08 21:36:31.949 | INFO     | src.agents.watcher_agent:_process_email:236 - UID 770 ya procesado previamente, se omite
2026-03-08 21:36:31.950 | INFO     | src.agents.watcher_agent:_process_email:233 -  Iniciando procesamiento para UID 779
2026-03-08 21:36:31.951 | INFO     | src.agents.watcher_agent:_process_email:236 - UID 779 ya procesado previamente, se omite
2026-03-08 21:36:31.952 | INFO     | src.agents.watcher_agent:_process_email:233 -  Iniciando procesamiento para UID 1169
2026-03-08 21:36:31.953 | INFO     | src.agents.watcher_agent:_process_email:236 - UID 1169 ya procesado previamente, se omite
2026-03-08 21:36:31.954 | INFO     | src.agents.watcher_agent:_process_email:233 -  Iniciando procesamiento para UID 2568
2026-03-08 21:36:31.954 | INFO     | src.agents.watcher_agent:_process_email:236 - UID 2568 ya procesado previamente, se omite
2026-03-08 21:36:31.955 | INFO     | src.agents.watcher_agent:_process_email:233 -  Iniciando procesamiento para UID 4036
2026-03-08 21:36:31.956 | INFO     | src.agents.watcher_agent:_process_email:236 - UID 4036 ya procesado previamente, se omite
2026-03-08 21:36:31.957 | INFO     | src.agents.watcher_agent:_process_email:233 -  Iniciando procesamiento para UID 4921
2026-03-08 21:36:31.959 | INFO     | src.agents.watcher_agent:_process_email:236 - UID 4921 ya procesado previamente, se omite
2026-03-08 21:36:31.960 | INFO     | src.agents.watcher_agent:_process_email:233 -  Iniciando procesamiento para UID 7568
2026-03-08 21:36:31.961 | INFO     | src.agents.watcher_agent:_process_email:236 - UID 7568 ya procesado previamente, se omite
2026-03-08 21:36:31.962 | INFO     | src.agents.watcher_agent:_process_email:233 -  Iniciando procesamiento para UID 7824
2026-03-08 21:36:31.963 | INFO     | src.agents.watcher_agent:_process_email:236 - UID 7824 ya procesado previamente, se omite
2026-03-08 21:36:31.964 | INFO     | src.agents.watcher_agent:_process_email:233 -  Iniciando procesamiento para UID 11033
2026-03-08 21:36:31.965 | INFO     | src.agents.watcher_agent:_process_email:236 - UID 11033 ya procesado previamente, se omite
2026-03-08 21:36:31.966 | INFO     | src.agents.watcher_agent:_check_new_emails:132 -  Fin de consulta: se procesaron 0 correo(s) con expediente docente de un total de 67 candidato(s).
2026-03-08 21:36:31.967 | INFO     | src.agents.watcher_agent:run:90 -  Resumen ciclo #2: 0 correo(s) procesado(s) en esta consulta.
2026-03-08 21:36:32.576 | INFO     | src.agents.watcher_agent:run:97 -  El Watcher volverá a ejecutarse automáticamente en 60 segundos...
2026-03-08 21:36:37.203 | INFO     | src.agents.watcher_agent:run:104 - Watcher Agent detenido por el usuario (KeyboardInterrupt)
2026-03-08 21:50:19.471 | INFO     | src.agents.watcher_agent:_process_email:233 -  Iniciando procesamiento para UID 10552
2026-03-08 21:50:19.479 | INFO     | src.agents.watcher_agent:_process_email:257 - UID=10552 Subject='Expediente Docente - Juan Pérez'
2026-03-08 21:50:19.484 | INFO     | src.agents.watcher_agent:_process_email:294 - Nombre extraído para UID 10552: Juan Pérez
2026-03-08 21:50:19.486 | INFO     | src.agents.watcher_agent:_process_email:297 - Carpeta destino para UID 10552: /tmp/pytest-of-genghis/pytest-3/test_expediente_estandar_crea_0/Juan_Perez
2026-03-08 21:50:19.487 | INFO     | src.agents.watcher_agent:_process_email:301 - Cuerpo guardado en info_mail_Juan_Perez.txt
2026-03-08 21:50:19.490 | INFO     | src.agents.watcher_agent:_process_email:312 - Adjuntos guardados para UID 10552: 2 archivo(s)
2026-03-08 21:50:19.491 | SUCCESS  | src.agents.watcher_agent:_process_email:323 - Procesado UID 10552: 2 adjunto(s) guardado(s) en /tmp/pytest-of-genghis/pytest-3/test_expediente_estandar_crea_0/Juan_Perez
2026-03-08 21:50:19.500 | INFO     | src.agents.watcher_agent:_process_email:233 -  Iniciando procesamiento para UID 20001
2026-03-08 21:50:19.504 | INFO     | src.agents.watcher_agent:_process_email:257 - UID=20001 Subject='Expediente Docente'
2026-03-08 21:50:19.508 | INFO     | src.agents.watcher_agent:_process_email:294 - Nombre extraído para UID 20001: None
2026-03-08 21:50:19.509 | INFO     | src.agents.watcher_agent:_process_email:297 - Carpeta destino para UID 20001: /tmp/pytest-of-genghis/pytest-3/test_expediente_sin_nombre_usa0/Expediente_SinNombre_UID20001
2026-03-08 21:50:19.510 | INFO     | src.agents.watcher_agent:_process_email:301 - Cuerpo guardado en info_mail_UID20001.txt
2026-03-08 21:50:19.512 | INFO     | src.agents.watcher_agent:_process_email:312 - Adjuntos guardados para UID 20001: 1 archivo(s)
2026-03-08 21:50:19.514 | SUCCESS  | src.agents.watcher_agent:_process_email:323 - Procesado UID 20001: 1 adjunto(s) guardado(s) en /tmp/pytest-of-genghis/pytest-3/test_expediente_sin_nombre_usa0/Expediente_SinNombre_UID20001
2026-03-08 21:50:19.520 | INFO     | src.agents.watcher_agent:_process_email:233 -  Iniciando procesamiento para UID 99999
2026-03-08 21:50:19.520 | INFO     | src.agents.watcher_agent:_process_email:236 - UID 99999 ya procesado previamente, se omite
2026-03-08 21:50:19.537 | INFO     | src.agents.watcher_agent:_process_email:233 -  Iniciando procesamiento para UID 30001
2026-03-08 21:50:19.542 | INFO     | src.agents.watcher_agent:_process_email:257 - UID=30001 Subject='Expediente Docente - Juan Pérez'
2026-03-08 21:50:19.547 | INFO     | src.agents.watcher_agent:_process_email:294 - Nombre extraído para UID 30001: Juan Pérez
2026-03-08 21:50:19.549 | INFO     | src.agents.watcher_agent:_process_email:297 - Carpeta destino para UID 30001: /tmp/pytest-of-genghis/pytest-3/test_adjuntos_con_extension_no0/Juan_Perez
2026-03-08 21:50:19.550 | INFO     | src.agents.watcher_agent:_process_email:301 - Cuerpo guardado en info_mail_Juan_Perez.txt
2026-03-08 21:50:19.553 | INFO     | src.agents.watcher_agent:_process_email:312 - Adjuntos guardados para UID 30001: 1 archivo(s)
2026-03-08 21:50:19.554 | SUCCESS  | src.agents.watcher_agent:_process_email:323 - Procesado UID 30001: 1 adjunto(s) guardado(s) en /tmp/pytest-of-genghis/pytest-3/test_adjuntos_con_extension_no0/Juan_Perez
2026-03-08 21:50:19.560 | INFO     | src.agents.watcher_agent:_process_email:233 -  Iniciando procesamiento para UID 40001
2026-03-08 21:50:19.561 | INFO     | src.agents.watcher_agent:_process_email:257 - UID=40001 Subject='Consulta administrativa - Maria Lopez'
2026-03-08 21:50:19.563 | INFO     | src.agents.watcher_agent:_process_email:276 - UID 40001 descartado: ni el asunto ni el cuerpo contienen las palabras clave configuradas
2026-03-08 21:50:19.571 | INFO     | src.agents.watcher_agent:_process_email:233 -  Iniciando procesamiento para UID 40002
2026-03-08 21:50:19.575 | INFO     | src.agents.watcher_agent:_process_email:257 - UID=40002 Subject='Documentos adjuntos - Carlos Ruiz'
2026-03-08 21:50:19.579 | INFO     | src.agents.watcher_agent:_process_email:294 - Nombre extraído para UID 40002: Carlos Ruiz
2026-03-08 21:50:19.580 | INFO     | src.agents.watcher_agent:_process_email:297 - Carpeta destino para UID 40002: /tmp/pytest-of-genghis/pytest-3/test_correo_con_keyword_solo_e0/Carlos_Ruiz
2026-03-08 21:50:19.581 | INFO     | src.agents.watcher_agent:_process_email:301 - Cuerpo guardado en info_mail_Carlos_Ruiz.txt
2026-03-08 21:50:19.584 | INFO     | src.agents.watcher_agent:_process_email:312 - Adjuntos guardados para UID 40002: 1 archivo(s)
2026-03-08 21:50:19.585 | SUCCESS  | src.agents.watcher_agent:_process_email:323 - Procesado UID 40002: 1 adjunto(s) guardado(s) en /tmp/pytest-of-genghis/pytest-3/test_correo_con_keyword_solo_e0/Carlos_Ruiz
2026-03-08 21:50:19.592 | INFO     | src.agents.watcher_agent:_process_email:233 -  Iniciando procesamiento para UID 50001
2026-03-08 21:50:19.596 | INFO     | src.agents.watcher_agent:_process_email:257 - UID=50001 Subject='Expediente Docente - Ana Torres'
2026-03-08 21:50:19.599 | INFO     | src.agents.watcher_agent:_process_email:294 - Nombre extraído para UID 50001: Ana Torres
2026-03-08 21:50:19.601 | INFO     | src.agents.watcher_agent:_process_email:297 - Carpeta destino para UID 50001: /tmp/pytest-of-genghis/pytest-3/test_correo_con_keyword_solo_e1/Ana_Torres
2026-03-08 21:50:19.602 | INFO     | src.agents.watcher_agent:_process_email:301 - Cuerpo guardado en info_mail_Ana_Torres.txt
2026-03-08 21:50:19.604 | INFO     | src.agents.watcher_agent:_process_email:312 - Adjuntos guardados para UID 50001: 1 archivo(s)
2026-03-08 21:50:19.605 | SUCCESS  | src.agents.watcher_agent:_process_email:323 - Procesado UID 50001: 1 adjunto(s) guardado(s) en /tmp/pytest-of-genghis/pytest-3/test_correo_con_keyword_solo_e1/Ana_Torres
2026-03-08 21:50:19.612 | INFO     | src.agents.watcher_agent:_process_email:233 -  Iniciando procesamiento para UID 60001
2026-03-08 21:50:19.614 | INFO     | src.agents.watcher_agent:_process_email:257 - UID=60001 Subject='Expediente Docente - Pedro García'
2026-03-08 21:50:19.616 | INFO     | src.agents.watcher_agent:_process_email:285 - UID 60001 descartado: no contiene adjuntos en formato PDF o JPG requeridos
2026-03-08 21:50:19.625 | INFO     | src.agents.watcher_agent:_process_email:233 -  Iniciando procesamiento para UID 60002
2026-03-08 21:50:19.630 | INFO     | src.agents.watcher_agent:_process_email:257 - UID=60002 Subject='Expediente Docente - Pedro García'
2026-03-08 21:50:19.635 | INFO     | src.agents.watcher_agent:_process_email:285 - UID 60002 descartado: no contiene adjuntos en formato PDF o JPG requeridos
2026-03-08 21:50:19.643 | INFO     | src.agents.watcher_agent:_process_email:233 -  Iniciando procesamiento para UID 60003
2026-03-08 21:50:19.647 | INFO     | src.agents.watcher_agent:_process_email:257 - UID=60003 Subject='Expediente Docente - María López'
2026-03-08 21:50:19.651 | INFO     | src.agents.watcher_agent:_process_email:294 - Nombre extraído para UID 60003: María López
2026-03-08 21:50:19.652 | INFO     | src.agents.watcher_agent:_process_email:297 - Carpeta destino para UID 60003: /tmp/pytest-of-genghis/pytest-3/test_correo_con_adjunto_pdf_se0/Maria_Lopez
2026-03-08 21:50:19.653 | INFO     | src.agents.watcher_agent:_process_email:301 - Cuerpo guardado en info_mail_Maria_Lopez.txt
2026-03-08 21:50:19.655 | INFO     | src.agents.watcher_agent:_process_email:312 - Adjuntos guardados para UID 60003: 1 archivo(s)
2026-03-08 21:50:19.656 | SUCCESS  | src.agents.watcher_agent:_process_email:323 - Procesado UID 60003: 1 adjunto(s) guardado(s) en /tmp/pytest-of-genghis/pytest-3/test_correo_con_adjunto_pdf_se0/Maria_Lopez
2026-03-08 21:50:19.664 | INFO     | src.agents.watcher_agent:_process_email:233 -  Iniciando procesamiento para UID 60004
2026-03-08 21:50:19.668 | INFO     | src.agents.watcher_agent:_process_email:257 - UID=60004 Subject='Expediente Docente - María López'
2026-03-08 21:50:19.672 | INFO     | src.agents.watcher_agent:_process_email:294 - Nombre extraído para UID 60004: María López
2026-03-08 21:50:19.673 | INFO     | src.agents.watcher_agent:_process_email:297 - Carpeta destino para UID 60004: /tmp/pytest-of-genghis/pytest-3/test_correo_con_adjunto_jpg_se0/Maria_Lopez
2026-03-08 21:50:19.674 | INFO     | src.agents.watcher_agent:_process_email:301 - Cuerpo guardado en info_mail_Maria_Lopez.txt
2026-03-08 21:50:19.676 | INFO     | src.agents.watcher_agent:_process_email:312 - Adjuntos guardados para UID 60004: 1 archivo(s)
2026-03-08 21:50:19.677 | SUCCESS  | src.agents.watcher_agent:_process_email:323 - Procesado UID 60004: 1 adjunto(s) guardado(s) en /tmp/pytest-of-genghis/pytest-3/test_correo_con_adjunto_jpg_se0/Maria_Lopez
2026-03-08 21:50:19.681 | WARNING  | src.agents.watcher_agent:_load_state:485 - El archivo de UIDs está corrupto, se reiniciará
2026-03-08 21:50:19.688 | INFO     | src.agents.watcher_agent:_process_email:233 -  Iniciando procesamiento para UID 10001
2026-03-08 21:50:19.692 | INFO     | src.agents.watcher_agent:_process_email:257 - UID=10001 Subject='Expediente Docente - Juan Pérez'
2026-03-08 21:50:19.695 | INFO     | src.agents.watcher_agent:_process_email:294 - Nombre extraído para UID 10001: Juan Pérez
2026-03-08 21:50:19.696 | INFO     | src.agents.watcher_agent:_process_email:297 - Carpeta destino para UID 10001: /tmp/pytest-of-genghis/pytest-3/test_correo_reenviado_con_mism0/Juan_Perez
2026-03-08 21:50:19.698 | INFO     | src.agents.watcher_agent:_process_email:301 - Cuerpo guardado en info_mail_Juan_Perez.txt
2026-03-08 21:50:19.700 | INFO     | src.agents.watcher_agent:_process_email:312 - Adjuntos guardados para UID 10001: 1 archivo(s)
2026-03-08 21:50:19.701 | SUCCESS  | src.agents.watcher_agent:_process_email:323 - Procesado UID 10001: 1 adjunto(s) guardado(s) en /tmp/pytest-of-genghis/pytest-3/test_correo_reenviado_con_mism0/Juan_Perez
2026-03-08 21:50:19.702 | INFO     | src.agents.watcher_agent:_process_email:233 -  Iniciando procesamiento para UID 10002
2026-03-08 21:50:19.706 | INFO     | src.agents.watcher_agent:_process_email:257 - UID=10002 Subject='Expediente Docente - Juan Pérez'
2026-03-08 21:50:19.709 | INFO     | src.agents.watcher_agent:_process_email:263 - UID 10002 es un duplicado por contenido (fingerprint=c5be1304f5ba…), se omite
2026-03-08 21:50:19.720 | INFO     | src.agents.watcher_agent:_process_email:233 -  Iniciando procesamiento para UID 30001
2026-03-08 21:50:19.724 | INFO     | src.agents.watcher_agent:_process_email:257 - UID=30001 Subject='Expediente Docente - Juan Pérez'
2026-03-08 21:50:19.727 | INFO     | src.agents.watcher_agent:_process_email:294 - Nombre extraído para UID 30001: Juan Pérez
2026-03-08 21:50:19.728 | INFO     | src.agents.watcher_agent:_process_email:297 - Carpeta destino para UID 30001: /tmp/pytest-of-genghis/pytest-3/test_mismo_contenido_distinto_0/Juan_Perez
2026-03-08 21:50:19.730 | INFO     | src.agents.watcher_agent:_process_email:301 - Cuerpo guardado en info_mail_Juan_Perez.txt
2026-03-08 21:50:19.732 | INFO     | src.agents.watcher_agent:_process_email:312 - Adjuntos guardados para UID 30001: 1 archivo(s)
2026-03-08 21:50:19.733 | SUCCESS  | src.agents.watcher_agent:_process_email:323 - Procesado UID 30001: 1 adjunto(s) guardado(s) en /tmp/pytest-of-genghis/pytest-3/test_mismo_contenido_distinto_0/Juan_Perez
2026-03-08 21:50:19.733 | INFO     | src.agents.watcher_agent:_process_email:233 -  Iniciando procesamiento para UID 30002
2026-03-08 21:50:19.737 | INFO     | src.agents.watcher_agent:_process_email:257 - UID=30002 Subject='Expediente Docente - Juan Pérez'
2026-03-08 21:50:19.741 | INFO     | src.agents.watcher_agent:_process_email:294 - Nombre extraído para UID 30002: Juan Pérez
2026-03-08 21:50:19.742 | INFO     | src.agents.watcher_agent:_process_email:297 - Carpeta destino para UID 30002: /tmp/pytest-of-genghis/pytest-3/test_mismo_contenido_distinto_0/Juan_Perez
2026-03-08 21:50:19.743 | INFO     | src.agents.watcher_agent:_process_email:301 - Cuerpo guardado en info_mail_Juan_Perez.txt
2026-03-08 21:50:19.746 | INFO     | src.agents.watcher_agent:_process_email:312 - Adjuntos guardados para UID 30002: 1 archivo(s)
2026-03-08 21:50:19.747 | SUCCESS  | src.agents.watcher_agent:_process_email:323 - Procesado UID 30002: 1 adjunto(s) guardado(s) en /tmp/pytest-of-genghis/pytest-3/test_mismo_contenido_distinto_0/Juan_Perez
2026-03-08 21:50:19.754 | INFO     | src.agents.watcher_agent:_process_email:233 -  Iniciando procesamiento para UID 20001
2026-03-08 21:50:19.758 | INFO     | src.agents.watcher_agent:_process_email:257 - UID=20001 Subject='Expediente Docente - Ana Torres'
2026-03-08 21:50:19.762 | INFO     | src.agents.watcher_agent:_process_email:294 - Nombre extraído para UID 20001: Ana Torres
2026-03-08 21:50:19.763 | INFO     | src.agents.watcher_agent:_process_email:297 - Carpeta destino para UID 20001: /tmp/pytest-of-genghis/pytest-3/test_fingerprint_se_persiste_e0/Ana_Torres
2026-03-08 21:50:19.765 | INFO     | src.agents.watcher_agent:_process_email:301 - Cuerpo guardado en info_mail_Ana_Torres.txt
2026-03-08 21:50:19.767 | INFO     | src.agents.watcher_agent:_process_email:312 - Adjuntos guardados para UID 20001: 1 archivo(s)
2026-03-08 21:50:19.768 | SUCCESS  | src.agents.watcher_agent:_process_email:323 - Procesado UID 20001: 1 adjunto(s) guardado(s) en /tmp/pytest-of-genghis/pytest-3/test_fingerprint_se_persiste_e0/Ana_Torres
2026-03-08 21:50:19.788 | INFO     | src.agents.watcher_agent:_process_email:233 -  Iniciando procesamiento para UID 70001
2026-03-08 21:50:19.792 | INFO     | src.agents.watcher_agent:_process_email:257 - UID=70001 Subject='CV - Juan Pérez'
2026-03-08 21:50:19.796 | INFO     | src.agents.watcher_agent:_process_email:294 - Nombre extraído para UID 70001: Juan Pérez
2026-03-08 21:50:19.797 | INFO     | src.agents.watcher_agent:_process_email:297 - Carpeta destino para UID 70001: /tmp/pytest-of-genghis/pytest-3/test_keyword_corta_en_asunto_m0/Juan_Perez
2026-03-08 21:50:19.798 | INFO     | src.agents.watcher_agent:_process_email:301 - Cuerpo guardado en info_mail_Juan_Perez.txt
2026-03-08 21:50:19.800 | INFO     | src.agents.watcher_agent:_process_email:312 - Adjuntos guardados para UID 70001: 1 archivo(s)
2026-03-08 21:50:19.802 | SUCCESS  | src.agents.watcher_agent:_process_email:323 - Procesado UID 70001: 1 adjunto(s) guardado(s) en /tmp/pytest-of-genghis/pytest-3/test_keyword_corta_en_asunto_m0/Juan_Perez
2026-03-08 21:50:19.809 | INFO     | src.agents.watcher_agent:_process_email:233 -  Iniciando procesamiento para UID 70002
2026-03-08 21:50:19.813 | INFO     | src.agents.watcher_agent:_process_email:257 - UID=70002 Subject='Fwd: Expediente Docente - Juan Pérez'
2026-03-08 21:50:19.817 | INFO     | src.agents.watcher_agent:_process_email:294 - Nombre extraído para UID 70002: Juan Pérez
2026-03-08 21:50:19.818 | INFO     | src.agents.watcher_agent:_process_email:297 - Carpeta destino para UID 70002: /tmp/pytest-of-genghis/pytest-3/test_correo_con_prefijo_fwd_se0/Juan_Perez
2026-03-08 21:50:19.819 | INFO     | src.agents.watcher_agent:_process_email:301 - Cuerpo guardado en info_mail_Juan_Perez.txt
2026-03-08 21:50:19.821 | INFO     | src.agents.watcher_agent:_process_email:312 - Adjuntos guardados para UID 70002: 1 archivo(s)
2026-03-08 21:50:19.822 | SUCCESS  | src.agents.watcher_agent:_process_email:323 - Procesado UID 70002: 1 adjunto(s) guardado(s) en /tmp/pytest-of-genghis/pytest-3/test_correo_con_prefijo_fwd_se0/Juan_Perez
2026-03-08 21:50:19.829 | INFO     | src.agents.watcher_agent:_process_email:233 -  Iniciando procesamiento para UID 70003
2026-03-08 21:50:19.833 | INFO     | src.agents.watcher_agent:_process_email:257 - UID=70003 Subject='Re: Expediente Docente - Ana Torres'
2026-03-08 21:50:19.836 | INFO     | src.agents.watcher_agent:_process_email:294 - Nombre extraído para UID 70003: Ana Torres
2026-03-08 21:50:19.837 | INFO     | src.agents.watcher_agent:_process_email:297 - Carpeta destino para UID 70003: /tmp/pytest-of-genghis/pytest-3/test_correo_con_prefijo_re_se_0/Ana_Torres
2026-03-08 21:50:19.838 | INFO     | src.agents.watcher_agent:_process_email:301 - Cuerpo guardado en info_mail_Ana_Torres.txt
2026-03-08 21:50:19.841 | INFO     | src.agents.watcher_agent:_process_email:312 - Adjuntos guardados para UID 70003: 1 archivo(s)
2026-03-08 21:50:19.842 | SUCCESS  | src.agents.watcher_agent:_process_email:323 - Procesado UID 70003: 1 adjunto(s) guardado(s) en /tmp/pytest-of-genghis/pytest-3/test_correo_con_prefijo_re_se_0/Ana_Torres
2026-03-08 21:50:19.849 | INFO     | src.agents.watcher_agent:_process_email:233 -  Iniciando procesamiento para UID 70004
2026-03-08 21:50:19.852 | INFO     | src.agents.watcher_agent:_process_email:257 - UID=70004 Subject='Fwd: Re: Fwd: Expediente Docente - Carlos Ruiz'
2026-03-08 21:50:19.856 | INFO     | src.agents.watcher_agent:_process_email:294 - Nombre extraído para UID 70004: Carlos Ruiz
2026-03-08 21:50:19.857 | INFO     | src.agents.watcher_agent:_process_email:297 - Carpeta destino para UID 70004: /tmp/pytest-of-genghis/pytest-3/test_correo_con_multiples_pref0/Carlos_Ruiz
2026-03-08 21:50:19.859 | INFO     | src.agents.watcher_agent:_process_email:301 - Cuerpo guardado en info_mail_Carlos_Ruiz.txt
2026-03-08 21:50:19.861 | INFO     | src.agents.watcher_agent:_process_email:312 - Adjuntos guardados para UID 70004: 1 archivo(s)
2026-03-08 21:50:19.862 | SUCCESS  | src.agents.watcher_agent:_process_email:323 - Procesado UID 70004: 1 adjunto(s) guardado(s) en /tmp/pytest-of-genghis/pytest-3/test_correo_con_multiples_pref0/Carlos_Ruiz
2026-03-08 21:50:19.868 | INFO     | src.agents.watcher_agent:_process_email:233 -  Iniciando procesamiento para UID 70005
2026-03-08 21:50:19.872 | INFO     | src.agents.watcher_agent:_process_email:257 - UID=70005 Subject='Expediente Docente - Juan Pérez'
2026-03-08 21:50:19.876 | INFO     | src.agents.watcher_agent:_process_email:294 - Nombre extraído para UID 70005: Juan Pérez
2026-03-08 21:50:19.877 | INFO     | src.agents.watcher_agent:_process_email:297 - Carpeta destino para UID 70005: /tmp/pytest-of-genghis/pytest-3/test_adjunto_jpeg_se_acepta0/Juan_Perez
2026-03-08 21:50:19.878 | INFO     | src.agents.watcher_agent:_process_email:301 - Cuerpo guardado en info_mail_Juan_Perez.txt
2026-03-08 21:50:19.880 | INFO     | src.agents.watcher_agent:_process_email:312 - Adjuntos guardados para UID 70005: 1 archivo(s)
2026-03-08 21:50:19.881 | SUCCESS  | src.agents.watcher_agent:_process_email:323 - Procesado UID 70005: 1 adjunto(s) guardado(s) en /tmp/pytest-of-genghis/pytest-3/test_adjunto_jpeg_se_acepta0/Juan_Perez
2026-03-08 21:50:19.890 | INFO     | src.agents.watcher_agent:_process_email:233 -  Iniciando procesamiento para UID 70006
2026-03-08 21:50:19.895 | INFO     | src.agents.watcher_agent:_process_email:257 - UID=70006 Subject='Expediente Docente - Juan Pérez'
2026-03-08 21:50:19.899 | INFO     | src.agents.watcher_agent:_process_email:294 - Nombre extraído para UID 70006: Juan Pérez
2026-03-08 21:50:19.900 | INFO     | src.agents.watcher_agent:_process_email:297 - Carpeta destino para UID 70006: /tmp/pytest-of-genghis/pytest-3/test_adjunto_con_extension_may0/Juan_Perez
2026-03-08 21:50:19.902 | INFO     | src.agents.watcher_agent:_process_email:301 - Cuerpo guardado en info_mail_Juan_Perez.txt
2026-03-08 21:50:19.904 | INFO     | src.agents.watcher_agent:_process_email:312 - Adjuntos guardados para UID 70006: 2 archivo(s)
2026-03-08 21:50:19.905 | SUCCESS  | src.agents.watcher_agent:_process_email:323 - Procesado UID 70006: 2 adjunto(s) guardado(s) en /tmp/pytest-of-genghis/pytest-3/test_adjunto_con_extension_may0/Juan_Perez
2026-03-08 21:50:19.916 | INFO     | src.agents.watcher_agent:_process_email:233 -  Iniciando procesamiento para UID 80001
2026-03-08 21:50:19.920 | INFO     | src.agents.watcher_agent:_process_email:257 - UID=80001 Subject=''
2026-03-08 21:50:19.923 | INFO     | src.agents.watcher_agent:_process_email:294 - Nombre extraído para UID 80001: None
2026-03-08 21:50:19.924 | INFO     | src.agents.watcher_agent:_process_email:297 - Carpeta destino para UID 80001: /tmp/pytest-of-genghis/pytest-3/test_correo_sin_asunto0/Expediente_SinNombre_UID80001
2026-03-08 21:50:19.926 | INFO     | src.agents.watcher_agent:_process_email:301 - Cuerpo guardado en info_mail_UID80001.txt
2026-03-08 21:50:19.928 | INFO     | src.agents.watcher_agent:_process_email:312 - Adjuntos guardados para UID 80001: 1 archivo(s)
2026-03-08 21:50:19.928 | SUCCESS  | src.agents.watcher_agent:_process_email:323 - Procesado UID 80001: 1 adjunto(s) guardado(s) en /tmp/pytest-of-genghis/pytest-3/test_correo_sin_asunto0/Expediente_SinNombre_UID80001
2026-03-08 21:50:19.935 | INFO     | src.agents.watcher_agent:_process_email:233 -  Iniciando procesamiento para UID 80002
2026-03-08 21:50:19.939 | INFO     | src.agents.watcher_agent:_process_email:257 - UID=80002 Subject='Expediente Docente - María López'
2026-03-08 21:50:19.943 | INFO     | src.agents.watcher_agent:_process_email:294 - Nombre extraído para UID 80002: María López
2026-03-08 21:50:19.944 | INFO     | src.agents.watcher_agent:_process_email:297 - Carpeta destino para UID 80002: /tmp/pytest-of-genghis/pytest-3/test_correo_con_cuerpo_vacio0/Maria_Lopez
2026-03-08 21:50:19.945 | INFO     | src.agents.watcher_agent:_process_email:301 - Cuerpo guardado en info_mail_Maria_Lopez.txt
2026-03-08 21:50:19.947 | INFO     | src.agents.watcher_agent:_process_email:312 - Adjuntos guardados para UID 80002: 1 archivo(s)
2026-03-08 21:50:19.948 | SUCCESS  | src.agents.watcher_agent:_process_email:323 - Procesado UID 80002: 1 adjunto(s) guardado(s) en /tmp/pytest-of-genghis/pytest-3/test_correo_con_cuerpo_vacio0/Maria_Lopez
2026-03-08 21:50:19.955 | INFO     | src.agents.watcher_agent:_process_email:233 -  Iniciando procesamiento para UID 80003
2026-03-08 21:50:19.959 | INFO     | src.agents.watcher_agent:_process_email:257 - UID=80003 Subject='Consulta general'
2026-03-08 21:50:19.963 | INFO     | src.agents.watcher_agent:_process_email:294 - Nombre extraído para UID 80003: None
2026-03-08 21:50:19.963 | INFO     | src.agents.watcher_agent:_process_email:297 - Carpeta destino para UID 80003: /tmp/pytest-of-genghis/pytest-3/test_correo_html_only_sin_text0/Expediente_SinNombre_UID80003
2026-03-08 21:50:19.965 | INFO     | src.agents.watcher_agent:_process_email:301 - Cuerpo guardado en info_mail_UID80003.txt
2026-03-08 21:50:19.967 | INFO     | src.agents.watcher_agent:_process_email:312 - Adjuntos guardados para UID 80003: 1 archivo(s)
2026-03-08 21:50:19.968 | SUCCESS  | src.agents.watcher_agent:_process_email:323 - Procesado UID 80003: 1 adjunto(s) guardado(s) en /tmp/pytest-of-genghis/pytest-3/test_correo_html_only_sin_text0/Expediente_SinNombre_UID80003
2026-03-08 21:50:19.974 | INFO     | src.agents.watcher_agent:_process_email:233 -  Iniciando procesamiento para UID 80004
2026-03-08 21:50:19.978 | INFO     | src.agents.watcher_agent:_process_email:257 - UID=80004 Subject='Documentos adjuntos'
2026-03-08 21:50:19.981 | INFO     | src.agents.watcher_agent:_process_email:276 - UID 80004 descartado: ni el asunto ni el cuerpo contienen las palabras clave configuradas
2026-03-08 21:50:19.990 | INFO     | src.agents.watcher_agent:_process_email:233 -  Iniciando procesamiento para UID 80005
2026-03-08 21:50:19.994 | INFO     | src.agents.watcher_agent:_process_email:257 - UID=80005 Subject='CERTIFICADO DE NOTAS - Juan Pérez'
2026-03-08 21:50:19.998 | INFO     | src.agents.watcher_agent:_process_email:294 - Nombre extraído para UID 80005: Juan Pérez
2026-03-08 21:50:19.999 | INFO     | src.agents.watcher_agent:_process_email:297 - Carpeta destino para UID 80005: /tmp/pytest-of-genghis/pytest-3/test_keyword_case_insensitive_0/Juan_Perez
2026-03-08 21:50:20.001 | INFO     | src.agents.watcher_agent:_process_email:301 - Cuerpo guardado en info_mail_Juan_Perez.txt
2026-03-08 21:50:20.004 | INFO     | src.agents.watcher_agent:_process_email:312 - Adjuntos guardados para UID 80005: 1 archivo(s)
2026-03-08 21:50:20.005 | SUCCESS  | src.agents.watcher_agent:_process_email:323 - Procesado UID 80005: 1 adjunto(s) guardado(s) en /tmp/pytest-of-genghis/pytest-3/test_keyword_case_insensitive_0/Juan_Perez
2026-03-08 21:50:20.013 | INFO     | src.agents.watcher_agent:_process_email:233 -  Iniciando procesamiento para UID 80006
2026-03-08 21:50:20.016 | INFO     | src.agents.watcher_agent:_process_email:257 - UID=80006 Subject='Documentos - Ana Torres'
2026-03-08 21:50:20.020 | INFO     | src.agents.watcher_agent:_process_email:294 - Nombre extraído para UID 80006: Ana Torres
2026-03-08 21:50:20.021 | INFO     | src.agents.watcher_agent:_process_email:297 - Carpeta destino para UID 80006: /tmp/pytest-of-genghis/pytest-3/test_keyword_case_insensitive_1/Ana_Torres
2026-03-08 21:50:20.022 | INFO     | src.agents.watcher_agent:_process_email:301 - Cuerpo guardado en info_mail_Ana_Torres.txt
2026-03-08 21:50:20.025 | INFO     | src.agents.watcher_agent:_process_email:312 - Adjuntos guardados para UID 80006: 1 archivo(s)
2026-03-08 21:50:20.026 | SUCCESS  | src.agents.watcher_agent:_process_email:323 - Procesado UID 80006: 1 adjunto(s) guardado(s) en /tmp/pytest-of-genghis/pytest-3/test_keyword_case_insensitive_1/Ana_Torres
2026-03-08 21:50:20.029 | INFO     | src.agents.watcher_agent:run:64 - Watcher Agent iniciado
2026-03-08 21:50:20.030 | INFO     | src.agents.watcher_agent:run:78 -  Ciclo #1 de monitoreo iniciado
2026-03-08 21:50:20.031 | WARNING  | src.agents.watcher_agent:run:81 - No se pudo establecer conexión IMAP en el ciclo #1. Se reintentará en 60 segundos...
2026-03-08 21:50:20.031 | INFO     | src.agents.watcher_agent:run:104 - Watcher Agent detenido por el usuario (KeyboardInterrupt)
2026-03-08 21:53:35.757 | INFO     | __main__:test_ocr:23 - Iniciando prueba de OCR Agent
2026-03-08 21:53:35.758 | INFO     | src.services.ocr_service:__init__:21 - Inicializando modelo docTR (ocr_predictor)…
2026-03-08 21:53:40.878 | INFO     | src.services.ocr_service:__init__:23 - Modelo docTR inicializado correctamente
2026-03-08 21:53:40.882 | INFO     | src.agents.ocr_agent:process_directory:43 - Iniciando procesamiento OCR — 4 subcarpetas encontradas en /home/genghis/Documents/Uneg/agente-inteligente-expedientes/data/input
2026-03-08 21:53:40.884 | INFO     | src.agents.ocr_agent:process_directory:62 - Subcarpeta 'Expediente_SinNombre_UID11072': 2 archivo(s) a procesar
2026-03-08 21:53:40.890 | INFO     | src.services.ocr_service:process_file:47 - Procesando archivo: Notas_Cruz_1.jpg
2026-03-08 21:54:04.924 | INFO     | src.core.logger:audit_log:96 - [ocr] ocr_completado: ok
2026-03-08 21:54:04.926 | INFO     | src.agents.ocr_agent:_process_single_file:148 - OCR completado: 'Notas_Cruz_1.jpg' — 1 pág, 612 palabras, confianza 88.16%, 24034 ms
2026-03-08 21:54:04.932 | INFO     | src.services.ocr_service:process_file:47 - Procesando archivo: Notas_Cruz_2.jpg
2026-03-08 21:54:24.027 | INFO     | src.core.logger:audit_log:96 - [ocr] ocr_completado: ok
2026-03-08 21:54:24.030 | INFO     | src.agents.ocr_agent:_process_single_file:148 - OCR completado: 'Notas_Cruz_2.jpg' — 1 pág, 494 palabras, confianza 88.49%, 19095 ms
2026-03-08 21:54:24.033 | INFO     | src.agents.ocr_agent:process_directory:62 - Subcarpeta 'Su_informe_esta_disponible': 6 archivo(s) a procesar
2026-03-08 21:54:24.044 | INFO     | src.services.ocr_service:process_file:47 - Procesando archivo: 003-003-00099284-Todos.pdf
2026-03-08 21:54:57.605 | INFO     | src.core.logger:audit_log:96 - [ocr] ocr_completado: ok
2026-03-08 21:54:57.607 | INFO     | src.agents.ocr_agent:_process_single_file:148 - OCR completado: '003-003-00099284-Todos.pdf' — 5 pág, 612 palabras, confianza 92.32%, 33560 ms
2026-03-08 21:54:57.617 | INFO     | src.services.ocr_service:process_file:47 - Procesando archivo: 003-003-00099284-Todos_1.pdf
2026-03-08 21:55:32.806 | INFO     | src.core.logger:audit_log:96 - [ocr] ocr_completado: ok
2026-03-08 21:55:32.808 | INFO     | src.agents.ocr_agent:_process_single_file:148 - OCR completado: '003-003-00099284-Todos_1.pdf' — 5 pág, 612 palabras, confianza 92.32%, 35188 ms
2026-03-08 21:55:32.817 | INFO     | src.services.ocr_service:process_file:47 - Procesando archivo: 003-004-00081034-Todos.pdf
2026-03-08 21:55:40.351 | INFO     | src.core.logger:audit_log:96 - [ocr] ocr_completado: ok
2026-03-08 21:55:40.353 | INFO     | src.agents.ocr_agent:_process_single_file:148 - OCR completado: '003-004-00081034-Todos.pdf' — 1 pág, 147 palabras, confianza 97.08%, 7534 ms
2026-03-08 21:55:40.359 | INFO     | src.services.ocr_service:process_file:47 - Procesando archivo: 003-004-00081034-Todos_1.pdf
2026-03-08 21:55:48.096 | INFO     | src.core.logger:audit_log:96 - [ocr] ocr_completado: ok
2026-03-08 21:55:48.097 | INFO     | src.agents.ocr_agent:_process_single_file:148 - OCR completado: '003-004-00081034-Todos_1.pdf' — 1 pág, 147 palabras, confianza 97.08%, 7737 ms
2026-03-08 21:55:48.104 | INFO     | src.services.ocr_service:process_file:47 - Procesando archivo: 003-014-00379581-vascular_por_region.pdf
2026-03-08 21:56:08.305 | INFO     | src.core.logger:audit_log:96 - [ocr] ocr_completado: ok
2026-03-08 21:56:08.307 | INFO     | src.agents.ocr_agent:_process_single_file:148 - OCR completado: '003-014-00379581-vascular_por_region.pdf' — 3 pág, 369 palabras, confianza 94.90%, 20201 ms
2026-03-08 21:56:08.315 | INFO     | src.services.ocr_service:process_file:47 - Procesando archivo: 003-014-00379581-vascular_por_region_1.pdf
2026-03-08 21:56:28.694 | INFO     | src.core.logger:audit_log:96 - [ocr] ocr_completado: ok
2026-03-08 21:56:28.698 | INFO     | src.agents.ocr_agent:_process_single_file:148 - OCR completado: '003-014-00379581-vascular_por_region_1.pdf' — 3 pág, 369 palabras, confianza 94.90%, 20379 ms
2026-03-08 21:56:28.704 | INFO     | src.agents.ocr_agent:process_directory:62 - Subcarpeta 'Te_acercamos_la_factura_2869-00148646': 2 archivo(s) a procesar
2026-03-08 21:56:28.719 | INFO     | src.services.ocr_service:process_file:47 - Procesando archivo: 148646-164-86096002131733.PDF
2026-03-08 21:56:37.497 | INFO     | src.core.logger:audit_log:96 - [ocr] ocr_completado: ok
2026-03-08 21:56:37.500 | INFO     | src.agents.ocr_agent:_process_single_file:148 - OCR completado: '148646-164-86096002131733.PDF' — 1 pág, 182 palabras, confianza 91.05%, 8778 ms
2026-03-08 21:56:37.505 | INFO     | src.services.ocr_service:process_file:47 - Procesando archivo: 148646-164-86096002131733_1.PDF
2026-03-08 21:56:46.271 | INFO     | src.core.logger:audit_log:96 - [ocr] ocr_completado: ok
2026-03-08 21:56:46.273 | INFO     | src.agents.ocr_agent:_process_single_file:148 - OCR completado: '148646-164-86096002131733_1.PDF' — 1 pág, 182 palabras, confianza 91.05%, 8766 ms
2026-03-08 21:56:46.276 | INFO     | src.agents.ocr_agent:process_directory:62 - Subcarpeta 'te_enviamos_tu_receta_electronicagcapella1991gmailcom': 2 archivo(s) a procesar
2026-03-08 21:56:46.289 | INFO     | src.services.ocr_service:process_file:47 - Procesando archivo: Prescription_9700002377018.pdf
2026-03-08 21:56:53.117 | INFO     | src.core.logger:audit_log:96 - [ocr] ocr_completado: ok
2026-03-08 21:56:53.120 | INFO     | src.agents.ocr_agent:_process_single_file:148 - OCR completado: 'Prescription_9700002377018.pdf' — 1 pág, 115 palabras, confianza 92.61%, 6828 ms
2026-03-08 21:56:53.123 | INFO     | src.services.ocr_service:process_file:47 - Procesando archivo: Prescription_9700002377018_1.pdf
2026-03-08 21:56:59.890 | INFO     | src.core.logger:audit_log:96 - [ocr] ocr_completado: ok
2026-03-08 21:56:59.891 | INFO     | src.agents.ocr_agent:_process_single_file:148 - OCR completado: 'Prescription_9700002377018_1.pdf' — 1 pág, 115 palabras, confianza 92.61%, 6766 ms
2026-03-08 21:56:59.892 | INFO     | src.agents.ocr_agent:process_directory:72 - Procesamiento OCR finalizado — 12 archivo(s) procesados
2026-03-08 21:56:59.893 | INFO     | __main__:test_ocr:31 - Archivo: Notas_Cruz_1.jpg | Páginas: 1 | Palabras: 612 | Confianza: 88.16%
2026-03-08 21:56:59.894 | INFO     | __main__:test_ocr:38 - Texto (primeros 200 chars): Goosemo Ministerio del Poder Populer para l Educacion
corazon
Bolivariano Viceministorio de Participaciony Apoyo Académico
TIEVURONS
CERTIFICACION DE CALIFICACIONES
de Verezuela Direccion General de R
2026-03-08 21:56:59.894 | INFO     | __main__:test_ocr:31 - Archivo: Notas_Cruz_2.jpg | Páginas: 1 | Palabras: 494 | Confianza: 88.49%
2026-03-08 21:56:59.895 | INFO     | __main__:test_ocr:38 - Texto (primeros 200 chars): Gobiemo Ministerio dell Poder Popular parala Educaclon
corazon
Bolivariano Viceministerio del Participaciony Apoyo Académico
VENIZOLANO
CERTIFICACION DE
Direccion
CALIFICACIONES
deVenezuela
General de
2026-03-08 21:56:59.895 | INFO     | __main__:test_ocr:31 - Archivo: 003-003-00099284-Todos.pdf | Páginas: 5 | Palabras: 612 | Confianza: 92.32%
2026-03-08 21:56:59.896 | INFO     | __main__:test_ocr:38 - Texto (primeros 200 chars): Sr./Sra.: CAPELLA LOPEZ
GENGHIS JOSE
Indica: KAREN MARGARITA
003-003-00099284
ARRIETA SCHELEGUE
CARDIOLOGIA
Fecha:
03/03/2026
PRUEBA DE ESFUERZO GRADUADO
Datos del Paciente:
Apellido yn nombre: CAPELL
2026-03-08 21:56:59.896 | INFO     | __main__:test_ocr:31 - Archivo: 003-003-00099284-Todos_1.pdf | Páginas: 5 | Palabras: 612 | Confianza: 92.32%
2026-03-08 21:56:59.897 | INFO     | __main__:test_ocr:38 - Texto (primeros 200 chars): Sr./Sra.: CAPELLA LOPEZ
GENGHIS JOSE
Indica: KAREN MARGARITA
003-003-00099284
ARRIETA SCHELEGUE
CARDIOLOGIA
Fecha:
03/03/2026
PRUEBA DE ESFUERZO GRADUADO
Datos del Paciente:
Apellido yn nombre: CAPELL
2026-03-08 21:56:59.898 | INFO     | __main__:test_ocr:31 - Archivo: 003-004-00081034-Todos.pdf | Páginas: 1 | Palabras: 147 | Confianza: 97.08%
2026-03-08 21:56:59.898 | INFO     | __main__:test_ocr:38 - Texto (primeros 200 chars): Sr./Sra.: CAPELLA LOPEZ
GENGHIS JOSE
003-004-00081034
Indica:
JOSE FRANCISCO MEANA
Fecha:
03/03/2026
CONSULTORIOS EXTERNOS
APTO FISICO
DNI: 95971341
Dejo constancia que el / la paciente ha sido examin
2026-03-08 21:56:59.899 | INFO     | __main__:test_ocr:31 - Archivo: 003-004-00081034-Todos_1.pdf | Páginas: 1 | Palabras: 147 | Confianza: 97.08%
2026-03-08 21:56:59.899 | INFO     | __main__:test_ocr:38 - Texto (primeros 200 chars): Sr./Sra.: CAPELLA LOPEZ
GENGHIS JOSE
003-004-00081034
Indica:
JOSE FRANCISCO MEANA
Fecha:
03/03/2026
CONSULTORIOS EXTERNOS
APTO FISICO
DNI: 95971341
Dejo constancia que el / la paciente ha sido examin
2026-03-08 21:56:59.900 | INFO     | __main__:test_ocr:31 - Archivo: 003-014-00379581-vascular_por_region.pdf | Páginas: 3 | Palabras: 369 | Confianza: 94.90%
2026-03-08 21:56:59.900 | INFO     | __main__:test_ocr:38 - Texto (primeros 200 chars): Sr./Sra.: CAPELLA LOPEZ
GENGHIS JOSE
003-014-00379581
Indica: KAREN MARGARITA
ARRIETA SCHELEGUE
ECOGRAFIA
Fecha:
03/03/2026
ECOCARDIOGRAMA BIDIMENSIONAL Y
DOPPLER CARDIACO
Valor de
Valor de
referencia
2026-03-08 21:56:59.901 | INFO     | __main__:test_ocr:31 - Archivo: 003-014-00379581-vascular_por_region_1.pdf | Páginas: 3 | Palabras: 369 | Confianza: 94.90%
2026-03-08 21:56:59.901 | INFO     | __main__:test_ocr:38 - Texto (primeros 200 chars): Sr./Sra.: CAPELLA LOPEZ
GENGHIS JOSE
003-014-00379581
Indica: KAREN MARGARITA
ARRIETA SCHELEGUE
ECOGRAFIA
Fecha:
03/03/2026
ECOCARDIOGRAMA BIDIMENSIONAL Y
DOPPLER CARDIACO
Valor de
Valor de
referencia
2026-03-08 21:56:59.902 | INFO     | __main__:test_ocr:31 - Archivo: 148646-164-86096002131733.PDF | Páginas: 1 | Palabras: 182 | Confianza: 91.05%
2026-03-08 21:56:59.903 | INFO     | __main__:test_ocr:38 - Texto (primeros 200 chars): ORIGINAL
R
COD. 061
Factura
Nro. Comprobante: 02869-00148646
farmacity
Fecha de Emision: 02/03/2026
C.U.I.T: 30-69213874-7
ING. BRUTOS C.M.: 901-038409-7
Razon Social: Farmcity S.A
Inicio Actividades:
2026-03-08 21:56:59.903 | INFO     | __main__:test_ocr:31 - Archivo: 148646-164-86096002131733_1.PDF | Páginas: 1 | Palabras: 182 | Confianza: 91.05%
2026-03-08 21:56:59.904 | INFO     | __main__:test_ocr:38 - Texto (primeros 200 chars): ORIGINAL
R
COD. 061
Factura
Nro. Comprobante: 02869-00148646
farmacity
Fecha de Emision: 02/03/2026
C.U.I.T: 30-69213874-7
ING. BRUTOS C.M.: 901-038409-7
Razon Social: Farmcity S.A
Inicio Actividades:
2026-03-08 21:56:59.905 | INFO     | __main__:test_ocr:31 - Archivo: Prescription_9700002377018.pdf | Páginas: 1 | Palabras: 115 | Confianza: 92.61%
2026-03-08 21:56:59.905 | INFO     | __main__:test_ocr:38 - Texto (primeros 200 chars): Clinica Clinica
Santalsabel Santalsabel
Nro Receta
9700002377018
Dra. RAMIL LARA DANIELA
Médica
MN 171643
MINISTERIO DE SALUD DE LA NACION
Nro Credencial
LAUTARO: 369 - CABA - CABA
10644436600000
Tel:
2026-03-08 21:56:59.906 | INFO     | __main__:test_ocr:31 - Archivo: Prescription_9700002377018_1.pdf | Páginas: 1 | Palabras: 115 | Confianza: 92.61%
2026-03-08 21:56:59.906 | INFO     | __main__:test_ocr:38 - Texto (primeros 200 chars): Clinica Clinica
Santalsabel Santalsabel
Nro Receta
9700002377018
Dra. RAMIL LARA DANIELA
Médica
MN 171643
MINISTERIO DE SALUD DE LA NACION
Nro Credencial
LAUTARO: 369 - CABA - CABA
10644436600000
Tel:
2026-03-08 21:56:59.907 | INFO     | __main__:test_ocr:42 - Prueba finalizada: 12 archivos procesados
2026-03-08 22:06:40.970 | INFO     | __main__:test_ocr:23 - Iniciando prueba de OCR Agent
2026-03-08 22:06:40.971 | INFO     | src.services.ocr_service:__init__:21 - Inicializando modelo docTR (ocr_predictor)…
2026-03-08 22:06:45.566 | INFO     | src.services.ocr_service:__init__:23 - Modelo docTR inicializado correctamente
2026-03-08 22:06:45.569 | INFO     | src.agents.ocr_agent:process_directory:43 - Iniciando procesamiento OCR — 1 subcarpetas encontradas en /home/genghis/Documents/Uneg/agente-inteligente-expedientes/data/input
2026-03-08 22:06:45.571 | INFO     | src.agents.ocr_agent:process_directory:62 - Subcarpeta 'Expediente_SinNombre_UID11072': 2 archivo(s) a procesar
2026-03-08 22:06:45.575 | INFO     | src.services.ocr_service:process_file:47 - Procesando archivo: Notas_Cruz_1.jpg
2026-03-08 22:07:08.315 | INFO     | src.core.logger:audit_log:96 - [ocr] ocr_completado: ok
2026-03-08 22:07:08.318 | INFO     | src.agents.ocr_agent:_process_single_file:148 - OCR completado: 'Notas_Cruz_1.jpg' — 1 pág, 612 palabras, confianza 88.16%, 22739 ms
2026-03-08 22:07:08.324 | INFO     | src.services.ocr_service:process_file:47 - Procesando archivo: Notas_Cruz_2.jpg
2026-03-08 22:07:27.518 | INFO     | src.core.logger:audit_log:96 - [ocr] ocr_completado: ok
2026-03-08 22:07:27.520 | INFO     | src.agents.ocr_agent:_process_single_file:148 - OCR completado: 'Notas_Cruz_2.jpg' — 1 pág, 494 palabras, confianza 88.49%, 19194 ms
2026-03-08 22:07:27.521 | INFO     | src.agents.ocr_agent:process_directory:72 - Procesamiento OCR finalizado — 2 archivo(s) procesados
2026-03-08 22:07:27.522 | INFO     | __main__:test_ocr:31 - Archivo: Notas_Cruz_1.jpg | Páginas: 1 | Palabras: 612 | Confianza: 88.16%
2026-03-08 22:07:27.523 | INFO     | __main__:test_ocr:38 - Texto (primeros 200 chars): Goosemo Ministerio del Poder Populer para l Educacion
corazon
Bolivariano Viceministorio de Participaciony Apoyo Académico
TIEVURONS
CERTIFICACION DE CALIFICACIONES
de Verezuela Direccion General de R
2026-03-08 22:07:27.525 | INFO     | __main__:test_ocr:31 - Archivo: Notas_Cruz_2.jpg | Páginas: 1 | Palabras: 494 | Confianza: 88.49%
2026-03-08 22:07:27.526 | INFO     | __main__:test_ocr:38 - Texto (primeros 200 chars): Gobiemo Ministerio dell Poder Popular parala Educaclon
corazon
Bolivariano Viceministerio del Participaciony Apoyo Académico
VENIZOLANO
CERTIFICACION DE
Direccion
CALIFICACIONES
deVenezuela
General de
2026-03-08 22:07:27.526 | INFO     | __main__:test_ocr:42 - Prueba finalizada: 2 archivos procesados
2026-03-08 22:26:07.007 | INFO     | __main__:test_ocr:29 - Iniciando prueba de OCR Agent
2026-03-08 22:26:07.008 | INFO     | src.services.ocr_service:__init__:21 - Inicializando modelo docTR (ocr_predictor)…
2026-03-08 22:26:11.469 | INFO     | src.services.ocr_service:__init__:23 - Modelo docTR inicializado correctamente
2026-03-08 22:26:11.472 | INFO     | src.agents.ocr_agent:process_directory:43 - Iniciando procesamiento OCR — 1 subcarpetas encontradas en /home/genghis/Documents/Uneg/agente-inteligente-expedientes/data/input
2026-03-08 22:26:11.475 | INFO     | src.agents.ocr_agent:process_directory:62 - Subcarpeta 'Expediente_SinNombre_UID11072': 2 archivo(s) a procesar
2026-03-08 22:26:11.478 | INFO     | src.services.ocr_service:process_file:47 - Procesando archivo: Notas_Cruz_1.jpg
2026-03-08 22:26:34.433 | INFO     | src.core.logger:audit_log:96 - [ocr] ocr_completado: ok
2026-03-08 22:26:34.436 | INFO     | src.agents.ocr_agent:_process_single_file:148 - OCR completado: 'Notas_Cruz_1.jpg' — 1 pág, 612 palabras, confianza 88.16%, 22955 ms
2026-03-08 22:26:34.442 | INFO     | src.services.ocr_service:process_file:47 - Procesando archivo: Notas_Cruz_2.jpg
2026-03-08 22:26:53.504 | INFO     | src.core.logger:audit_log:96 - [ocr] ocr_completado: ok
2026-03-08 22:26:53.507 | INFO     | src.agents.ocr_agent:_process_single_file:148 - OCR completado: 'Notas_Cruz_2.jpg' — 1 pág, 494 palabras, confianza 88.49%, 19062 ms
2026-03-08 22:26:53.508 | INFO     | src.agents.ocr_agent:process_directory:72 - Procesamiento OCR finalizado — 2 archivo(s) procesados
2026-03-08 22:26:53.509 | INFO     | __main__:test_ocr:37 - Archivo: Notas_Cruz_1.jpg | Páginas: 1 | Palabras: 612 | Confianza: 88.16%
2026-03-08 22:26:53.509 | INFO     | __main__:test_ocr:44 - Texto (primeros 200 chars): Goosemo Ministerio del Poder Populer para l Educacion
corazon
Bolivariano Viceministorio de Participaciony Apoyo Académico
TIEVURONS
CERTIFICACION DE CALIFICACIONES
de Verezuela Direccion General de R
2026-03-08 22:26:53.597 | INFO     | __main__:test_ocr:54 - JSON guardado en: /home/genghis/Documents/Uneg/agente-inteligente-expedientes/data/ocr_output/Expediente_SinNombre_UID11072/Notas_Cruz_1.json
2026-03-08 22:26:53.599 | INFO     | __main__:test_ocr:37 - Archivo: Notas_Cruz_2.jpg | Páginas: 1 | Palabras: 494 | Confianza: 88.49%
2026-03-08 22:26:53.600 | INFO     | __main__:test_ocr:44 - Texto (primeros 200 chars): Gobiemo Ministerio dell Poder Popular parala Educaclon
corazon
Bolivariano Viceministerio del Participaciony Apoyo Académico
VENIZOLANO
CERTIFICACION DE
Direccion
CALIFICACIONES
deVenezuela
General de
2026-03-08 22:26:53.639 | INFO     | __main__:test_ocr:54 - JSON guardado en: /home/genghis/Documents/Uneg/agente-inteligente-expedientes/data/ocr_output/Expediente_SinNombre_UID11072/Notas_Cruz_2.json
2026-03-08 22:26:53.640 | INFO     | __main__:test_ocr:58 - Prueba finalizada: 2 archivos procesados
2026-03-08 22:26:53.641 | INFO     | __main__:test_ocr:59 - JSONs guardados en: /home/genghis/Documents/Uneg/agente-inteligente-expedientes/data/ocr_output
2026-03-08 22:34:07.741 | INFO     | src.services.ocr_service:process_file:47 - Procesando archivo: doc.pdf
2026-03-08 22:34:07.749 | INFO     | src.services.ocr_service:process_file:47 - Procesando archivo: foto.jpg
2026-03-08 22:34:07.755 | INFO     | src.services.ocr_service:process_file:47 - Procesando archivo: foto.jpeg
2026-03-08 22:34:07.762 | INFO     | src.services.ocr_service:process_file:47 - Procesando archivo: foto.png
2026-03-08 22:34:07.776 | INFO     | src.services.ocr_service:process_file:47 - Procesando archivo: doc.PDF
2026-03-08 22:34:07.782 | INFO     | src.services.ocr_service:process_file:47 - Procesando archivo: largo.pdf
2026-03-08 22:34:07.791 | INFO     | src.services.ocr_service:process_file:47 - Procesando archivo: doc.pdf
2026-03-08 22:34:07.801 | INFO     | src.services.ocr_service:process_file:47 - Procesando archivo: doc.pdf
2026-03-08 22:34:07.810 | INFO     | src.services.ocr_service:process_file:47 - Procesando archivo: corrupto.pdf
2026-03-08 22:34:07.816 | INFO     | src.services.ocr_service:process_file:47 - Procesando archivo: doc.pdf
2026-03-08 22:34:07.822 | INFO     | src.agents.ocr_agent:process_directory:43 - Iniciando procesamiento OCR — 1 subcarpetas encontradas en /tmp/pytest-of-genghis/pytest-4/test_procesa_archivos_en_subca0
2026-03-08 22:34:07.824 | INFO     | src.agents.ocr_agent:process_directory:62 - Subcarpeta 'Maria_Elena_Garcia': 2 archivo(s) a procesar
2026-03-08 22:34:07.826 | INFO     | src.services.ocr_service:process_file:47 - Procesando archivo: notas_pregrado.jpg
2026-03-08 22:34:07.827 | INFO     | src.core.logger:audit_log:96 - [ocr] ocr_completado: ok
2026-03-08 22:34:07.829 | INFO     | src.agents.ocr_agent:_process_single_file:148 - OCR completado: 'notas_pregrado.jpg' — 1 pág, 4 palabras, confianza 96.75%, 2 ms
2026-03-08 22:34:07.832 | INFO     | src.services.ocr_service:process_file:47 - Procesando archivo: titulo_universitario.pdf
2026-03-08 22:34:07.834 | INFO     | src.core.logger:audit_log:96 - [ocr] ocr_completado: ok
2026-03-08 22:34:07.835 | INFO     | src.agents.ocr_agent:_process_single_file:148 - OCR completado: 'titulo_universitario.pdf' — 1 pág, 4 palabras, confianza 96.75%, 2 ms
2026-03-08 22:34:07.836 | INFO     | src.agents.ocr_agent:process_directory:72 - Procesamiento OCR finalizado — 2 archivo(s) procesados
2026-03-08 22:34:07.842 | WARNING  | src.agents.ocr_agent:process_directory:37 - El directorio de entrada no existe: /tmp/pytest-of-genghis/pytest-4/test_directorio_inexistente_re0/no_existe
2026-03-08 22:34:07.847 | INFO     | src.agents.ocr_agent:process_directory:43 - Iniciando procesamiento OCR — 0 subcarpetas encontradas en /tmp/pytest-of-genghis/pytest-4/test_directorio_vacio_retorna_0
2026-03-08 22:34:07.849 | INFO     | src.agents.ocr_agent:process_directory:72 - Procesamiento OCR finalizado — 0 archivo(s) procesados
2026-03-08 22:34:07.854 | INFO     | src.agents.ocr_agent:process_directory:43 - Iniciando procesamiento OCR — 1 subcarpetas encontradas en /tmp/pytest-of-genghis/pytest-4/test_subcarpeta_sin_archivos_p0
2026-03-08 22:34:07.856 | INFO     | src.agents.ocr_agent:process_directory:72 - Procesamiento OCR finalizado — 0 archivo(s) procesados
2026-03-08 22:34:07.867 | INFO     | src.agents.ocr_agent:process_directory:43 - Iniciando procesamiento OCR — 3 subcarpetas encontradas en /tmp/pytest-of-genghis/pytest-4/test_multiples_subcarpetas0
2026-03-08 22:34:07.868 | INFO     | src.agents.ocr_agent:process_directory:62 - Subcarpeta 'Docente_A': 1 archivo(s) a procesar
2026-03-08 22:34:07.870 | INFO     | src.services.ocr_service:process_file:47 - Procesando archivo: titulo.pdf
2026-03-08 22:34:07.872 | INFO     | src.core.logger:audit_log:96 - [ocr] ocr_completado: ok
2026-03-08 22:34:07.874 | INFO     | src.agents.ocr_agent:_process_single_file:148 - OCR completado: 'titulo.pdf' — 1 pág, 4 palabras, confianza 96.75%, 3 ms
2026-03-08 22:34:07.876 | INFO     | src.agents.ocr_agent:process_directory:62 - Subcarpeta 'Docente_B': 1 archivo(s) a procesar
2026-03-08 22:34:07.878 | INFO     | src.services.ocr_service:process_file:47 - Procesando archivo: cedula.jpg
2026-03-08 22:34:07.879 | INFO     | src.core.logger:audit_log:96 - [ocr] ocr_completado: ok
2026-03-08 22:34:07.880 | INFO     | src.agents.ocr_agent:_process_single_file:148 - OCR completado: 'cedula.jpg' — 1 pág, 4 palabras, confianza 96.75%, 1 ms
2026-03-08 22:34:07.883 | INFO     | src.agents.ocr_agent:process_directory:62 - Subcarpeta 'Docente_C': 1 archivo(s) a procesar
2026-03-08 22:34:07.885 | INFO     | src.services.ocr_service:process_file:47 - Procesando archivo: notas.png
2026-03-08 22:34:07.886 | INFO     | src.core.logger:audit_log:96 - [ocr] ocr_completado: ok
2026-03-08 22:34:07.888 | INFO     | src.agents.ocr_agent:_process_single_file:148 - OCR completado: 'notas.png' — 1 pág, 4 palabras, confianza 96.75%, 2 ms
2026-03-08 22:34:07.889 | INFO     | src.agents.ocr_agent:process_directory:72 - Procesamiento OCR finalizado — 3 archivo(s) procesados
2026-03-08 22:34:07.899 | INFO     | src.agents.ocr_agent:process_directory:43 - Iniciando procesamiento OCR — 1 subcarpetas encontradas en /tmp/pytest-of-genghis/pytest-4/test_metadatos_del_resultado0
2026-03-08 22:34:07.903 | INFO     | src.agents.ocr_agent:process_directory:62 - Subcarpeta 'Test_Docente': 1 archivo(s) a procesar
2026-03-08 22:34:07.905 | INFO     | src.services.ocr_service:process_file:47 - Procesando archivo: doc.pdf
2026-03-08 22:34:07.908 | INFO     | src.core.logger:audit_log:96 - [ocr] ocr_completado: ok
2026-03-08 22:34:07.910 | INFO     | src.agents.ocr_agent:_process_single_file:148 - OCR completado: 'doc.pdf' — 1 pág, 4 palabras, confianza 96.75%, 3 ms
2026-03-08 22:34:07.912 | INFO     | src.agents.ocr_agent:process_directory:72 - Procesamiento OCR finalizado — 1 archivo(s) procesados
2026-03-08 22:34:07.920 | INFO     | src.agents.ocr_agent:process_directory:43 - Iniciando procesamiento OCR — 1 subcarpetas encontradas en /tmp/pytest-of-genghis/pytest-4/test_hash_sha256_es_correcto0
2026-03-08 22:34:07.923 | INFO     | src.agents.ocr_agent:process_directory:62 - Subcarpeta 'Hash_Test': 1 archivo(s) a procesar
2026-03-08 22:34:07.926 | INFO     | src.services.ocr_service:process_file:47 - Procesando archivo: archivo.jpg
2026-03-08 22:34:07.928 | INFO     | src.core.logger:audit_log:96 - [ocr] ocr_completado: ok
2026-03-08 22:34:07.931 | INFO     | src.agents.ocr_agent:_process_single_file:148 - OCR completado: 'archivo.jpg' — 1 pág, 4 palabras, confianza 96.75%, 3 ms
2026-03-08 22:34:07.932 | INFO     | src.agents.ocr_agent:process_directory:72 - Procesamiento OCR finalizado — 1 archivo(s) procesados
2026-03-08 22:34:07.939 | INFO     | src.agents.ocr_agent:process_directory:43 - Iniciando procesamiento OCR — 1 subcarpetas encontradas en /tmp/pytest-of-genghis/pytest-4/test_formato_se_normaliza_a_mi0
2026-03-08 22:34:07.940 | INFO     | src.agents.ocr_agent:process_directory:62 - Subcarpeta 'Mayuscula': 1 archivo(s) a procesar
2026-03-08 22:34:07.942 | INFO     | src.services.ocr_service:process_file:47 - Procesando archivo: DOC.PDF
2026-03-08 22:34:07.944 | INFO     | src.core.logger:audit_log:96 - [ocr] ocr_completado: ok
2026-03-08 22:34:07.946 | INFO     | src.agents.ocr_agent:_process_single_file:148 - OCR completado: 'DOC.PDF' — 1 pág, 4 palabras, confianza 96.75%, 2 ms
2026-03-08 22:34:07.948 | INFO     | src.agents.ocr_agent:process_directory:72 - Procesamiento OCR finalizado — 1 archivo(s) procesados
2026-03-08 22:34:07.956 | INFO     | src.agents.ocr_agent:process_directory:43 - Iniciando procesamiento OCR — 1 subcarpetas encontradas en /tmp/pytest-of-genghis/pytest-4/test_fallo_ocr_continua_con_si0
2026-03-08 22:34:07.958 | INFO     | src.agents.ocr_agent:process_directory:62 - Subcarpeta 'Mixto': 2 archivo(s) a procesar
2026-03-08 22:34:07.959 | INFO     | src.services.ocr_service:process_file:47 - Procesando archivo: bueno.jpg
2026-03-08 22:34:07.962 | INFO     | src.core.logger:audit_log:96 - [ocr] ocr_completado: ok
2026-03-08 22:34:07.969 | INFO     | src.agents.ocr_agent:_process_single_file:148 - OCR completado: 'bueno.jpg' — 1 pág, 4 palabras, confianza 96.75%, 2 ms
2026-03-08 22:34:07.973 | ERROR    | src.agents.ocr_agent:_process_single_file:108 - Error al procesar 'malo.pdf': PDF corrupto
2026-03-08 22:34:07.975 | INFO     | src.core.logger:audit_log:96 - [ocr] ocr_fallido: error
2026-03-08 22:34:07.976 | INFO     | src.agents.ocr_agent:process_directory:72 - Procesamiento OCR finalizado — 2 archivo(s) procesados
2026-03-08 22:34:07.989 | INFO     | src.agents.ocr_agent:process_directory:43 - Iniciando procesamiento OCR — 1 subcarpetas encontradas en /tmp/pytest-of-genghis/pytest-4/test_fallo_ocr_registra_audit_0
2026-03-08 22:34:07.990 | INFO     | src.agents.ocr_agent:process_directory:62 - Subcarpeta 'Fallo': 1 archivo(s) a procesar
2026-03-08 22:34:07.992 | INFO     | src.services.ocr_service:process_file:47 - Procesando archivo: corrupto.pdf
2026-03-08 22:34:07.993 | ERROR    | src.agents.ocr_agent:_process_single_file:108 - Error al procesar 'corrupto.pdf': Error simulado de docTR
2026-03-08 22:34:07.994 | INFO     | src.agents.ocr_agent:process_directory:72 - Procesamiento OCR finalizado — 1 archivo(s) procesados
2026-03-08 22:34:08.000 | INFO     | src.agents.ocr_agent:process_directory:43 - Iniciando procesamiento OCR — 1 subcarpetas encontradas en /tmp/pytest-of-genghis/pytest-4/test_exito_ocr_registra_audit_0
2026-03-08 22:34:08.003 | INFO     | src.agents.ocr_agent:process_directory:62 - Subcarpeta 'Exito': 1 archivo(s) a procesar
2026-03-08 22:34:08.004 | INFO     | src.services.ocr_service:process_file:47 - Procesando archivo: doc.pdf
2026-03-08 22:34:08.006 | INFO     | src.agents.ocr_agent:_process_single_file:148 - OCR completado: 'doc.pdf' — 1 pág, 4 palabras, confianza 96.75%, 2 ms
2026-03-08 22:34:08.007 | INFO     | src.agents.ocr_agent:process_directory:72 - Procesamiento OCR finalizado — 1 archivo(s) procesados
2026-03-08 22:34:08.017 | INFO     | src.agents.ocr_agent:process_directory:43 - Iniciando procesamiento OCR — 0 subcarpetas encontradas en /tmp/pytest-of-genghis/pytest-4/test_ignora_archivos_en_raiz0
2026-03-08 22:34:08.019 | INFO     | src.agents.ocr_agent:process_directory:72 - Procesamiento OCR finalizado — 0 archivo(s) procesados
2026-03-08 22:34:08.026 | INFO     | src.agents.ocr_agent:process_directory:43 - Iniciando procesamiento OCR — 1 subcarpetas encontradas en /tmp/pytest-of-genghis/pytest-4/test_usa_config_input_dir_por_0
2026-03-08 22:34:08.028 | INFO     | src.agents.ocr_agent:process_directory:62 - Subcarpeta 'docente': 1 archivo(s) a procesar
2026-03-08 22:34:08.029 | INFO     | src.services.ocr_service:process_file:47 - Procesando archivo: doc.pdf
2026-03-08 22:34:08.032 | INFO     | src.core.logger:audit_log:96 - [ocr] ocr_completado: ok
2026-03-08 22:34:08.035 | INFO     | src.agents.ocr_agent:_process_single_file:148 - OCR completado: 'doc.pdf' — 1 pág, 4 palabras, confianza 96.75%, 2 ms
2026-03-08 22:34:08.036 | INFO     | src.agents.ocr_agent:process_directory:72 - Procesamiento OCR finalizado — 1 archivo(s) procesados
2026-03-08 22:34:28.566 | INFO     | src.services.ocr_service:process_file:47 - Procesando archivo: doc.pdf
2026-03-08 22:34:28.571 | INFO     | src.services.ocr_service:process_file:47 - Procesando archivo: foto.jpg
2026-03-08 22:34:28.576 | INFO     | src.services.ocr_service:process_file:47 - Procesando archivo: foto.jpeg
2026-03-08 22:34:28.580 | INFO     | src.services.ocr_service:process_file:47 - Procesando archivo: foto.png
2026-03-08 22:34:28.590 | INFO     | src.services.ocr_service:process_file:47 - Procesando archivo: doc.PDF
2026-03-08 22:34:28.595 | INFO     | src.services.ocr_service:process_file:47 - Procesando archivo: largo.pdf
2026-03-08 22:34:28.600 | INFO     | src.services.ocr_service:process_file:47 - Procesando archivo: doc.pdf
2026-03-08 22:34:28.605 | INFO     | src.services.ocr_service:process_file:47 - Procesando archivo: doc.pdf
2026-03-08 22:34:28.610 | INFO     | src.services.ocr_service:process_file:47 - Procesando archivo: corrupto.pdf
2026-03-08 22:34:28.614 | INFO     | src.services.ocr_service:process_file:47 - Procesando archivo: doc.pdf
2026-03-08 22:34:28.619 | INFO     | src.agents.ocr_agent:process_directory:43 - Iniciando procesamiento OCR — 1 subcarpetas encontradas en /tmp/pytest-of-genghis/pytest-5/test_procesa_archivos_en_subca0
2026-03-08 22:34:28.620 | INFO     | src.agents.ocr_agent:process_directory:62 - Subcarpeta 'Maria_Elena_Garcia': 2 archivo(s) a procesar
2026-03-08 22:34:28.622 | INFO     | src.services.ocr_service:process_file:47 - Procesando archivo: notas_pregrado.jpg
2026-03-08 22:34:28.623 | INFO     | src.core.logger:audit_log:96 - [ocr] ocr_completado: ok
2026-03-08 22:34:28.624 | INFO     | src.agents.ocr_agent:_process_single_file:148 - OCR completado: 'notas_pregrado.jpg' — 1 pág, 4 palabras, confianza 96.75%, 2 ms
2026-03-08 22:34:28.625 | INFO     | src.services.ocr_service:process_file:47 - Procesando archivo: titulo_universitario.pdf
2026-03-08 22:34:28.627 | INFO     | src.core.logger:audit_log:96 - [ocr] ocr_completado: ok
2026-03-08 22:34:28.628 | INFO     | src.agents.ocr_agent:_process_single_file:148 - OCR completado: 'titulo_universitario.pdf' — 1 pág, 4 palabras, confianza 96.75%, 1 ms
2026-03-08 22:34:28.628 | INFO     | src.agents.ocr_agent:process_directory:72 - Procesamiento OCR finalizado — 2 archivo(s) procesados
2026-03-08 22:34:28.634 | WARNING  | src.agents.ocr_agent:process_directory:37 - El directorio de entrada no existe: /tmp/pytest-of-genghis/pytest-5/test_directorio_inexistente_re0/no_existe
2026-03-08 22:34:28.637 | INFO     | src.agents.ocr_agent:process_directory:43 - Iniciando procesamiento OCR — 0 subcarpetas encontradas en /tmp/pytest-of-genghis/pytest-5/test_directorio_vacio_retorna_0
2026-03-08 22:34:28.638 | INFO     | src.agents.ocr_agent:process_directory:72 - Procesamiento OCR finalizado — 0 archivo(s) procesados
2026-03-08 22:34:28.642 | INFO     | src.agents.ocr_agent:process_directory:43 - Iniciando procesamiento OCR — 1 subcarpetas encontradas en /tmp/pytest-of-genghis/pytest-5/test_subcarpeta_sin_archivos_p0
2026-03-08 22:34:28.643 | INFO     | src.agents.ocr_agent:process_directory:72 - Procesamiento OCR finalizado — 0 archivo(s) procesados
2026-03-08 22:34:28.649 | INFO     | src.agents.ocr_agent:process_directory:43 - Iniciando procesamiento OCR — 3 subcarpetas encontradas en /tmp/pytest-of-genghis/pytest-5/test_multiples_subcarpetas0
2026-03-08 22:34:28.650 | INFO     | src.agents.ocr_agent:process_directory:62 - Subcarpeta 'Docente_A': 1 archivo(s) a procesar
2026-03-08 22:34:28.652 | INFO     | src.services.ocr_service:process_file:47 - Procesando archivo: titulo.pdf
2026-03-08 22:34:28.654 | INFO     | src.core.logger:audit_log:96 - [ocr] ocr_completado: ok
2026-03-08 22:34:28.655 | INFO     | src.agents.ocr_agent:_process_single_file:148 - OCR completado: 'titulo.pdf' — 1 pág, 4 palabras, confianza 96.75%, 3 ms
2026-03-08 22:34:28.656 | INFO     | src.agents.ocr_agent:process_directory:62 - Subcarpeta 'Docente_B': 1 archivo(s) a procesar
2026-03-08 22:34:28.657 | INFO     | src.services.ocr_service:process_file:47 - Procesando archivo: cedula.jpg
2026-03-08 22:34:28.659 | INFO     | src.core.logger:audit_log:96 - [ocr] ocr_completado: ok
2026-03-08 22:34:28.660 | INFO     | src.agents.ocr_agent:_process_single_file:148 - OCR completado: 'cedula.jpg' — 1 pág, 4 palabras, confianza 96.75%, 2 ms
2026-03-08 22:34:28.663 | INFO     | src.agents.ocr_agent:process_directory:62 - Subcarpeta 'Docente_C': 1 archivo(s) a procesar
2026-03-08 22:34:28.664 | INFO     | src.services.ocr_service:process_file:47 - Procesando archivo: notas.png
2026-03-08 22:34:28.665 | INFO     | src.core.logger:audit_log:96 - [ocr] ocr_completado: ok
2026-03-08 22:34:28.666 | INFO     | src.agents.ocr_agent:_process_single_file:148 - OCR completado: 'notas.png' — 1 pág, 4 palabras, confianza 96.75%, 1 ms
2026-03-08 22:34:28.667 | INFO     | src.agents.ocr_agent:process_directory:72 - Procesamiento OCR finalizado — 3 archivo(s) procesados
2026-03-08 22:34:28.672 | INFO     | src.agents.ocr_agent:process_directory:43 - Iniciando procesamiento OCR — 1 subcarpetas encontradas en /tmp/pytest-of-genghis/pytest-5/test_metadatos_del_resultado0
2026-03-08 22:34:28.673 | INFO     | src.agents.ocr_agent:process_directory:62 - Subcarpeta 'Test_Docente': 1 archivo(s) a procesar
2026-03-08 22:34:28.674 | INFO     | src.services.ocr_service:process_file:47 - Procesando archivo: doc.pdf
2026-03-08 22:34:28.676 | INFO     | src.core.logger:audit_log:96 - [ocr] ocr_completado: ok
2026-03-08 22:34:28.677 | INFO     | src.agents.ocr_agent:_process_single_file:148 - OCR completado: 'doc.pdf' — 1 pág, 4 palabras, confianza 96.75%, 1 ms
2026-03-08 22:34:28.677 | INFO     | src.agents.ocr_agent:process_directory:72 - Procesamiento OCR finalizado — 1 archivo(s) procesados
2026-03-08 22:34:28.682 | INFO     | src.agents.ocr_agent:process_directory:43 - Iniciando procesamiento OCR — 1 subcarpetas encontradas en /tmp/pytest-of-genghis/pytest-5/test_hash_sha256_es_correcto0
2026-03-08 22:34:28.683 | INFO     | src.agents.ocr_agent:process_directory:62 - Subcarpeta 'Hash_Test': 1 archivo(s) a procesar
2026-03-08 22:34:28.684 | INFO     | src.services.ocr_service:process_file:47 - Procesando archivo: archivo.jpg
2026-03-08 22:34:28.686 | INFO     | src.core.logger:audit_log:96 - [ocr] ocr_completado: ok
2026-03-08 22:34:28.687 | INFO     | src.agents.ocr_agent:_process_single_file:148 - OCR completado: 'archivo.jpg' — 1 pág, 4 palabras, confianza 96.75%, 1 ms
2026-03-08 22:34:28.688 | INFO     | src.agents.ocr_agent:process_directory:72 - Procesamiento OCR finalizado — 1 archivo(s) procesados
2026-03-08 22:34:28.693 | INFO     | src.agents.ocr_agent:process_directory:43 - Iniciando procesamiento OCR — 1 subcarpetas encontradas en /tmp/pytest-of-genghis/pytest-5/test_formato_se_normaliza_a_mi0
2026-03-08 22:34:28.694 | INFO     | src.agents.ocr_agent:process_directory:62 - Subcarpeta 'Mayuscula': 1 archivo(s) a procesar
2026-03-08 22:34:28.695 | INFO     | src.services.ocr_service:process_file:47 - Procesando archivo: DOC.PDF
2026-03-08 22:34:28.697 | INFO     | src.core.logger:audit_log:96 - [ocr] ocr_completado: ok
2026-03-08 22:34:28.698 | INFO     | src.agents.ocr_agent:_process_single_file:148 - OCR completado: 'DOC.PDF' — 1 pág, 4 palabras, confianza 96.75%, 1 ms
2026-03-08 22:34:28.698 | INFO     | src.agents.ocr_agent:process_directory:72 - Procesamiento OCR finalizado — 1 archivo(s) procesados
2026-03-08 22:34:28.705 | INFO     | src.agents.ocr_agent:process_directory:43 - Iniciando procesamiento OCR — 1 subcarpetas encontradas en /tmp/pytest-of-genghis/pytest-5/test_fallo_ocr_continua_con_si0
2026-03-08 22:34:28.706 | INFO     | src.agents.ocr_agent:process_directory:62 - Subcarpeta 'Mixto': 2 archivo(s) a procesar
2026-03-08 22:34:28.708 | INFO     | src.services.ocr_service:process_file:47 - Procesando archivo: bueno.jpg
2026-03-08 22:34:28.709 | INFO     | src.core.logger:audit_log:96 - [ocr] ocr_completado: ok
2026-03-08 22:34:28.710 | INFO     | src.agents.ocr_agent:_process_single_file:148 - OCR completado: 'bueno.jpg' — 1 pág, 4 palabras, confianza 96.75%, 1 ms
2026-03-08 22:34:28.712 | ERROR    | src.agents.ocr_agent:_process_single_file:108 - Error al procesar 'malo.pdf': PDF corrupto
2026-03-08 22:34:28.713 | INFO     | src.core.logger:audit_log:96 - [ocr] ocr_fallido: error
2026-03-08 22:34:28.714 | INFO     | src.agents.ocr_agent:process_directory:72 - Procesamiento OCR finalizado — 2 archivo(s) procesados
2026-03-08 22:34:28.719 | INFO     | src.agents.ocr_agent:process_directory:43 - Iniciando procesamiento OCR — 1 subcarpetas encontradas en /tmp/pytest-of-genghis/pytest-5/test_fallo_ocr_registra_audit_0
2026-03-08 22:34:28.720 | INFO     | src.agents.ocr_agent:process_directory:62 - Subcarpeta 'Fallo': 1 archivo(s) a procesar
2026-03-08 22:34:28.721 | INFO     | src.services.ocr_service:process_file:47 - Procesando archivo: corrupto.pdf
2026-03-08 22:34:28.723 | ERROR    | src.agents.ocr_agent:_process_single_file:108 - Error al procesar 'corrupto.pdf': Error simulado de docTR
2026-03-08 22:34:28.723 | INFO     | src.agents.ocr_agent:process_directory:72 - Procesamiento OCR finalizado — 1 archivo(s) procesados
2026-03-08 22:34:28.728 | INFO     | src.agents.ocr_agent:process_directory:43 - Iniciando procesamiento OCR — 1 subcarpetas encontradas en /tmp/pytest-of-genghis/pytest-5/test_exito_ocr_registra_audit_0
2026-03-08 22:34:28.729 | INFO     | src.agents.ocr_agent:process_directory:62 - Subcarpeta 'Exito': 1 archivo(s) a procesar
2026-03-08 22:34:28.730 | INFO     | src.services.ocr_service:process_file:47 - Procesando archivo: doc.pdf
2026-03-08 22:34:28.731 | INFO     | src.agents.ocr_agent:_process_single_file:148 - OCR completado: 'doc.pdf' — 1 pág, 4 palabras, confianza 96.75%, 1 ms
2026-03-08 22:34:28.732 | INFO     | src.agents.ocr_agent:process_directory:72 - Procesamiento OCR finalizado — 1 archivo(s) procesados
2026-03-08 22:34:28.736 | INFO     | src.agents.ocr_agent:process_directory:43 - Iniciando procesamiento OCR — 0 subcarpetas encontradas en /tmp/pytest-of-genghis/pytest-5/test_ignora_archivos_en_raiz0
2026-03-08 22:34:28.737 | INFO     | src.agents.ocr_agent:process_directory:72 - Procesamiento OCR finalizado — 0 archivo(s) procesados
2026-03-08 22:34:28.741 | INFO     | src.agents.ocr_agent:process_directory:43 - Iniciando procesamiento OCR — 1 subcarpetas encontradas en /tmp/pytest-of-genghis/pytest-5/test_usa_config_input_dir_por_0
2026-03-08 22:34:28.742 | INFO     | src.agents.ocr_agent:process_directory:62 - Subcarpeta 'docente': 1 archivo(s) a procesar
2026-03-08 22:34:28.744 | INFO     | src.services.ocr_service:process_file:47 - Procesando archivo: doc.pdf
2026-03-08 22:34:28.745 | INFO     | src.core.logger:audit_log:96 - [ocr] ocr_completado: ok
2026-03-08 22:34:28.746 | INFO     | src.agents.ocr_agent:_process_single_file:148 - OCR completado: 'doc.pdf' — 1 pág, 4 palabras, confianza 96.75%, 2 ms
2026-03-08 22:34:28.747 | INFO     | src.agents.ocr_agent:process_directory:72 - Procesamiento OCR finalizado — 1 archivo(s) procesados
2026-03-08 22:34:50.366 | INFO     | src.services.ocr_service:process_file:47 - Procesando archivo: doc.pdf
2026-03-08 22:34:50.371 | INFO     | src.services.ocr_service:process_file:47 - Procesando archivo: foto.jpg
2026-03-08 22:34:50.376 | INFO     | src.services.ocr_service:process_file:47 - Procesando archivo: foto.jpeg
2026-03-08 22:34:50.380 | INFO     | src.services.ocr_service:process_file:47 - Procesando archivo: foto.png
2026-03-08 22:34:50.389 | INFO     | src.services.ocr_service:process_file:47 - Procesando archivo: doc.PDF
2026-03-08 22:34:50.394 | INFO     | src.services.ocr_service:process_file:47 - Procesando archivo: largo.pdf
2026-03-08 22:34:50.399 | INFO     | src.services.ocr_service:process_file:47 - Procesando archivo: doc.pdf
2026-03-08 22:34:50.405 | INFO     | src.services.ocr_service:process_file:47 - Procesando archivo: doc.pdf
2026-03-08 22:34:50.410 | INFO     | src.services.ocr_service:process_file:47 - Procesando archivo: corrupto.pdf
2026-03-08 22:34:50.415 | INFO     | src.services.ocr_service:process_file:47 - Procesando archivo: doc.pdf
2026-03-08 22:34:50.420 | INFO     | src.agents.ocr_agent:process_directory:43 - Iniciando procesamiento OCR — 1 subcarpetas encontradas en /tmp/pytest-of-genghis/pytest-6/test_procesa_archivos_en_subca0
2026-03-08 22:34:50.421 | INFO     | src.agents.ocr_agent:process_directory:62 - Subcarpeta 'Maria_Elena_Garcia': 2 archivo(s) a procesar
2026-03-08 22:34:50.423 | INFO     | src.services.ocr_service:process_file:47 - Procesando archivo: notas_pregrado.jpg
2026-03-08 22:34:50.424 | INFO     | src.core.logger:audit_log:96 - [ocr] ocr_completado: ok
2026-03-08 22:34:50.425 | INFO     | src.agents.ocr_agent:_process_single_file:148 - OCR completado: 'notas_pregrado.jpg' — 1 pág, 4 palabras, confianza 96.75%, 1 ms
2026-03-08 22:34:50.427 | INFO     | src.services.ocr_service:process_file:47 - Procesando archivo: titulo_universitario.pdf
2026-03-08 22:34:50.428 | INFO     | src.core.logger:audit_log:96 - [ocr] ocr_completado: ok
2026-03-08 22:34:50.429 | INFO     | src.agents.ocr_agent:_process_single_file:148 - OCR completado: 'titulo_universitario.pdf' — 1 pág, 4 palabras, confianza 96.75%, 2 ms
2026-03-08 22:34:50.430 | INFO     | src.agents.ocr_agent:process_directory:72 - Procesamiento OCR finalizado — 2 archivo(s) procesados
2026-03-08 22:34:50.436 | WARNING  | src.agents.ocr_agent:process_directory:37 - El directorio de entrada no existe: /tmp/pytest-of-genghis/pytest-6/test_directorio_inexistente_re0/no_existe
2026-03-08 22:34:50.440 | INFO     | src.agents.ocr_agent:process_directory:43 - Iniciando procesamiento OCR — 0 subcarpetas encontradas en /tmp/pytest-of-genghis/pytest-6/test_directorio_vacio_retorna_0
2026-03-08 22:34:50.440 | INFO     | src.agents.ocr_agent:process_directory:72 - Procesamiento OCR finalizado — 0 archivo(s) procesados
2026-03-08 22:34:50.445 | INFO     | src.agents.ocr_agent:process_directory:43 - Iniciando procesamiento OCR — 1 subcarpetas encontradas en /tmp/pytest-of-genghis/pytest-6/test_subcarpeta_sin_archivos_p0
2026-03-08 22:34:50.446 | INFO     | src.agents.ocr_agent:process_directory:72 - Procesamiento OCR finalizado — 0 archivo(s) procesados
2026-03-08 22:34:50.451 | INFO     | src.agents.ocr_agent:process_directory:43 - Iniciando procesamiento OCR — 3 subcarpetas encontradas en /tmp/pytest-of-genghis/pytest-6/test_multiples_subcarpetas0
2026-03-08 22:34:50.453 | INFO     | src.agents.ocr_agent:process_directory:62 - Subcarpeta 'Docente_A': 1 archivo(s) a procesar
2026-03-08 22:34:50.454 | INFO     | src.services.ocr_service:process_file:47 - Procesando archivo: titulo.pdf
2026-03-08 22:34:50.455 | INFO     | src.core.logger:audit_log:96 - [ocr] ocr_completado: ok
2026-03-08 22:34:50.456 | INFO     | src.agents.ocr_agent:_process_single_file:148 - OCR completado: 'titulo.pdf' — 1 pág, 4 palabras, confianza 96.75%, 1 ms
2026-03-08 22:34:50.458 | INFO     | src.agents.ocr_agent:process_directory:62 - Subcarpeta 'Docente_B': 1 archivo(s) a procesar
2026-03-08 22:34:50.460 | INFO     | src.services.ocr_service:process_file:47 - Procesando archivo: cedula.jpg
2026-03-08 22:34:50.461 | INFO     | src.core.logger:audit_log:96 - [ocr] ocr_completado: ok
2026-03-08 22:34:50.462 | INFO     | src.agents.ocr_agent:_process_single_file:148 - OCR completado: 'cedula.jpg' — 1 pág, 4 palabras, confianza 96.75%, 1 ms
2026-03-08 22:34:50.464 | INFO     | src.agents.ocr_agent:process_directory:62 - Subcarpeta 'Docente_C': 1 archivo(s) a procesar
2026-03-08 22:34:50.465 | INFO     | src.services.ocr_service:process_file:47 - Procesando archivo: notas.png
2026-03-08 22:34:50.466 | INFO     | src.core.logger:audit_log:96 - [ocr] ocr_completado: ok
2026-03-08 22:34:50.467 | INFO     | src.agents.ocr_agent:_process_single_file:148 - OCR completado: 'notas.png' — 1 pág, 4 palabras, confianza 96.75%, 1 ms
2026-03-08 22:34:50.468 | INFO     | src.agents.ocr_agent:process_directory:72 - Procesamiento OCR finalizado — 3 archivo(s) procesados
2026-03-08 22:34:50.473 | INFO     | src.agents.ocr_agent:process_directory:43 - Iniciando procesamiento OCR — 1 subcarpetas encontradas en /tmp/pytest-of-genghis/pytest-6/test_metadatos_del_resultado0
2026-03-08 22:34:50.475 | INFO     | src.agents.ocr_agent:process_directory:62 - Subcarpeta 'Test_Docente': 1 archivo(s) a procesar
2026-03-08 22:34:50.476 | INFO     | src.services.ocr_service:process_file:47 - Procesando archivo: doc.pdf
2026-03-08 22:34:50.478 | INFO     | src.core.logger:audit_log:96 - [ocr] ocr_completado: ok
2026-03-08 22:34:50.479 | INFO     | src.agents.ocr_agent:_process_single_file:148 - OCR completado: 'doc.pdf' — 1 pág, 4 palabras, confianza 96.75%, 1 ms
2026-03-08 22:34:50.479 | INFO     | src.agents.ocr_agent:process_directory:72 - Procesamiento OCR finalizado — 1 archivo(s) procesados
2026-03-08 22:34:50.485 | INFO     | src.agents.ocr_agent:process_directory:43 - Iniciando procesamiento OCR — 1 subcarpetas encontradas en /tmp/pytest-of-genghis/pytest-6/test_hash_sha256_es_correcto0
2026-03-08 22:34:50.486 | INFO     | src.agents.ocr_agent:process_directory:62 - Subcarpeta 'Hash_Test': 1 archivo(s) a procesar
2026-03-08 22:34:50.487 | INFO     | src.services.ocr_service:process_file:47 - Procesando archivo: archivo.jpg
2026-03-08 22:34:50.489 | INFO     | src.core.logger:audit_log:96 - [ocr] ocr_completado: ok
2026-03-08 22:34:50.490 | INFO     | src.agents.ocr_agent:_process_single_file:148 - OCR completado: 'archivo.jpg' — 1 pág, 4 palabras, confianza 96.75%, 1 ms
2026-03-08 22:34:50.490 | INFO     | src.agents.ocr_agent:process_directory:72 - Procesamiento OCR finalizado — 1 archivo(s) procesados
2026-03-08 22:34:50.496 | INFO     | src.agents.ocr_agent:process_directory:43 - Iniciando procesamiento OCR — 1 subcarpetas encontradas en /tmp/pytest-of-genghis/pytest-6/test_formato_se_normaliza_a_mi0
2026-03-08 22:34:50.497 | INFO     | src.agents.ocr_agent:process_directory:62 - Subcarpeta 'Mayuscula': 1 archivo(s) a procesar
2026-03-08 22:34:50.498 | INFO     | src.services.ocr_service:process_file:47 - Procesando archivo: DOC.PDF
2026-03-08 22:34:50.500 | INFO     | src.core.logger:audit_log:96 - [ocr] ocr_completado: ok
2026-03-08 22:34:50.501 | INFO     | src.agents.ocr_agent:_process_single_file:148 - OCR completado: 'DOC.PDF' — 1 pág, 4 palabras, confianza 96.75%, 1 ms
2026-03-08 22:34:50.501 | INFO     | src.agents.ocr_agent:process_directory:72 - Procesamiento OCR finalizado — 1 archivo(s) procesados
2026-03-08 22:34:50.506 | INFO     | src.agents.ocr_agent:process_directory:43 - Iniciando procesamiento OCR — 1 subcarpetas encontradas en /tmp/pytest-of-genghis/pytest-6/test_fallo_ocr_continua_con_si0
2026-03-08 22:34:50.508 | INFO     | src.agents.ocr_agent:process_directory:62 - Subcarpeta 'Mixto': 2 archivo(s) a procesar
2026-03-08 22:34:50.509 | INFO     | src.services.ocr_service:process_file:47 - Procesando archivo: bueno.jpg
2026-03-08 22:34:50.510 | INFO     | src.core.logger:audit_log:96 - [ocr] ocr_completado: ok
2026-03-08 22:34:50.511 | INFO     | src.agents.ocr_agent:_process_single_file:148 - OCR completado: 'bueno.jpg' — 1 pág, 4 palabras, confianza 96.75%, 1 ms
2026-03-08 22:34:50.513 | ERROR    | src.agents.ocr_agent:_process_single_file:108 - Error al procesar 'malo.pdf': PDF corrupto
2026-03-08 22:34:50.514 | INFO     | src.core.logger:audit_log:96 - [ocr] ocr_fallido: error
2026-03-08 22:34:50.515 | INFO     | src.agents.ocr_agent:process_directory:72 - Procesamiento OCR finalizado — 2 archivo(s) procesados
2026-03-08 22:34:50.521 | INFO     | src.agents.ocr_agent:process_directory:43 - Iniciando procesamiento OCR — 1 subcarpetas encontradas en /tmp/pytest-of-genghis/pytest-6/test_fallo_ocr_registra_audit_0
2026-03-08 22:34:50.522 | INFO     | src.agents.ocr_agent:process_directory:62 - Subcarpeta 'Fallo': 1 archivo(s) a procesar
2026-03-08 22:34:50.524 | INFO     | src.services.ocr_service:process_file:47 - Procesando archivo: corrupto.pdf
2026-03-08 22:34:50.525 | ERROR    | src.agents.ocr_agent:_process_single_file:108 - Error al procesar 'corrupto.pdf': Error simulado de docTR
2026-03-08 22:34:50.526 | INFO     | src.agents.ocr_agent:process_directory:72 - Procesamiento OCR finalizado — 1 archivo(s) procesados
2026-03-08 22:34:50.531 | INFO     | src.agents.ocr_agent:process_directory:43 - Iniciando procesamiento OCR — 1 subcarpetas encontradas en /tmp/pytest-of-genghis/pytest-6/test_exito_ocr_registra_audit_0
2026-03-08 22:34:50.533 | INFO     | src.agents.ocr_agent:process_directory:62 - Subcarpeta 'Exito': 1 archivo(s) a procesar
2026-03-08 22:34:50.534 | INFO     | src.services.ocr_service:process_file:47 - Procesando archivo: doc.pdf
2026-03-08 22:34:50.535 | INFO     | src.agents.ocr_agent:_process_single_file:148 - OCR completado: 'doc.pdf' — 1 pág, 4 palabras, confianza 96.75%, 1 ms
2026-03-08 22:34:50.536 | INFO     | src.agents.ocr_agent:process_directory:72 - Procesamiento OCR finalizado — 1 archivo(s) procesados
2026-03-08 22:34:50.541 | INFO     | src.agents.ocr_agent:process_directory:43 - Iniciando procesamiento OCR — 0 subcarpetas encontradas en /tmp/pytest-of-genghis/pytest-6/test_ignora_archivos_en_raiz0
2026-03-08 22:34:50.542 | INFO     | src.agents.ocr_agent:process_directory:72 - Procesamiento OCR finalizado — 0 archivo(s) procesados
2026-03-08 22:34:50.546 | INFO     | src.agents.ocr_agent:process_directory:43 - Iniciando procesamiento OCR — 1 subcarpetas encontradas en /tmp/pytest-of-genghis/pytest-6/test_usa_config_input_dir_por_0
2026-03-08 22:34:50.548 | INFO     | src.agents.ocr_agent:process_directory:62 - Subcarpeta 'docente': 1 archivo(s) a procesar
2026-03-08 22:34:50.549 | INFO     | src.services.ocr_service:process_file:47 - Procesando archivo: doc.pdf
2026-03-08 22:34:50.550 | INFO     | src.core.logger:audit_log:96 - [ocr] ocr_completado: ok
2026-03-08 22:34:50.551 | INFO     | src.agents.ocr_agent:_process_single_file:148 - OCR completado: 'doc.pdf' — 1 pág, 4 palabras, confianza 96.75%, 1 ms
2026-03-08 22:34:50.552 | INFO     | src.agents.ocr_agent:process_directory:72 - Procesamiento OCR finalizado — 1 archivo(s) procesados
2026-03-08 22:34:50.581 | INFO     | src.agents.watcher_agent:_process_email:233 -  Iniciando procesamiento para UID 10552
2026-03-08 22:34:50.585 | INFO     | src.agents.watcher_agent:_process_email:257 - UID=10552 Subject='Expediente Docente - Juan Pérez'
2026-03-08 22:34:50.590 | INFO     | src.agents.watcher_agent:_process_email:294 - Nombre extraído para UID 10552: Juan Pérez
2026-03-08 22:34:50.591 | INFO     | src.agents.watcher_agent:_process_email:297 - Carpeta destino para UID 10552: /tmp/pytest-of-genghis/pytest-6/test_expediente_estandar_crea_0/Juan_Perez
2026-03-08 22:34:50.592 | INFO     | src.agents.watcher_agent:_process_email:301 - Cuerpo guardado en info_mail_Juan_Perez.txt
2026-03-08 22:34:50.595 | INFO     | src.agents.watcher_agent:_process_email:312 - Adjuntos guardados para UID 10552: 2 archivo(s)
2026-03-08 22:34:50.596 | SUCCESS  | src.agents.watcher_agent:_process_email:323 - Procesado UID 10552: 2 adjunto(s) guardado(s) en /tmp/pytest-of-genghis/pytest-6/test_expediente_estandar_crea_0/Juan_Perez
2026-03-08 22:34:50.605 | INFO     | src.agents.watcher_agent:_process_email:233 -  Iniciando procesamiento para UID 20001
2026-03-08 22:34:50.608 | INFO     | src.agents.watcher_agent:_process_email:257 - UID=20001 Subject='Expediente Docente'
2026-03-08 22:34:50.612 | INFO     | src.agents.watcher_agent:_process_email:294 - Nombre extraído para UID 20001: None
2026-03-08 22:34:50.613 | INFO     | src.agents.watcher_agent:_process_email:297 - Carpeta destino para UID 20001: /tmp/pytest-of-genghis/pytest-6/test_expediente_sin_nombre_usa0/Expediente_SinNombre_UID20001
2026-03-08 22:34:50.615 | INFO     | src.agents.watcher_agent:_process_email:301 - Cuerpo guardado en info_mail_UID20001.txt
2026-03-08 22:34:50.616 | INFO     | src.agents.watcher_agent:_process_email:312 - Adjuntos guardados para UID 20001: 1 archivo(s)
2026-03-08 22:34:50.617 | SUCCESS  | src.agents.watcher_agent:_process_email:323 - Procesado UID 20001: 1 adjunto(s) guardado(s) en /tmp/pytest-of-genghis/pytest-6/test_expediente_sin_nombre_usa0/Expediente_SinNombre_UID20001
2026-03-08 22:34:50.623 | INFO     | src.agents.watcher_agent:_process_email:233 -  Iniciando procesamiento para UID 99999
2026-03-08 22:34:50.623 | INFO     | src.agents.watcher_agent:_process_email:236 - UID 99999 ya procesado previamente, se omite
2026-03-08 22:34:50.640 | INFO     | src.agents.watcher_agent:_process_email:233 -  Iniciando procesamiento para UID 30001
2026-03-08 22:34:50.646 | INFO     | src.agents.watcher_agent:_process_email:257 - UID=30001 Subject='Expediente Docente - Juan Pérez'
2026-03-08 22:34:50.651 | INFO     | src.agents.watcher_agent:_process_email:294 - Nombre extraído para UID 30001: Juan Pérez
2026-03-08 22:34:50.652 | INFO     | src.agents.watcher_agent:_process_email:297 - Carpeta destino para UID 30001: /tmp/pytest-of-genghis/pytest-6/test_adjuntos_con_extension_no0/Juan_Perez
2026-03-08 22:34:50.653 | INFO     | src.agents.watcher_agent:_process_email:301 - Cuerpo guardado en info_mail_Juan_Perez.txt
2026-03-08 22:34:50.656 | INFO     | src.agents.watcher_agent:_process_email:312 - Adjuntos guardados para UID 30001: 1 archivo(s)
2026-03-08 22:34:50.657 | SUCCESS  | src.agents.watcher_agent:_process_email:323 - Procesado UID 30001: 1 adjunto(s) guardado(s) en /tmp/pytest-of-genghis/pytest-6/test_adjuntos_con_extension_no0/Juan_Perez
2026-03-08 22:34:50.663 | INFO     | src.agents.watcher_agent:_process_email:233 -  Iniciando procesamiento para UID 40001
2026-03-08 22:34:50.665 | INFO     | src.agents.watcher_agent:_process_email:257 - UID=40001 Subject='Consulta administrativa - Maria Lopez'
2026-03-08 22:34:50.666 | INFO     | src.agents.watcher_agent:_process_email:276 - UID 40001 descartado: ni el asunto ni el cuerpo contienen las palabras clave configuradas
2026-03-08 22:34:50.675 | INFO     | src.agents.watcher_agent:_process_email:233 -  Iniciando procesamiento para UID 40002
2026-03-08 22:34:50.679 | INFO     | src.agents.watcher_agent:_process_email:257 - UID=40002 Subject='Documentos adjuntos - Carlos Ruiz'
2026-03-08 22:34:50.682 | INFO     | src.agents.watcher_agent:_process_email:294 - Nombre extraído para UID 40002: Carlos Ruiz
2026-03-08 22:34:50.683 | INFO     | src.agents.watcher_agent:_process_email:297 - Carpeta destino para UID 40002: /tmp/pytest-of-genghis/pytest-6/test_correo_con_keyword_solo_e0/Carlos_Ruiz
2026-03-08 22:34:50.684 | INFO     | src.agents.watcher_agent:_process_email:301 - Cuerpo guardado en info_mail_Carlos_Ruiz.txt
2026-03-08 22:34:50.687 | INFO     | src.agents.watcher_agent:_process_email:312 - Adjuntos guardados para UID 40002: 1 archivo(s)
2026-03-08 22:34:50.688 | SUCCESS  | src.agents.watcher_agent:_process_email:323 - Procesado UID 40002: 1 adjunto(s) guardado(s) en /tmp/pytest-of-genghis/pytest-6/test_correo_con_keyword_solo_e0/Carlos_Ruiz
2026-03-08 22:34:50.694 | INFO     | src.agents.watcher_agent:_process_email:233 -  Iniciando procesamiento para UID 50001
2026-03-08 22:34:50.699 | INFO     | src.agents.watcher_agent:_process_email:257 - UID=50001 Subject='Expediente Docente - Ana Torres'
2026-03-08 22:34:50.702 | INFO     | src.agents.watcher_agent:_process_email:294 - Nombre extraído para UID 50001: Ana Torres
2026-03-08 22:34:50.703 | INFO     | src.agents.watcher_agent:_process_email:297 - Carpeta destino para UID 50001: /tmp/pytest-of-genghis/pytest-6/test_correo_con_keyword_solo_e1/Ana_Torres
2026-03-08 22:34:50.705 | INFO     | src.agents.watcher_agent:_process_email:301 - Cuerpo guardado en info_mail_Ana_Torres.txt
2026-03-08 22:34:50.707 | INFO     | src.agents.watcher_agent:_process_email:312 - Adjuntos guardados para UID 50001: 1 archivo(s)
2026-03-08 22:34:50.708 | SUCCESS  | src.agents.watcher_agent:_process_email:323 - Procesado UID 50001: 1 adjunto(s) guardado(s) en /tmp/pytest-of-genghis/pytest-6/test_correo_con_keyword_solo_e1/Ana_Torres
2026-03-08 22:34:50.713 | INFO     | src.agents.watcher_agent:_process_email:233 -  Iniciando procesamiento para UID 60001
2026-03-08 22:34:50.714 | INFO     | src.agents.watcher_agent:_process_email:257 - UID=60001 Subject='Expediente Docente - Pedro García'
2026-03-08 22:34:50.716 | INFO     | src.agents.watcher_agent:_process_email:285 - UID 60001 descartado: no contiene adjuntos en formato PDF o JPG requeridos
2026-03-08 22:34:50.725 | INFO     | src.agents.watcher_agent:_process_email:233 -  Iniciando procesamiento para UID 60002
2026-03-08 22:34:50.730 | INFO     | src.agents.watcher_agent:_process_email:257 - UID=60002 Subject='Expediente Docente - Pedro García'
2026-03-08 22:34:50.734 | INFO     | src.agents.watcher_agent:_process_email:285 - UID 60002 descartado: no contiene adjuntos en formato PDF o JPG requeridos
2026-03-08 22:34:50.744 | INFO     | src.agents.watcher_agent:_process_email:233 -  Iniciando procesamiento para UID 60003
2026-03-08 22:34:50.748 | INFO     | src.agents.watcher_agent:_process_email:257 - UID=60003 Subject='Expediente Docente - María López'
2026-03-08 22:34:50.752 | INFO     | src.agents.watcher_agent:_process_email:294 - Nombre extraído para UID 60003: María López
2026-03-08 22:34:50.753 | INFO     | src.agents.watcher_agent:_process_email:297 - Carpeta destino para UID 60003: /tmp/pytest-of-genghis/pytest-6/test_correo_con_adjunto_pdf_se0/Maria_Lopez
2026-03-08 22:34:50.755 | INFO     | src.agents.watcher_agent:_process_email:301 - Cuerpo guardado en info_mail_Maria_Lopez.txt
2026-03-08 22:34:50.757 | INFO     | src.agents.watcher_agent:_process_email:312 - Adjuntos guardados para UID 60003: 1 archivo(s)
2026-03-08 22:34:50.758 | SUCCESS  | src.agents.watcher_agent:_process_email:323 - Procesado UID 60003: 1 adjunto(s) guardado(s) en /tmp/pytest-of-genghis/pytest-6/test_correo_con_adjunto_pdf_se0/Maria_Lopez
2026-03-08 22:34:50.767 | INFO     | src.agents.watcher_agent:_process_email:233 -  Iniciando procesamiento para UID 60004
2026-03-08 22:34:50.771 | INFO     | src.agents.watcher_agent:_process_email:257 - UID=60004 Subject='Expediente Docente - María López'
2026-03-08 22:34:50.774 | INFO     | src.agents.watcher_agent:_process_email:294 - Nombre extraído para UID 60004: María López
2026-03-08 22:34:50.776 | INFO     | src.agents.watcher_agent:_process_email:297 - Carpeta destino para UID 60004: /tmp/pytest-of-genghis/pytest-6/test_correo_con_adjunto_jpg_se0/Maria_Lopez
2026-03-08 22:34:50.777 | INFO     | src.agents.watcher_agent:_process_email:301 - Cuerpo guardado en info_mail_Maria_Lopez.txt
2026-03-08 22:34:50.779 | INFO     | src.agents.watcher_agent:_process_email:312 - Adjuntos guardados para UID 60004: 1 archivo(s)
2026-03-08 22:34:50.780 | SUCCESS  | src.agents.watcher_agent:_process_email:323 - Procesado UID 60004: 1 adjunto(s) guardado(s) en /tmp/pytest-of-genghis/pytest-6/test_correo_con_adjunto_jpg_se0/Maria_Lopez
2026-03-08 22:34:50.784 | WARNING  | src.agents.watcher_agent:_load_state:485 - El archivo de UIDs está corrupto, se reiniciará
2026-03-08 22:34:50.790 | INFO     | src.agents.watcher_agent:_process_email:233 -  Iniciando procesamiento para UID 10001
2026-03-08 22:34:50.795 | INFO     | src.agents.watcher_agent:_process_email:257 - UID=10001 Subject='Expediente Docente - Juan Pérez'
2026-03-08 22:34:50.798 | INFO     | src.agents.watcher_agent:_process_email:294 - Nombre extraído para UID 10001: Juan Pérez
2026-03-08 22:34:50.799 | INFO     | src.agents.watcher_agent:_process_email:297 - Carpeta destino para UID 10001: /tmp/pytest-of-genghis/pytest-6/test_correo_reenviado_con_mism0/Juan_Perez
2026-03-08 22:34:50.801 | INFO     | src.agents.watcher_agent:_process_email:301 - Cuerpo guardado en info_mail_Juan_Perez.txt
2026-03-08 22:34:50.803 | INFO     | src.agents.watcher_agent:_process_email:312 - Adjuntos guardados para UID 10001: 1 archivo(s)
2026-03-08 22:34:50.804 | SUCCESS  | src.agents.watcher_agent:_process_email:323 - Procesado UID 10001: 1 adjunto(s) guardado(s) en /tmp/pytest-of-genghis/pytest-6/test_correo_reenviado_con_mism0/Juan_Perez
2026-03-08 22:34:50.805 | INFO     | src.agents.watcher_agent:_process_email:233 -  Iniciando procesamiento para UID 10002
2026-03-08 22:34:50.808 | INFO     | src.agents.watcher_agent:_process_email:257 - UID=10002 Subject='Expediente Docente - Juan Pérez'
2026-03-08 22:34:50.811 | INFO     | src.agents.watcher_agent:_process_email:263 - UID 10002 es un duplicado por contenido (fingerprint=c5be1304f5ba…), se omite
2026-03-08 22:34:50.822 | INFO     | src.agents.watcher_agent:_process_email:233 -  Iniciando procesamiento para UID 30001
2026-03-08 22:34:50.826 | INFO     | src.agents.watcher_agent:_process_email:257 - UID=30001 Subject='Expediente Docente - Juan Pérez'
2026-03-08 22:34:50.829 | INFO     | src.agents.watcher_agent:_process_email:294 - Nombre extraído para UID 30001: Juan Pérez
2026-03-08 22:34:50.830 | INFO     | src.agents.watcher_agent:_process_email:297 - Carpeta destino para UID 30001: /tmp/pytest-of-genghis/pytest-6/test_mismo_contenido_distinto_0/Juan_Perez
2026-03-08 22:34:50.831 | INFO     | src.agents.watcher_agent:_process_email:301 - Cuerpo guardado en info_mail_Juan_Perez.txt
2026-03-08 22:34:50.833 | INFO     | src.agents.watcher_agent:_process_email:312 - Adjuntos guardados para UID 30001: 1 archivo(s)
2026-03-08 22:34:50.834 | SUCCESS  | src.agents.watcher_agent:_process_email:323 - Procesado UID 30001: 1 adjunto(s) guardado(s) en /tmp/pytest-of-genghis/pytest-6/test_mismo_contenido_distinto_0/Juan_Perez
2026-03-08 22:34:50.835 | INFO     | src.agents.watcher_agent:_process_email:233 -  Iniciando procesamiento para UID 30002
2026-03-08 22:34:50.838 | INFO     | src.agents.watcher_agent:_process_email:257 - UID=30002 Subject='Expediente Docente - Juan Pérez'
2026-03-08 22:34:50.842 | INFO     | src.agents.watcher_agent:_process_email:294 - Nombre extraído para UID 30002: Juan Pérez
2026-03-08 22:34:50.843 | INFO     | src.agents.watcher_agent:_process_email:297 - Carpeta destino para UID 30002: /tmp/pytest-of-genghis/pytest-6/test_mismo_contenido_distinto_0/Juan_Perez
2026-03-08 22:34:50.844 | INFO     | src.agents.watcher_agent:_process_email:301 - Cuerpo guardado en info_mail_Juan_Perez.txt
2026-03-08 22:34:50.846 | INFO     | src.agents.watcher_agent:_process_email:312 - Adjuntos guardados para UID 30002: 1 archivo(s)
2026-03-08 22:34:50.848 | SUCCESS  | src.agents.watcher_agent:_process_email:323 - Procesado UID 30002: 1 adjunto(s) guardado(s) en /tmp/pytest-of-genghis/pytest-6/test_mismo_contenido_distinto_0/Juan_Perez
2026-03-08 22:34:50.855 | INFO     | src.agents.watcher_agent:_process_email:233 -  Iniciando procesamiento para UID 20001
2026-03-08 22:34:50.858 | INFO     | src.agents.watcher_agent:_process_email:257 - UID=20001 Subject='Expediente Docente - Ana Torres'
2026-03-08 22:34:50.862 | INFO     | src.agents.watcher_agent:_process_email:294 - Nombre extraído para UID 20001: Ana Torres
2026-03-08 22:34:50.863 | INFO     | src.agents.watcher_agent:_process_email:297 - Carpeta destino para UID 20001: /tmp/pytest-of-genghis/pytest-6/test_fingerprint_se_persiste_e0/Ana_Torres
2026-03-08 22:34:50.864 | INFO     | src.agents.watcher_agent:_process_email:301 - Cuerpo guardado en info_mail_Ana_Torres.txt
2026-03-08 22:34:50.866 | INFO     | src.agents.watcher_agent:_process_email:312 - Adjuntos guardados para UID 20001: 1 archivo(s)
2026-03-08 22:34:50.867 | SUCCESS  | src.agents.watcher_agent:_process_email:323 - Procesado UID 20001: 1 adjunto(s) guardado(s) en /tmp/pytest-of-genghis/pytest-6/test_fingerprint_se_persiste_e0/Ana_Torres
2026-03-08 22:34:50.889 | INFO     | src.agents.watcher_agent:_process_email:233 -  Iniciando procesamiento para UID 70001
2026-03-08 22:34:50.893 | INFO     | src.agents.watcher_agent:_process_email:257 - UID=70001 Subject='CV - Juan Pérez'
2026-03-08 22:34:50.897 | INFO     | src.agents.watcher_agent:_process_email:294 - Nombre extraído para UID 70001: Juan Pérez
2026-03-08 22:34:50.898 | INFO     | src.agents.watcher_agent:_process_email:297 - Carpeta destino para UID 70001: /tmp/pytest-of-genghis/pytest-6/test_keyword_corta_en_asunto_m0/Juan_Perez
2026-03-08 22:34:50.899 | INFO     | src.agents.watcher_agent:_process_email:301 - Cuerpo guardado en info_mail_Juan_Perez.txt
2026-03-08 22:34:50.901 | INFO     | src.agents.watcher_agent:_process_email:312 - Adjuntos guardados para UID 70001: 1 archivo(s)
2026-03-08 22:34:50.902 | SUCCESS  | src.agents.watcher_agent:_process_email:323 - Procesado UID 70001: 1 adjunto(s) guardado(s) en /tmp/pytest-of-genghis/pytest-6/test_keyword_corta_en_asunto_m0/Juan_Perez
2026-03-08 22:34:50.910 | INFO     | src.agents.watcher_agent:_process_email:233 -  Iniciando procesamiento para UID 70002
2026-03-08 22:34:50.913 | INFO     | src.agents.watcher_agent:_process_email:257 - UID=70002 Subject='Fwd: Expediente Docente - Juan Pérez'
2026-03-08 22:34:50.917 | INFO     | src.agents.watcher_agent:_process_email:294 - Nombre extraído para UID 70002: Juan Pérez
2026-03-08 22:34:50.918 | INFO     | src.agents.watcher_agent:_process_email:297 - Carpeta destino para UID 70002: /tmp/pytest-of-genghis/pytest-6/test_correo_con_prefijo_fwd_se0/Juan_Perez
2026-03-08 22:34:50.920 | INFO     | src.agents.watcher_agent:_process_email:301 - Cuerpo guardado en info_mail_Juan_Perez.txt
2026-03-08 22:34:50.921 | INFO     | src.agents.watcher_agent:_process_email:312 - Adjuntos guardados para UID 70002: 1 archivo(s)
2026-03-08 22:34:50.923 | SUCCESS  | src.agents.watcher_agent:_process_email:323 - Procesado UID 70002: 1 adjunto(s) guardado(s) en /tmp/pytest-of-genghis/pytest-6/test_correo_con_prefijo_fwd_se0/Juan_Perez
2026-03-08 22:34:50.929 | INFO     | src.agents.watcher_agent:_process_email:233 -  Iniciando procesamiento para UID 70003
2026-03-08 22:34:50.933 | INFO     | src.agents.watcher_agent:_process_email:257 - UID=70003 Subject='Re: Expediente Docente - Ana Torres'
2026-03-08 22:34:50.936 | INFO     | src.agents.watcher_agent:_process_email:294 - Nombre extraído para UID 70003: Ana Torres
2026-03-08 22:34:50.937 | INFO     | src.agents.watcher_agent:_process_email:297 - Carpeta destino para UID 70003: /tmp/pytest-of-genghis/pytest-6/test_correo_con_prefijo_re_se_0/Ana_Torres
2026-03-08 22:34:50.938 | INFO     | src.agents.watcher_agent:_process_email:301 - Cuerpo guardado en info_mail_Ana_Torres.txt
2026-03-08 22:34:50.940 | INFO     | src.agents.watcher_agent:_process_email:312 - Adjuntos guardados para UID 70003: 1 archivo(s)
2026-03-08 22:34:50.941 | SUCCESS  | src.agents.watcher_agent:_process_email:323 - Procesado UID 70003: 1 adjunto(s) guardado(s) en /tmp/pytest-of-genghis/pytest-6/test_correo_con_prefijo_re_se_0/Ana_Torres
2026-03-08 22:34:50.949 | INFO     | src.agents.watcher_agent:_process_email:233 -  Iniciando procesamiento para UID 70004
2026-03-08 22:34:50.953 | INFO     | src.agents.watcher_agent:_process_email:257 - UID=70004 Subject='Fwd: Re: Fwd: Expediente Docente - Carlos Ruiz'
2026-03-08 22:34:50.956 | INFO     | src.agents.watcher_agent:_process_email:294 - Nombre extraído para UID 70004: Carlos Ruiz
2026-03-08 22:34:50.957 | INFO     | src.agents.watcher_agent:_process_email:297 - Carpeta destino para UID 70004: /tmp/pytest-of-genghis/pytest-6/test_correo_con_multiples_pref0/Carlos_Ruiz
2026-03-08 22:34:50.959 | INFO     | src.agents.watcher_agent:_process_email:301 - Cuerpo guardado en info_mail_Carlos_Ruiz.txt
2026-03-08 22:34:50.961 | INFO     | src.agents.watcher_agent:_process_email:312 - Adjuntos guardados para UID 70004: 1 archivo(s)
2026-03-08 22:34:50.962 | SUCCESS  | src.agents.watcher_agent:_process_email:323 - Procesado UID 70004: 1 adjunto(s) guardado(s) en /tmp/pytest-of-genghis/pytest-6/test_correo_con_multiples_pref0/Carlos_Ruiz
2026-03-08 22:34:50.969 | INFO     | src.agents.watcher_agent:_process_email:233 -  Iniciando procesamiento para UID 70005
2026-03-08 22:34:50.972 | INFO     | src.agents.watcher_agent:_process_email:257 - UID=70005 Subject='Expediente Docente - Juan Pérez'
2026-03-08 22:34:50.976 | INFO     | src.agents.watcher_agent:_process_email:294 - Nombre extraído para UID 70005: Juan Pérez
2026-03-08 22:34:50.977 | INFO     | src.agents.watcher_agent:_process_email:297 - Carpeta destino para UID 70005: /tmp/pytest-of-genghis/pytest-6/test_adjunto_jpeg_se_acepta0/Juan_Perez
2026-03-08 22:34:50.978 | INFO     | src.agents.watcher_agent:_process_email:301 - Cuerpo guardado en info_mail_Juan_Perez.txt
2026-03-08 22:34:50.980 | INFO     | src.agents.watcher_agent:_process_email:312 - Adjuntos guardados para UID 70005: 1 archivo(s)
2026-03-08 22:34:50.981 | SUCCESS  | src.agents.watcher_agent:_process_email:323 - Procesado UID 70005: 1 adjunto(s) guardado(s) en /tmp/pytest-of-genghis/pytest-6/test_adjunto_jpeg_se_acepta0/Juan_Perez
2026-03-08 22:34:50.989 | INFO     | src.agents.watcher_agent:_process_email:233 -  Iniciando procesamiento para UID 70006
2026-03-08 22:34:50.993 | INFO     | src.agents.watcher_agent:_process_email:257 - UID=70006 Subject='Expediente Docente - Juan Pérez'
2026-03-08 22:34:50.998 | INFO     | src.agents.watcher_agent:_process_email:294 - Nombre extraído para UID 70006: Juan Pérez
2026-03-08 22:34:50.999 | INFO     | src.agents.watcher_agent:_process_email:297 - Carpeta destino para UID 70006: /tmp/pytest-of-genghis/pytest-6/test_adjunto_con_extension_may0/Juan_Perez
2026-03-08 22:34:51.001 | INFO     | src.agents.watcher_agent:_process_email:301 - Cuerpo guardado en info_mail_Juan_Perez.txt
2026-03-08 22:34:51.004 | INFO     | src.agents.watcher_agent:_process_email:312 - Adjuntos guardados para UID 70006: 2 archivo(s)
2026-03-08 22:34:51.005 | SUCCESS  | src.agents.watcher_agent:_process_email:323 - Procesado UID 70006: 2 adjunto(s) guardado(s) en /tmp/pytest-of-genghis/pytest-6/test_adjunto_con_extension_may0/Juan_Perez
2026-03-08 22:34:51.017 | INFO     | src.agents.watcher_agent:_process_email:233 -  Iniciando procesamiento para UID 80001
2026-03-08 22:34:51.021 | INFO     | src.agents.watcher_agent:_process_email:257 - UID=80001 Subject=''
2026-03-08 22:34:51.025 | INFO     | src.agents.watcher_agent:_process_email:294 - Nombre extraído para UID 80001: None
2026-03-08 22:34:51.026 | INFO     | src.agents.watcher_agent:_process_email:297 - Carpeta destino para UID 80001: /tmp/pytest-of-genghis/pytest-6/test_correo_sin_asunto0/Expediente_SinNombre_UID80001
2026-03-08 22:34:51.027 | INFO     | src.agents.watcher_agent:_process_email:301 - Cuerpo guardado en info_mail_UID80001.txt
2026-03-08 22:34:51.030 | INFO     | src.agents.watcher_agent:_process_email:312 - Adjuntos guardados para UID 80001: 1 archivo(s)
2026-03-08 22:34:51.031 | SUCCESS  | src.agents.watcher_agent:_process_email:323 - Procesado UID 80001: 1 adjunto(s) guardado(s) en /tmp/pytest-of-genghis/pytest-6/test_correo_sin_asunto0/Expediente_SinNombre_UID80001
2026-03-08 22:34:51.038 | INFO     | src.agents.watcher_agent:_process_email:233 -  Iniciando procesamiento para UID 80002
2026-03-08 22:34:51.041 | INFO     | src.agents.watcher_agent:_process_email:257 - UID=80002 Subject='Expediente Docente - María López'
2026-03-08 22:34:51.045 | INFO     | src.agents.watcher_agent:_process_email:294 - Nombre extraído para UID 80002: María López
2026-03-08 22:34:51.046 | INFO     | src.agents.watcher_agent:_process_email:297 - Carpeta destino para UID 80002: /tmp/pytest-of-genghis/pytest-6/test_correo_con_cuerpo_vacio0/Maria_Lopez
2026-03-08 22:34:51.047 | INFO     | src.agents.watcher_agent:_process_email:301 - Cuerpo guardado en info_mail_Maria_Lopez.txt
2026-03-08 22:34:51.049 | INFO     | src.agents.watcher_agent:_process_email:312 - Adjuntos guardados para UID 80002: 1 archivo(s)
2026-03-08 22:34:51.050 | SUCCESS  | src.agents.watcher_agent:_process_email:323 - Procesado UID 80002: 1 adjunto(s) guardado(s) en /tmp/pytest-of-genghis/pytest-6/test_correo_con_cuerpo_vacio0/Maria_Lopez
2026-03-08 22:34:51.056 | INFO     | src.agents.watcher_agent:_process_email:233 -  Iniciando procesamiento para UID 80003
2026-03-08 22:34:51.061 | INFO     | src.agents.watcher_agent:_process_email:257 - UID=80003 Subject='Consulta general'
2026-03-08 22:34:51.064 | INFO     | src.agents.watcher_agent:_process_email:294 - Nombre extraído para UID 80003: None
2026-03-08 22:34:51.065 | INFO     | src.agents.watcher_agent:_process_email:297 - Carpeta destino para UID 80003: /tmp/pytest-of-genghis/pytest-6/test_correo_html_only_sin_text0/Expediente_SinNombre_UID80003
2026-03-08 22:34:51.067 | INFO     | src.agents.watcher_agent:_process_email:301 - Cuerpo guardado en info_mail_UID80003.txt
2026-03-08 22:34:51.068 | INFO     | src.agents.watcher_agent:_process_email:312 - Adjuntos guardados para UID 80003: 1 archivo(s)
2026-03-08 22:34:51.069 | SUCCESS  | src.agents.watcher_agent:_process_email:323 - Procesado UID 80003: 1 adjunto(s) guardado(s) en /tmp/pytest-of-genghis/pytest-6/test_correo_html_only_sin_text0/Expediente_SinNombre_UID80003
2026-03-08 22:34:51.076 | INFO     | src.agents.watcher_agent:_process_email:233 -  Iniciando procesamiento para UID 80004
2026-03-08 22:34:51.080 | INFO     | src.agents.watcher_agent:_process_email:257 - UID=80004 Subject='Documentos adjuntos'
2026-03-08 22:34:51.082 | INFO     | src.agents.watcher_agent:_process_email:276 - UID 80004 descartado: ni el asunto ni el cuerpo contienen las palabras clave configuradas
2026-03-08 22:34:51.090 | INFO     | src.agents.watcher_agent:_process_email:233 -  Iniciando procesamiento para UID 80005
2026-03-08 22:34:51.094 | INFO     | src.agents.watcher_agent:_process_email:257 - UID=80005 Subject='CERTIFICADO DE NOTAS - Juan Pérez'
2026-03-08 22:34:51.098 | INFO     | src.agents.watcher_agent:_process_email:294 - Nombre extraído para UID 80005: Juan Pérez
2026-03-08 22:34:51.099 | INFO     | src.agents.watcher_agent:_process_email:297 - Carpeta destino para UID 80005: /tmp/pytest-of-genghis/pytest-6/test_keyword_case_insensitive_0/Juan_Perez
2026-03-08 22:34:51.101 | INFO     | src.agents.watcher_agent:_process_email:301 - Cuerpo guardado en info_mail_Juan_Perez.txt
2026-03-08 22:34:51.102 | INFO     | src.agents.watcher_agent:_process_email:312 - Adjuntos guardados para UID 80005: 1 archivo(s)
2026-03-08 22:34:51.103 | SUCCESS  | src.agents.watcher_agent:_process_email:323 - Procesado UID 80005: 1 adjunto(s) guardado(s) en /tmp/pytest-of-genghis/pytest-6/test_keyword_case_insensitive_0/Juan_Perez
2026-03-08 22:34:51.110 | INFO     | src.agents.watcher_agent:_process_email:233 -  Iniciando procesamiento para UID 80006
2026-03-08 22:34:51.114 | INFO     | src.agents.watcher_agent:_process_email:257 - UID=80006 Subject='Documentos - Ana Torres'
2026-03-08 22:34:51.119 | INFO     | src.agents.watcher_agent:_process_email:294 - Nombre extraído para UID 80006: Ana Torres
2026-03-08 22:34:51.120 | INFO     | src.agents.watcher_agent:_process_email:297 - Carpeta destino para UID 80006: /tmp/pytest-of-genghis/pytest-6/test_keyword_case_insensitive_1/Ana_Torres
2026-03-08 22:34:51.121 | INFO     | src.agents.watcher_agent:_process_email:301 - Cuerpo guardado en info_mail_Ana_Torres.txt
2026-03-08 22:34:51.123 | INFO     | src.agents.watcher_agent:_process_email:312 - Adjuntos guardados para UID 80006: 1 archivo(s)
2026-03-08 22:34:51.124 | SUCCESS  | src.agents.watcher_agent:_process_email:323 - Procesado UID 80006: 1 adjunto(s) guardado(s) en /tmp/pytest-of-genghis/pytest-6/test_keyword_case_insensitive_1/Ana_Torres
2026-03-08 22:34:51.128 | INFO     | src.agents.watcher_agent:run:64 - Watcher Agent iniciado
2026-03-08 22:34:51.129 | INFO     | src.agents.watcher_agent:run:78 -  Ciclo #1 de monitoreo iniciado
2026-03-08 22:34:51.129 | WARNING  | src.agents.watcher_agent:run:81 - No se pudo establecer conexión IMAP en el ciclo #1. Se reintentará en 60 segundos...
2026-03-08 22:34:51.130 | INFO     | src.agents.watcher_agent:run:104 - Watcher Agent detenido por el usuario (KeyboardInterrupt)
